2026-06-14T12:57:07.1481702+00:00 ContainerStatus: State: Starting, Action: EstablishingSiteNetworks, LastError: , LastErrorTimestamp: 01/01/0001 00:00:00, LastErrorDetails: , Details: , DetailsLevel: INFO
2026-06-14T12:57:08.3299966+00:00 ContainerStatus: State: Starting, Action: StartingSiteContainers, LastError: , LastErrorTimestamp: 01/01/0001 00:00:00, LastErrorDetails: , Details: , DetailsLevel: INFO
2026-06-14T12:57:08.3320730+00:00 ContainerStatus: Container start method called.
2026-06-14T12:57:08.3368482+00:00 ContainerStatus: State: Starting, Action: PullingImage, LastError: , LastErrorTimestamp: 01/01/0001 00:00:00, LastErrorDetails: , Details: Pulling image mcr.microsoft.com/azure-functions/bookworm/linuxdedicated:4.1048.200-4-python3.12-appservice for insyt-apc-worker-prod-v2., DetailsLevel: INFO
2026-06-14T12:57:08.3371702+00:00 ContainerStatus: Establishing network.
2026-06-14T12:57:08.3373164+00:00 ContainerStatus: Pulling image: azure-functions/bookworm/linuxdedicated:4.1048.200-4-python3.12-appservice.
2026-06-14T12:57:31.6268551+00:00 ContainerStatus: Image azure-functions/bookworm/linuxdedicated:4.1048.200-4-python3.12-appservice is pulled from registry mcr.microsoft.com
2026-06-14T12:57:31.6377637+00:00 ContainerStatus: Container is starting.
2026-06-14T12:57:31.6383780+00:00 ContainerStatus: State: Starting, Action: MountingVolumes, LastError: , LastErrorTimestamp: 01/01/0001 00:00:00, LastErrorDetails: , Details: Mounting volumes for insyt-apc-worker-prod-v2., DetailsLevel: INFO
2026-06-14T12:57:31.6387282+00:00 ContainerStatus: Establishing user namespace if not established already.
2026-06-14T12:57:31.6391077+00:00 ContainerStatus: Establishing network if not established already.
2026-06-14T12:57:31.6393393+00:00 ContainerStatus: Mounting volumes.
2026-06-14T12:57:31.6422583+00:00 ContainerStatus: Nested mountpoint 
2026-06-14T12:57:31.7272273+00:00 ContainerStatus: Nested mountpoint volatile/logs
2026-06-14T12:57:31.7353439+00:00 ContainerStatus: Nested mountpoint 
2026-06-14T12:57:31.7419329+00:00 ContainerStatus: Nested mountpoint 
2026-06-14T12:57:31.7713227+00:00 ContainerStatus: Nested mountpoint 
2026-06-14T12:57:31.7748648+00:00 ContainerStatus: Nested mountpoint 
2026-06-14T12:57:31.7766554+00:00 ContainerStatus: State: Starting, Action: CreatingContainer, LastError: , LastErrorTimestamp: 01/01/0001 00:00:00, LastErrorDetails: , Details: Finished pulling container image and mounting volumes for insyt-apc-worker-prod-v2. Allocatinng the rest of the container resources to finish container creation., DetailsLevel: INFO
2026-06-14T12:57:31.7773239+00:00 ContainerStatus: Creating container.
2026-06-14T12:57:31.7782131+00:00 ContainerStatus: Creating pipes for streaming container io.
2026-06-14T12:57:31.7793802+00:00 ContainerStatus: Creating stdout named pipe at /podr/container/pipe/0db5202ce1b8_insyt-apc-worker-prod-v2/stdout_de5eb8fb27b84af3be2c097774a2afc6.
2026-06-14T12:57:31.7798575+00:00 ContainerStatus: Successfully created stdout named pipe at: /podr/container/pipe/0db5202ce1b8_insyt-apc-worker-prod-v2/stdout_de5eb8fb27b84af3be2c097774a2afc6.
2026-06-14T12:57:31.7804231+00:00 ContainerStatus: Opening named pipe /podr/container/pipe/0db5202ce1b8_insyt-apc-worker-prod-v2/stdout_de5eb8fb27b84af3be2c097774a2afc6 for reading in non-blocking mode.
2026-06-14T12:57:31.7805842+00:00 ContainerStatus: Successfully opened named pipe: /podr/container/pipe/0db5202ce1b8_insyt-apc-worker-prod-v2/stdout_de5eb8fb27b84af3be2c097774a2afc6.
2026-06-14T12:57:31.7823805+00:00 ContainerStatus: Successfully removed non-blocking flag from /podr/container/pipe/0db5202ce1b8_insyt-apc-worker-prod-v2/stdout_de5eb8fb27b84af3be2c097774a2afc6.
2026-06-14T12:57:31.7838160+00:00 ContainerStatus: Creating stderr named pipe at /podr/container/pipe/0db5202ce1b8_insyt-apc-worker-prod-v2/stderr_bf62a86569e9419783b821c505081676.
2026-06-14T12:57:31.7843889+00:00 ContainerStatus: Successfully created stderr named pipe at: /podr/container/pipe/0db5202ce1b8_insyt-apc-worker-prod-v2/stderr_bf62a86569e9419783b821c505081676.
2026-06-14T12:57:31.7845962+00:00 ContainerStatus: Opening named pipe /podr/container/pipe/0db5202ce1b8_insyt-apc-worker-prod-v2/stderr_bf62a86569e9419783b821c505081676 for reading in non-blocking mode.
2026-06-14T12:57:31.7848767+00:00 ContainerStatus: Successfully opened named pipe: /podr/container/pipe/0db5202ce1b8_insyt-apc-worker-prod-v2/stderr_bf62a86569e9419783b821c505081676.
2026-06-14T12:57:31.7850118+00:00 ContainerStatus: Successfully removed non-blocking flag from /podr/container/pipe/0db5202ce1b8_insyt-apc-worker-prod-v2/stderr_bf62a86569e9419783b821c505081676.
2026-06-14T12:57:31.7866133+00:00 ContainerStatus: Creating container with image: azure-functions/bookworm/linuxdedicated:4.1048.200-4-python3.12-appservice from registry: mcr.microsoft.com and fully qualified image name: mcr.microsoft.com/azure-functions/bookworm/linuxdedicated:4.1048.200-4-python3.12-appservice
2026-06-14T12:57:32.4636021+00:00 ContainerStatus: Starting container: 0db5202ce1b8_insyt-apc-worker-prod-v2.
2026-06-14T12:57:32.5224594+00:00 ContainerStatus: Starting watchers and probes.
2026-06-14T12:57:32.5359391+00:00 ContainerStream: WEBSITES_INCLUDE_CLOUD_CERTS is not set to true.
2026-06-14T12:57:32.5371856+00:00 ContainerStatus: Starting metrics collection.
2026-06-14T12:57:32.5413634+00:00 ContainerStatus: Container is running.
2026-06-14T12:57:32.5414362+00:00 ContainerStatus: State: Starting, Action: CreatingContainer, LastError: , LastErrorTimestamp: 01/01/0001 00:00:00, LastErrorDetails: , Details: Container insyt-apc-worker-prod-v2 successfully created and is running., DetailsLevel: INFO
2026-06-14T12:57:32.6997962+00:00 ContainerStream: Starting OpenBSD Secure Shell server: sshd.
2026-06-14T12:57:32.8293778+00:00 ContainerStatus: Container start method finished after 24496 ms.
2026-06-14T12:57:32.9961474+00:00 ContainerStatus: State: Starting, Action: InitiatingSiteWarmUpProbe, LastError: , LastErrorTimestamp: 01/01/0001 00:00:00, LastErrorDetails: , Details: Container insyt-apc-worker-prod-v2 successfully created and is running., DetailsLevel: INFO
2026-06-14T12:57:33.0009213+00:00 ContainerStatus: State: Starting, Action: WaitingForSiteWarmUpProbeSuccess, LastError: , LastErrorTimestamp: 01/01/0001 00:00:00, LastErrorDetails: , Details: Pinging warmup path to ensure container is ready to receive requests., DetailsLevel: INFO
2026-06-14T12:57:40.3167664+00:00 ContainerStream: Hosting environment: Production
2026-06-14T12:57:40.3168242+00:00 ContainerStream: Content root path: /azure-functions-host
2026-06-14T12:57:40.3168298+00:00 ContainerStream: Now listening on: http://[::]:80
2026-06-14T12:57:40.3168338+00:00 ContainerStream: Application started. Press Ctrl+C to shut down.
2026-06-14T12:57:41.1361291+00:00 ContainerStatus: Site startup probe succeeded after 8.1162576 seconds.
2026-06-14T12:57:41.2920302+00:00 ContainerStatus: State: Starting, Action: WarmUpProbeSucceeded, LastError: , LastErrorTimestamp: 01/01/0001 00:00:00, LastErrorDetails: , Details: Site startup probe succeeded after 8.1162576 seconds., DetailsLevel: INFO
2026-06-14T12:57:41.4615252+00:00 ContainerStatus: Site started.
2026-06-14T12:57:41.4616557+00:00 ContainerStatus: State: Started, Action: None, LastError: , LastErrorTimestamp: 01/01/0001 00:00:00, LastErrorDetails: , Details: Site started at 06/14/2026 12:57:41 (UTC), DetailsLevel: INFO
========== New Cold Start Attempt (2026-06-14T12:58:22.3716801+00:00) ==========
2026-06-14T12:58:22.3716801+00:00 ContainerStatus: State: Stopping, Action: StoppingSite, LastError: , LastErrorTimestamp: 01/01/0001 00:00:00, LastErrorDetails: , Details: Site started at 06/14/2026 12:57:41 (UTC), DetailsLevel: INFO
2026-06-14T12:58:22.3732726+00:00 ContainerStatus: State: Stopping, Action: StoppingSiteContainers, LastError: , LastErrorTimestamp: 01/01/0001 00:00:00, LastErrorDetails: , Details: Site started at 06/14/2026 12:57:41 (UTC), DetailsLevel: INFO
2026-06-14T12:58:22.3737147+00:00 ContainerStatus: Container is terminating. Grace period: 5 seconds.
2026-06-14T12:58:22.3767853+00:00 ContainerStatus: Stop and delete container. Retry count = 0
2026-06-14T12:58:22.3769131+00:00 ContainerStatus: Stopping container: 0db5202ce1b8_insyt-apc-worker-prod-v2.
2026-06-14T12:58:27.4577707+00:00 ContainerStatus: Deleting container: 0db5202ce1b8_insyt-apc-worker-prod-v2. Retry count = 0
2026-06-14T12:58:27.5258825+00:00 ContainerStatus: Container spec TerminationMessagePolicy  path 
2026-06-14T12:58:27.5260340+00:00 ContainerStatus: Container is terminated. Total time elapsed: 5152 ms.
2026-06-14T12:58:27.5261491+00:00 ContainerStatus: Site: insyt-apc-worker-prod-v2 stopped.
2026-06-14T12:58:48.6056332+00:00 ContainerStatus: State: Starting, Action: EstablishingSiteNetworks, LastError: ContainerTimeout, LastErrorTimestamp: 06/14/2026 12:57:54, LastErrorDetails: Container did not start within expected time limit of 230s. Please inspect your container logs for more details., Details: Site stopped at 06/14/2026 12:58:00 (UTC), DetailsLevel: ERR
2026-06-14T12:58:49.0252719+00:00 ContainerStatus: State: Starting, Action: StartingMsiContainer, LastError: ContainerTimeout, LastErrorTimestamp: 06/14/2026 12:57:54, LastErrorDetails: Container did not start within expected time limit of 230s. Please inspect your container logs for more details., Details: Site stopped at 06/14/2026 12:58:00 (UTC), DetailsLevel: ERR
2026-06-14T12:59:21.5538657+00:00 ContainerStatus: State: Starting, Action: StartingSiteContainers, LastError: ContainerTimeout, LastErrorTimestamp: 06/14/2026 12:57:54, LastErrorDetails: Container did not start within expected time limit of 230s. Please inspect your container logs for more details., Details: Site stopped at 06/14/2026 12:58:00 (UTC), DetailsLevel: ERR
2026-06-14T12:59:21.5540067+00:00 ContainerStatus: Container start method called.
2026-06-14T12:59:21.5541658+00:00 ContainerStatus: State: Starting, Action: PullingImage, LastError: ContainerTimeout, LastErrorTimestamp: 06/14/2026 12:57:54, LastErrorDetails: Container did not start within expected time limit of 230s. Please inspect your container logs for more details., Details: Pulling image mcr.microsoft.com/azure-functions/bookworm/linuxdedicated:4.1048.200-4-python3.12-appservice for insyt-apc-worker-prod-v2., DetailsLevel: INFO
2026-06-14T12:59:21.5543707+00:00 ContainerStatus: Establishing network.
2026-06-14T12:59:21.5545029+00:00 ContainerStatus: Pulling image: azure-functions/bookworm/linuxdedicated:4.1048.200-4-python3.12-appservice.
2026-06-14T12:59:21.6932516+00:00 ContainerStatus: Container is starting.
2026-06-14T12:59:21.6933297+00:00 ContainerStatus: State: Starting, Action: MountingVolumes, LastError: ContainerTimeout, LastErrorTimestamp: 06/14/2026 12:57:54, LastErrorDetails: Container did not start within expected time limit of 230s. Please inspect your container logs for more details., Details: Mounting volumes for insyt-apc-worker-prod-v2., DetailsLevel: INFO
2026-06-14T12:59:21.6934795+00:00 ContainerStatus: Establishing user namespace if not established already.
2026-06-14T12:59:21.6935918+00:00 ContainerStatus: Establishing network if not established already.
2026-06-14T12:59:21.6937216+00:00 ContainerStatus: Mounting volumes.
2026-06-14T12:59:21.6939296+00:00 ContainerStatus: Nested mountpoint 
2026-06-14T12:59:21.7464058+00:00 ContainerStatus: Nested mountpoint volatile/logs
2026-06-14T12:59:21.7499624+00:00 ContainerStatus: Nested mountpoint 
2026-06-14T12:59:21.7506021+00:00 ContainerStatus: Nested mountpoint 
2026-06-14T12:59:21.7521552+00:00 ContainerStatus: Nested mountpoint 
2026-06-14T12:59:21.7627092+00:00 ContainerStatus: Nested mountpoint 
2026-06-14T12:59:21.7670629+00:00 ContainerStatus: State: Starting, Action: CreatingContainer, LastError: ContainerTimeout, LastErrorTimestamp: 06/14/2026 12:57:54, LastErrorDetails: Container did not start within expected time limit of 230s. Please inspect your container logs for more details., Details: Finished pulling container image and mounting volumes for insyt-apc-worker-prod-v2. Allocatinng the rest of the container resources to finish container creation., DetailsLevel: INFO
2026-06-14T12:59:21.7673608+00:00 ContainerStatus: Creating container.
2026-06-14T12:59:21.7681222+00:00 ContainerStatus: Creating pipes for streaming container io.
2026-06-14T12:59:21.7685136+00:00 ContainerStatus: Creating stdout named pipe at /podr/container/pipe/35022f1061e8_insyt-apc-worker-prod-v2/stdout_ac4331d993114eb087b31141a4d1149a.
2026-06-14T12:59:21.7688757+00:00 ContainerStatus: Successfully created stdout named pipe at: /podr/container/pipe/35022f1061e8_insyt-apc-worker-prod-v2/stdout_ac4331d993114eb087b31141a4d1149a.
2026-06-14T12:59:21.7699329+00:00 ContainerStatus: Opening named pipe /podr/container/pipe/35022f1061e8_insyt-apc-worker-prod-v2/stdout_ac4331d993114eb087b31141a4d1149a for reading in non-blocking mode.
2026-06-14T12:59:21.7704446+00:00 ContainerStatus: Successfully opened named pipe: /podr/container/pipe/35022f1061e8_insyt-apc-worker-prod-v2/stdout_ac4331d993114eb087b31141a4d1149a.
2026-06-14T12:59:21.7707793+00:00 ContainerStatus: Successfully removed non-blocking flag from /podr/container/pipe/35022f1061e8_insyt-apc-worker-prod-v2/stdout_ac4331d993114eb087b31141a4d1149a.
2026-06-14T12:59:21.7711509+00:00 ContainerStatus: Creating stderr named pipe at /podr/container/pipe/35022f1061e8_insyt-apc-worker-prod-v2/stderr_4d12afb68e2d47598e3c760350110636.
2026-06-14T12:59:21.7713762+00:00 ContainerStatus: Successfully created stderr named pipe at: /podr/container/pipe/35022f1061e8_insyt-apc-worker-prod-v2/stderr_4d12afb68e2d47598e3c760350110636.
2026-06-14T12:59:21.7720492+00:00 ContainerStatus: Opening named pipe /podr/container/pipe/35022f1061e8_insyt-apc-worker-prod-v2/stderr_4d12afb68e2d47598e3c760350110636 for reading in non-blocking mode.
2026-06-14T12:59:21.7727407+00:00 ContainerStatus: Successfully opened named pipe: /podr/container/pipe/35022f1061e8_insyt-apc-worker-prod-v2/stderr_4d12afb68e2d47598e3c760350110636.
2026-06-14T12:59:21.7730695+00:00 ContainerStatus: Successfully removed non-blocking flag from /podr/container/pipe/35022f1061e8_insyt-apc-worker-prod-v2/stderr_4d12afb68e2d47598e3c760350110636.
2026-06-14T12:59:21.7746683+00:00 ContainerStatus: Creating container with image: azure-functions/bookworm/linuxdedicated:4.1048.200-4-python3.12-appservice from registry: mcr.microsoft.com and fully qualified image name: mcr.microsoft.com/azure-functions/bookworm/linuxdedicated:4.1048.200-4-python3.12-appservice
2026-06-14T12:59:21.9713002+00:00 ContainerStatus: Starting container: 35022f1061e8_insyt-apc-worker-prod-v2.
2026-06-14T12:59:21.9866760+00:00 ContainerStatus: Starting watchers and probes.
2026-06-14T12:59:21.9869052+00:00 ContainerStatus: Starting metrics collection.
2026-06-14T12:59:21.9870657+00:00 ContainerStatus: Container is running.
2026-06-14T12:59:21.9871336+00:00 ContainerStatus: State: Starting, Action: CreatingContainer, LastError: ContainerTimeout, LastErrorTimestamp: 06/14/2026 12:57:54, LastErrorDetails: Container did not start within expected time limit of 230s. Please inspect your container logs for more details., Details: Container insyt-apc-worker-prod-v2 successfully created and is running., DetailsLevel: INFO
2026-06-14T12:59:22.0003490+00:00 ContainerStream: WEBSITES_INCLUDE_CLOUD_CERTS is not set to true.
2026-06-14T12:59:22.0624822+00:00 ContainerStatus: Container start method finished after 508 ms.
2026-06-14T12:59:22.0626618+00:00 ContainerStatus: State: Starting, Action: InitiatingSiteWarmUpProbe, LastError: ContainerTimeout, LastErrorTimestamp: 06/14/2026 12:57:54, LastErrorDetails: Container did not start within expected time limit of 230s. Please inspect your container logs for more details., Details: Container insyt-apc-worker-prod-v2 successfully created and is running., DetailsLevel: INFO
2026-06-14T12:59:22.0626983+00:00 ContainerStatus: State: Starting, Action: WaitingForSiteWarmUpProbeSuccess, LastError: ContainerTimeout, LastErrorTimestamp: 06/14/2026 12:57:54, LastErrorDetails: Container did not start within expected time limit of 230s. Please inspect your container logs for more details., Details: Pinging warmup path to ensure container is ready to receive requests., DetailsLevel: INFO
2026-06-14T12:59:22.0990987+00:00 ContainerStream: Starting OpenBSD Secure Shell server: sshd.
2026-06-14T12:59:27.8177459+00:00 ContainerStream: Hosting environment: Production
2026-06-14T12:59:27.8178008+00:00 ContainerStream: Content root path: /azure-functions-host
2026-06-14T12:59:27.8178068+00:00 ContainerStream: Now listening on: http://[::]:80
2026-06-14T12:59:27.8178115+00:00 ContainerStream: Application started. Press Ctrl+C to shut down.
2026-06-14T12:59:28.1680090+00:00 ContainerStatus: Site startup probe succeeded after 6.1049466 seconds.
2026-06-14T12:59:28.2825577+00:00 ContainerStatus: State: Starting, Action: WarmUpProbeSucceeded, LastError: ContainerTimeout, LastErrorTimestamp: 06/14/2026 12:57:54, LastErrorDetails: Container did not start within expected time limit of 230s. Please inspect your container logs for more details., Details: Site startup probe succeeded after 6.1049466 seconds., DetailsLevel: INFO
2026-06-14T12:59:28.3685062+00:00 ContainerStatus: Site started.
2026-06-14T12:59:28.3686035+00:00 ContainerStatus: State: Started, Action: None, LastError: ContainerTimeout, LastErrorTimestamp: 06/14/2026 12:57:54, LastErrorDetails: Container did not start within expected time limit of 230s. Please inspect your container logs for more details., Details: Site started at 06/14/2026 12:59:28 (UTC), DetailsLevel: INFO
========== New Cold Start Attempt (2026-06-14T13:01:00.0932273+00:00) ==========
2026-06-14T13:01:00.0932273+00:00 ContainerStatus: Site container: insyt-apc-worker-prod-v2_managedIdentity terminated. Stopping the entire site.
2026-06-14T13:01:00.0934996+00:00 ContainerStatus: State: Stopping, Action: StoppingSite, LastError: SiteStartupCancelled, LastErrorTimestamp: 06/14/2026 13:00:58, LastErrorDetails: , Details: , DetailsLevel: WARN
2026-06-14T13:01:00.0936786+00:00 ContainerStatus: State: Stopping, Action: StoppingSiteContainers, LastError: SiteStartupCancelled, LastErrorTimestamp: 06/14/2026 13:00:58, LastErrorDetails: , Details: , DetailsLevel: WARN
2026-06-14T13:01:00.0936937+00:00 ContainerStatus: Site: insyt-apc-worker-prod-v2 stopped.
2026-06-14T13:01:01.1317799+00:00 ContainerStatus: State: Starting, Action: EstablishingSiteNetworks, LastError: , LastErrorTimestamp: 01/01/0001 00:00:00, LastErrorDetails: , Details: , DetailsLevel: INFO
2026-06-14T13:01:01.7037969+00:00 ContainerStatus: State: Starting, Action: StartingMsiContainer, LastError: , LastErrorTimestamp: 01/01/0001 00:00:00, LastErrorDetails: , Details: , DetailsLevel: INFO
2026-06-14T13:01:34.3252193+00:00 ContainerStatus: State: Starting, Action: StartingSiteContainers, LastError: , LastErrorTimestamp: 01/01/0001 00:00:00, LastErrorDetails: , Details: , DetailsLevel: INFO
2026-06-14T13:01:34.3255434+00:00 ContainerStatus: Container start method called.
2026-06-14T13:01:34.3256003+00:00 ContainerStatus: State: Starting, Action: PullingImage, LastError: , LastErrorTimestamp: 01/01/0001 00:00:00, LastErrorDetails: , Details: Pulling image mcr.microsoft.com/azure-functions/bookworm/linuxdedicated:4.1048.200-4-python3.12-appservice for insyt-apc-worker-prod-v2., DetailsLevel: INFO
2026-06-14T13:01:34.3257241+00:00 ContainerStatus: Establishing network.
2026-06-14T13:01:34.3274950+00:00 ContainerStatus: Pulling image: azure-functions/bookworm/linuxdedicated:4.1048.200-4-python3.12-appservice.
2026-06-14T13:01:34.4940788+00:00 ContainerStatus: Container is starting.
2026-06-14T13:01:34.4941757+00:00 ContainerStatus: State: Starting, Action: MountingVolumes, LastError: , LastErrorTimestamp: 01/01/0001 00:00:00, LastErrorDetails: , Details: Mounting volumes for insyt-apc-worker-prod-v2., DetailsLevel: INFO
2026-06-14T13:01:34.4942966+00:00 ContainerStatus: Establishing user namespace if not established already.
2026-06-14T13:01:34.4944315+00:00 ContainerStatus: Establishing network if not established already.
2026-06-14T13:01:34.4945741+00:00 ContainerStatus: Mounting volumes.
2026-06-14T13:01:34.4947467+00:00 ContainerStatus: Nested mountpoint 
2026-06-14T13:01:34.5293578+00:00 ContainerStatus: Nested mountpoint volatile/logs
2026-06-14T13:01:34.5309612+00:00 ContainerStatus: Nested mountpoint 
2026-06-14T13:01:34.5316516+00:00 ContainerStatus: Nested mountpoint 
2026-06-14T13:01:34.5396918+00:00 ContainerStatus: Nested mountpoint 
2026-06-14T13:01:34.5448941+00:00 ContainerStatus: Nested mountpoint 
2026-06-14T13:01:34.5513069+00:00 ContainerStatus: State: Starting, Action: CreatingContainer, LastError: , LastErrorTimestamp: 01/01/0001 00:00:00, LastErrorDetails: , Details: Finished pulling container image and mounting volumes for insyt-apc-worker-prod-v2. Allocatinng the rest of the container resources to finish container creation., DetailsLevel: INFO
2026-06-14T13:01:34.5516732+00:00 ContainerStatus: Creating container.
2026-06-14T13:01:34.5520194+00:00 ContainerStatus: Creating pipes for streaming container io.
2026-06-14T13:01:34.5525553+00:00 ContainerStatus: Creating stdout named pipe at /podr/container/pipe/e6ecf9ed170f_insyt-apc-worker-prod-v2/stdout_82e8b401ac8047e988209a68f7b0d61c.
2026-06-14T13:01:34.5530445+00:00 ContainerStatus: Successfully created stdout named pipe at: /podr/container/pipe/e6ecf9ed170f_insyt-apc-worker-prod-v2/stdout_82e8b401ac8047e988209a68f7b0d61c.
2026-06-14T13:01:34.5531590+00:00 ContainerStatus: Opening named pipe /podr/container/pipe/e6ecf9ed170f_insyt-apc-worker-prod-v2/stdout_82e8b401ac8047e988209a68f7b0d61c for reading in non-blocking mode.
2026-06-14T13:01:34.5532952+00:00 ContainerStatus: Successfully opened named pipe: /podr/container/pipe/e6ecf9ed170f_insyt-apc-worker-prod-v2/stdout_82e8b401ac8047e988209a68f7b0d61c.
2026-06-14T13:01:34.5533972+00:00 ContainerStatus: Successfully removed non-blocking flag from /podr/container/pipe/e6ecf9ed170f_insyt-apc-worker-prod-v2/stdout_82e8b401ac8047e988209a68f7b0d61c.
2026-06-14T13:01:34.5540115+00:00 ContainerStatus: Creating stderr named pipe at /podr/container/pipe/e6ecf9ed170f_insyt-apc-worker-prod-v2/stderr_87f36510173a4b4a8717ab1f29f4d0a1.
2026-06-14T13:01:34.5550339+00:00 ContainerStatus: Successfully created stderr named pipe at: /podr/container/pipe/e6ecf9ed170f_insyt-apc-worker-prod-v2/stderr_87f36510173a4b4a8717ab1f29f4d0a1.
2026-06-14T13:01:34.5553141+00:00 ContainerStatus: Opening named pipe /podr/container/pipe/e6ecf9ed170f_insyt-apc-worker-prod-v2/stderr_87f36510173a4b4a8717ab1f29f4d0a1 for reading in non-blocking mode.
2026-06-14T13:01:34.5559096+00:00 ContainerStatus: Successfully opened named pipe: /podr/container/pipe/e6ecf9ed170f_insyt-apc-worker-prod-v2/stderr_87f36510173a4b4a8717ab1f29f4d0a1.
2026-06-14T13:01:34.5563291+00:00 ContainerStatus: Successfully removed non-blocking flag from /podr/container/pipe/e6ecf9ed170f_insyt-apc-worker-prod-v2/stderr_87f36510173a4b4a8717ab1f29f4d0a1.
2026-06-14T13:01:34.5624850+00:00 ContainerStatus: Creating container with image: azure-functions/bookworm/linuxdedicated:4.1048.200-4-python3.12-appservice from registry: mcr.microsoft.com and fully qualified image name: mcr.microsoft.com/azure-functions/bookworm/linuxdedicated:4.1048.200-4-python3.12-appservice
2026-06-14T13:01:34.7587625+00:00 ContainerStatus: Starting container: e6ecf9ed170f_insyt-apc-worker-prod-v2.
2026-06-14T13:01:34.7743002+00:00 ContainerStatus: Starting watchers and probes.
2026-06-14T13:01:34.7745313+00:00 ContainerStatus: Starting metrics collection.
2026-06-14T13:01:34.7746970+00:00 ContainerStatus: Container is running.
2026-06-14T13:01:34.7747725+00:00 ContainerStatus: State: Starting, Action: CreatingContainer, LastError: , LastErrorTimestamp: 01/01/0001 00:00:00, LastErrorDetails: , Details: Container insyt-apc-worker-prod-v2 successfully created and is running., DetailsLevel: INFO
2026-06-14T13:01:34.7846945+00:00 ContainerStream: WEBSITES_INCLUDE_CLOUD_CERTS is not set to true.
2026-06-14T13:01:34.8250836+00:00 ContainerStatus: Container start method finished after 494 ms.
2026-06-14T13:01:34.8266054+00:00 ContainerStatus: State: Starting, Action: InitiatingSiteWarmUpProbe, LastError: , LastErrorTimestamp: 01/01/0001 00:00:00, LastErrorDetails: , Details: Container insyt-apc-worker-prod-v2 successfully created and is running., DetailsLevel: INFO
2026-06-14T13:01:34.8268553+00:00 ContainerStatus: State: Starting, Action: WaitingForSiteWarmUpProbeSuccess, LastError: , LastErrorTimestamp: 01/01/0001 00:00:00, LastErrorDetails: , Details: Pinging warmup path to ensure container is ready to receive requests., DetailsLevel: INFO
2026-06-14T13:01:34.8962696+00:00 ContainerStream: Starting OpenBSD Secure Shell server: sshd.
2026-06-14T13:01:41.0961606+00:00 ContainerStream: Hosting environment: Production
2026-06-14T13:01:41.0962051+00:00 ContainerStream: Content root path: /azure-functions-host
2026-06-14T13:01:41.0962105+00:00 ContainerStream: Now listening on: http://[::]:80
2026-06-14T13:01:41.0962140+00:00 ContainerStream: Application started. Press Ctrl+C to shut down.
2026-06-14T13:01:41.9373334+00:00 ContainerStatus: Site startup probe succeeded after 7.1100866 seconds.
2026-06-14T13:01:42.0641625+00:00 ContainerStatus: State: Starting, Action: WarmUpProbeSucceeded, LastError: , LastErrorTimestamp: 01/01/0001 00:00:00, LastErrorDetails: , Details: Site startup probe succeeded after 7.1100866 seconds., DetailsLevel: INFO
2026-06-14T13:01:42.4807462+00:00 ContainerStatus: Site is running with deployment version: 
2026-06-14T13:01:42.4809828+00:00 ContainerStatus: Site started.
2026-06-14T13:01:42.4810723+00:00 ContainerStatus: State: Started, Action: None, LastError: , LastErrorTimestamp: 01/01/0001 00:00:00, LastErrorDetails: , Details: Site started at 06/14/2026 13:01:42 (UTC), DetailsLevel: INFO
========== New Cold Start Attempt (2026-06-14T13:02:03.8782779+00:00) ==========
2026-06-14T13:02:03.8782779+00:00 ContainerStatus: State: Stopping, Action: StoppingSite, LastError: ContainerTimeout, LastErrorTimestamp: 06/14/2026 12:57:54, LastErrorDetails: Container did not start within expected time limit of 230s. Please inspect your container logs for more details., Details: Site started at 06/14/2026 12:59:28 (UTC), DetailsLevel: INFO
2026-06-14T13:02:03.8785338+00:00 ContainerStatus: State: Stopping, Action: StoppingSiteContainers, LastError: ContainerTimeout, LastErrorTimestamp: 06/14/2026 12:57:54, LastErrorDetails: Container did not start within expected time limit of 230s. Please inspect your container logs for more details., Details: Site started at 06/14/2026 12:59:28 (UTC), DetailsLevel: INFO
2026-06-14T13:02:03.8786510+00:00 ContainerStatus: Container is terminating. Grace period: 5 seconds.
2026-06-14T13:02:03.8852242+00:00 ContainerStatus: Stop and delete container. Retry count = 0
2026-06-14T13:02:03.8853415+00:00 ContainerStatus: Stopping container: 35022f1061e8_insyt-apc-worker-prod-v2.
2026-06-14T13:02:08.9901549+00:00 ContainerStatus: Deleting container: 35022f1061e8_insyt-apc-worker-prod-v2. Retry count = 0
2026-06-14T13:02:09.1481902+00:00 ContainerStatus: Container spec TerminationMessagePolicy  path 
2026-06-14T13:02:09.1490531+00:00 ContainerStatus: Container is terminated. Total time elapsed: 5269 ms.
2026-06-14T13:02:09.3331603+00:00 ContainerStatus: Site: insyt-apc-worker-prod-v2 stopped.
2026-06-14T13:04:25.8352636+00:00 ContainerStatus: State: Starting, Action: EstablishingSiteNetworks, LastError: , LastErrorTimestamp: 01/01/0001 00:00:00, LastErrorDetails: , Details: , DetailsLevel: INFO
2026-06-14T13:04:26.1879374+00:00 ContainerStatus: State: Starting, Action: StartingMsiContainer, LastError: , LastErrorTimestamp: 01/01/0001 00:00:00, LastErrorDetails: , Details: , DetailsLevel: INFO
2026-06-14T13:04:59.2438145+00:00 ContainerStatus: State: Starting, Action: StartingSiteContainers, LastError: , LastErrorTimestamp: 01/01/0001 00:00:00, LastErrorDetails: , Details: , DetailsLevel: INFO
2026-06-14T13:04:59.2439749+00:00 ContainerStatus: Container start method called.
2026-06-14T13:04:59.2440238+00:00 ContainerStatus: State: Starting, Action: PullingImage, LastError: , LastErrorTimestamp: 01/01/0001 00:00:00, LastErrorDetails: , Details: Pulling image mcr.microsoft.com/azure-functions/bookworm/linuxdedicated:4.1048.200-4-python3.12-appservice for insyt-apc-worker-prod-v2., DetailsLevel: INFO
2026-06-14T13:04:59.2441347+00:00 ContainerStatus: Establishing network.
2026-06-14T13:04:59.2442571+00:00 ContainerStatus: Pulling image: azure-functions/bookworm/linuxdedicated:4.1048.200-4-python3.12-appservice.
2026-06-14T13:04:59.4043741+00:00 ContainerStatus: Container is starting.
2026-06-14T13:04:59.4044417+00:00 ContainerStatus: State: Starting, Action: MountingVolumes, LastError: , LastErrorTimestamp: 01/01/0001 00:00:00, LastErrorDetails: , Details: Mounting volumes for insyt-apc-worker-prod-v2., DetailsLevel: INFO
2026-06-14T13:04:59.4045613+00:00 ContainerStatus: Establishing user namespace if not established already.
2026-06-14T13:04:59.4062715+00:00 ContainerStatus: Establishing network if not established already.
2026-06-14T13:04:59.4064195+00:00 ContainerStatus: Mounting volumes.
2026-06-14T13:04:59.4067889+00:00 ContainerStatus: Nested mountpoint site/wwwroot
2026-06-14T13:04:59.4582771+00:00 ContainerStatus: Nested mountpoint volatile/logs
2026-06-14T13:04:59.4617949+00:00 ContainerStatus: Nested mountpoint 
2026-06-14T13:04:59.4964243+00:00 ContainerStatus: Nested mountpoint 
2026-06-14T13:04:59.5008805+00:00 ContainerStatus: Nested mountpoint 
2026-06-14T13:04:59.5124826+00:00 ContainerStatus: Nested mountpoint 
2026-06-14T13:04:59.5414645+00:00 ContainerStatus: Nested mountpoint 
2026-06-14T13:05:02.4489854+00:00 ContainerStatus: State: Starting, Action: CreatingContainer, LastError: , LastErrorTimestamp: 01/01/0001 00:00:00, LastErrorDetails: , Details: Finished pulling container image and mounting volumes for insyt-apc-worker-prod-v2. Allocatinng the rest of the container resources to finish container creation., DetailsLevel: INFO
2026-06-14T13:05:02.4491258+00:00 ContainerStatus: Creating container.
2026-06-14T13:05:02.4492279+00:00 ContainerStatus: Creating pipes for streaming container io.
2026-06-14T13:05:02.4493347+00:00 ContainerStatus: Creating stdout named pipe at /podr/container/pipe/d53df4f84365_insyt-apc-worker-prod-v2/stdout_e496f91f87ad4273bfe836e9f16dfed3.
2026-06-14T13:05:02.4495288+00:00 ContainerStatus: Successfully created stdout named pipe at: /podr/container/pipe/d53df4f84365_insyt-apc-worker-prod-v2/stdout_e496f91f87ad4273bfe836e9f16dfed3.
2026-06-14T13:05:02.4496334+00:00 ContainerStatus: Opening named pipe /podr/container/pipe/d53df4f84365_insyt-apc-worker-prod-v2/stdout_e496f91f87ad4273bfe836e9f16dfed3 for reading in non-blocking mode.
2026-06-14T13:05:02.4497485+00:00 ContainerStatus: Successfully opened named pipe: /podr/container/pipe/d53df4f84365_insyt-apc-worker-prod-v2/stdout_e496f91f87ad4273bfe836e9f16dfed3.
2026-06-14T13:05:02.4498489+00:00 ContainerStatus: Successfully removed non-blocking flag from /podr/container/pipe/d53df4f84365_insyt-apc-worker-prod-v2/stdout_e496f91f87ad4273bfe836e9f16dfed3.
2026-06-14T13:05:02.4508425+00:00 ContainerStatus: Creating stderr named pipe at /podr/container/pipe/d53df4f84365_insyt-apc-worker-prod-v2/stderr_3cffbd4db9eb41f7808f4e42431cd467.
2026-06-14T13:05:02.4510664+00:00 ContainerStatus: Successfully created stderr named pipe at: /podr/container/pipe/d53df4f84365_insyt-apc-worker-prod-v2/stderr_3cffbd4db9eb41f7808f4e42431cd467.
2026-06-14T13:05:02.4517989+00:00 ContainerStatus: Opening named pipe /podr/container/pipe/d53df4f84365_insyt-apc-worker-prod-v2/stderr_3cffbd4db9eb41f7808f4e42431cd467 for reading in non-blocking mode.
2026-06-14T13:05:02.4529980+00:00 ContainerStatus: Successfully opened named pipe: /podr/container/pipe/d53df4f84365_insyt-apc-worker-prod-v2/stderr_3cffbd4db9eb41f7808f4e42431cd467.
2026-06-14T13:05:02.4530967+00:00 ContainerStatus: Successfully removed non-blocking flag from /podr/container/pipe/d53df4f84365_insyt-apc-worker-prod-v2/stderr_3cffbd4db9eb41f7808f4e42431cd467.
2026-06-14T13:05:02.4536018+00:00 ContainerStatus: Creating container with image: azure-functions/bookworm/linuxdedicated:4.1048.200-4-python3.12-appservice from registry: mcr.microsoft.com and fully qualified image name: mcr.microsoft.com/azure-functions/bookworm/linuxdedicated:4.1048.200-4-python3.12-appservice
2026-06-14T13:05:02.8085463+00:00 ContainerStatus: Starting container: d53df4f84365_insyt-apc-worker-prod-v2.
2026-06-14T13:05:02.8248294+00:00 ContainerStatus: Starting watchers and probes.
2026-06-14T13:05:02.8250489+00:00 ContainerStatus: Starting metrics collection.
2026-06-14T13:05:02.8251940+00:00 ContainerStatus: Container is running.
2026-06-14T13:05:02.8252739+00:00 ContainerStatus: State: Starting, Action: CreatingContainer, LastError: , LastErrorTimestamp: 01/01/0001 00:00:00, LastErrorDetails: , Details: Container insyt-apc-worker-prod-v2 successfully created and is running., DetailsLevel: INFO
2026-06-14T13:05:02.8396420+00:00 ContainerStream: WEBSITES_INCLUDE_CLOUD_CERTS is not set to true.
2026-06-14T13:05:02.9237527+00:00 ContainerStream: Starting OpenBSD Secure Shell server: sshd.
2026-06-14T13:05:03.7136041+00:00 ContainerStatus: Container start method finished after 4469 ms.
2026-06-14T13:05:03.7137829+00:00 ContainerStatus: State: Starting, Action: InitiatingSiteWarmUpProbe, LastError: , LastErrorTimestamp: 01/01/0001 00:00:00, LastErrorDetails: , Details: Container insyt-apc-worker-prod-v2 successfully created and is running., DetailsLevel: INFO
2026-06-14T13:05:03.7138068+00:00 ContainerStatus: State: Starting, Action: WaitingForSiteWarmUpProbeSuccess, LastError: , LastErrorTimestamp: 01/01/0001 00:00:00, LastErrorDetails: , Details: Pinging warmup path to ensure container is ready to receive requests., DetailsLevel: INFO
2026-06-14T13:05:08.8606605+00:00 ContainerStream: Hosting environment: Production
2026-06-14T13:05:08.8611295+00:00 ContainerStream: Content root path: /azure-functions-host
2026-06-14T13:05:08.8611651+00:00 ContainerStream: Now listening on: http://[::]:80
2026-06-14T13:05:08.8611702+00:00 ContainerStream: Application started. Press Ctrl+C to shut down.
2026-06-14T13:05:09.8256229+00:00 ContainerStatus: Site startup probe succeeded after 6.1114769 seconds.
2026-06-14T13:05:09.8897596+00:00 ContainerStatus: State: Starting, Action: WarmUpProbeSucceeded, LastError: , LastErrorTimestamp: 01/01/0001 00:00:00, LastErrorDetails: , Details: Site startup probe succeeded after 6.1114769 seconds., DetailsLevel: INFO
2026-06-14T13:05:10.2110970+00:00 ContainerStatus: Site is running with deployment version: 3c65103c-9638-4065-88b5-8bd4b54a46d0
2026-06-14T13:05:10.2113365+00:00 ContainerStatus: Site started.
2026-06-14T13:05:10.2118605+00:00 ContainerStatus: State: Started, Action: None, LastError: , LastErrorTimestamp: 01/01/0001 00:00:00, LastErrorDetails: , Details: Site started at 06/14/2026 13:05:10 (UTC), DetailsLevel: INFO
========== New Cold Start Attempt (2026-06-14T13:05:31.4218991+00:00) ==========
2026-06-14T13:05:31.4218991+00:00 ContainerStatus: State: Stopping, Action: StoppingSiteContainers, LastError: ContainerTimeout, LastErrorTimestamp: 06/14/2026 12:57:54, LastErrorDetails: Container did not start within expected time limit of 230s. Please inspect your container logs for more details., Details: Site started at 06/14/2026 13:01:42 (UTC), DetailsLevel: INFO
2026-06-14T13:05:31.4220130+00:00 ContainerStatus: Container is terminating. Grace period: 5 seconds.
2026-06-14T13:05:31.4234710+00:00 ContainerStatus: Stop and delete container. Retry count = 0
2026-06-14T13:05:31.4235959+00:00 ContainerStatus: Stopping container: e6ecf9ed170f_insyt-apc-worker-prod-v2.
2026-06-14T13:05:37.0378065+00:00 ContainerStatus: Deleting container: e6ecf9ed170f_insyt-apc-worker-prod-v2. Retry count = 0
2026-06-14T13:05:37.1020839+00:00 ContainerStatus: Container spec TerminationMessagePolicy  path 
2026-06-14T13:05:37.1022420+00:00 ContainerStatus: Container is terminated. Total time elapsed: 5680 ms.
2026-06-14T13:05:37.2291212+00:00 ContainerStatus: Site: insyt-apc-worker-prod-v2 stopped.
2026-06-14T13:07:50.6152205+00:00 ContainerStatus: State: Starting, Action: EstablishingSiteNetworks, LastError: , LastErrorTimestamp: 01/01/0001 00:00:00, LastErrorDetails: , Details: , DetailsLevel: INFO
2026-06-14T13:07:51.0093542+00:00 ContainerStatus: State: Starting, Action: StartingMsiContainer, LastError: , LastErrorTimestamp: 01/01/0001 00:00:00, LastErrorDetails: , Details: , DetailsLevel: INFO
2026-06-14T13:08:24.1902702+00:00 ContainerStatus: State: Starting, Action: StartingSiteContainers, LastError: , LastErrorTimestamp: 01/01/0001 00:00:00, LastErrorDetails: , Details: , DetailsLevel: INFO
2026-06-14T13:08:24.1907092+00:00 ContainerStatus: Container start method called.
2026-06-14T13:08:24.1909971+00:00 ContainerStatus: State: Starting, Action: PullingImage, LastError: , LastErrorTimestamp: 01/01/0001 00:00:00, LastErrorDetails: , Details: Pulling image mcr.microsoft.com/azure-functions/bookworm/linuxdedicated:4.1048.200-4-python3.12-appservice for insyt-apc-worker-prod-v2., DetailsLevel: INFO
2026-06-14T13:08:24.1912732+00:00 ContainerStatus: Establishing network.
2026-06-14T13:08:24.1914183+00:00 ContainerStatus: Pulling image: azure-functions/bookworm/linuxdedicated:4.1048.200-4-python3.12-appservice.
2026-06-14T13:08:24.3333181+00:00 ContainerStatus: Container is starting.
2026-06-14T13:08:24.3333823+00:00 ContainerStatus: State: Starting, Action: MountingVolumes, LastError: , LastErrorTimestamp: 01/01/0001 00:00:00, LastErrorDetails: , Details: Mounting volumes for insyt-apc-worker-prod-v2., DetailsLevel: INFO
2026-06-14T13:08:24.3334896+00:00 ContainerStatus: Establishing user namespace if not established already.
2026-06-14T13:08:24.3335919+00:00 ContainerStatus: Establishing network if not established already.
2026-06-14T13:08:24.3337212+00:00 ContainerStatus: Mounting volumes.
2026-06-14T13:08:24.3338616+00:00 ContainerStatus: Nested mountpoint site/wwwroot
2026-06-14T13:08:24.3795206+00:00 ContainerStatus: Nested mountpoint volatile/logs
2026-06-14T13:08:24.3828549+00:00 ContainerStatus: Nested mountpoint 
2026-06-14T13:08:24.3932467+00:00 ContainerStatus: Nested mountpoint 
2026-06-14T13:08:24.3939652+00:00 ContainerStatus: Nested mountpoint 
2026-06-14T13:08:24.3969389+00:00 ContainerStatus: Nested mountpoint 
2026-06-14T13:08:24.3997675+00:00 ContainerStatus: Nested mountpoint 
2026-06-14T13:08:27.6778625+00:00 ContainerStatus: State: Starting, Action: CreatingContainer, LastError: , LastErrorTimestamp: 01/01/0001 00:00:00, LastErrorDetails: , Details: Finished pulling container image and mounting volumes for insyt-apc-worker-prod-v2. Allocatinng the rest of the container resources to finish container creation., DetailsLevel: INFO
2026-06-14T13:08:27.6780010+00:00 ContainerStatus: Creating container.
2026-06-14T13:08:27.6781060+00:00 ContainerStatus: Creating pipes for streaming container io.
2026-06-14T13:08:27.6782156+00:00 ContainerStatus: Creating stdout named pipe at /podr/container/pipe/cf69edb11e00_insyt-apc-worker-prod-v2/stdout_bdacac4088ab4d7d8028b06b1b95b47d.
2026-06-14T13:08:27.6784329+00:00 ContainerStatus: Successfully created stdout named pipe at: /podr/container/pipe/cf69edb11e00_insyt-apc-worker-prod-v2/stdout_bdacac4088ab4d7d8028b06b1b95b47d.
2026-06-14T13:08:27.6785308+00:00 ContainerStatus: Opening named pipe /podr/container/pipe/cf69edb11e00_insyt-apc-worker-prod-v2/stdout_bdacac4088ab4d7d8028b06b1b95b47d for reading in non-blocking mode.
2026-06-14T13:08:27.6786540+00:00 ContainerStatus: Successfully opened named pipe: /podr/container/pipe/cf69edb11e00_insyt-apc-worker-prod-v2/stdout_bdacac4088ab4d7d8028b06b1b95b47d.
2026-06-14T13:08:27.6787596+00:00 ContainerStatus: Successfully removed non-blocking flag from /podr/container/pipe/cf69edb11e00_insyt-apc-worker-prod-v2/stdout_bdacac4088ab4d7d8028b06b1b95b47d.
2026-06-14T13:08:27.6789316+00:00 ContainerStatus: Creating stderr named pipe at /podr/container/pipe/cf69edb11e00_insyt-apc-worker-prod-v2/stderr_51f6f9b783f1418eb944c987933cc618.
2026-06-14T13:08:27.6790894+00:00 ContainerStatus: Successfully created stderr named pipe at: /podr/container/pipe/cf69edb11e00_insyt-apc-worker-prod-v2/stderr_51f6f9b783f1418eb944c987933cc618.
2026-06-14T13:08:27.6791847+00:00 ContainerStatus: Opening named pipe /podr/container/pipe/cf69edb11e00_insyt-apc-worker-prod-v2/stderr_51f6f9b783f1418eb944c987933cc618 for reading in non-blocking mode.
2026-06-14T13:08:27.6793076+00:00 ContainerStatus: Successfully opened named pipe: /podr/container/pipe/cf69edb11e00_insyt-apc-worker-prod-v2/stderr_51f6f9b783f1418eb944c987933cc618.
2026-06-14T13:08:27.6794087+00:00 ContainerStatus: Successfully removed non-blocking flag from /podr/container/pipe/cf69edb11e00_insyt-apc-worker-prod-v2/stderr_51f6f9b783f1418eb944c987933cc618.
2026-06-14T13:08:27.6918613+00:00 ContainerStatus: Creating container with image: azure-functions/bookworm/linuxdedicated:4.1048.200-4-python3.12-appservice from registry: mcr.microsoft.com and fully qualified image name: mcr.microsoft.com/azure-functions/bookworm/linuxdedicated:4.1048.200-4-python3.12-appservice
2026-06-14T13:08:28.1627053+00:00 ContainerStatus: Starting container: cf69edb11e00_insyt-apc-worker-prod-v2.
2026-06-14T13:08:28.1841415+00:00 ContainerStatus: Starting watchers and probes.
2026-06-14T13:08:28.1843757+00:00 ContainerStatus: Starting metrics collection.
2026-06-14T13:08:28.1845294+00:00 ContainerStatus: Container is running.
2026-06-14T13:08:28.1862109+00:00 ContainerStatus: State: Starting, Action: CreatingContainer, LastError: , LastErrorTimestamp: 01/01/0001 00:00:00, LastErrorDetails: , Details: Container insyt-apc-worker-prod-v2 successfully created and is running., DetailsLevel: INFO
2026-06-14T13:08:28.1865373+00:00 ContainerStream: WEBSITES_INCLUDE_CLOUD_CERTS is not set to true.
2026-06-14T13:08:28.2542500+00:00 ContainerStream: Starting OpenBSD Secure Shell server: sshd.
2026-06-14T13:08:29.0890942+00:00 ContainerStatus: Container start method finished after 4898 ms.
2026-06-14T13:08:29.0892868+00:00 ContainerStatus: State: Starting, Action: InitiatingSiteWarmUpProbe, LastError: , LastErrorTimestamp: 01/01/0001 00:00:00, LastErrorDetails: , Details: Container insyt-apc-worker-prod-v2 successfully created and is running., DetailsLevel: INFO
2026-06-14T13:08:29.0893123+00:00 ContainerStatus: State: Starting, Action: WaitingForSiteWarmUpProbeSuccess, LastError: , LastErrorTimestamp: 01/01/0001 00:00:00, LastErrorDetails: , Details: Pinging warmup path to ensure container is ready to receive requests., DetailsLevel: INFO
2026-06-14T13:08:33.9814520+00:00 ContainerStream: Hosting environment: Production
2026-06-14T13:08:33.9818550+00:00 ContainerStream: Content root path: /azure-functions-host
2026-06-14T13:08:33.9822766+00:00 ContainerStream: Now listening on: http://[::]:80
2026-06-14T13:08:33.9822886+00:00 ContainerStream: Application started. Press Ctrl+C to shut down.
2026-06-14T13:08:34.2792647+00:00 ContainerStatus: Site startup probe succeeded after 5.188916 seconds.
2026-06-14T13:08:34.4062445+00:00 ContainerStatus: State: Starting, Action: WarmUpProbeSucceeded, LastError: , LastErrorTimestamp: 01/01/0001 00:00:00, LastErrorDetails: , Details: Site startup probe succeeded after 5.188916 seconds., DetailsLevel: INFO
2026-06-14T13:08:34.6843536+00:00 ContainerStatus: Site is running with deployment version: 1458d187-e3a2-476d-bf54-606b009a0b0c
2026-06-14T13:08:34.6847913+00:00 ContainerStatus: Site started.
2026-06-14T13:08:34.6848564+00:00 ContainerStatus: State: Started, Action: None, LastError: , LastErrorTimestamp: 01/01/0001 00:00:00, LastErrorDetails: , Details: Site started at 06/14/2026 13:08:34 (UTC), DetailsLevel: INFO
========== New Cold Start Attempt (2026-06-14T13:08:56.0143296+00:00) ==========
2026-06-14T13:08:56.0143296+00:00 ContainerStatus: State: Stopping, Action: StoppingSiteContainers, LastError: ContainerTimeout, LastErrorTimestamp: 06/14/2026 12:57:54, LastErrorDetails: Container did not start within expected time limit of 230s. Please inspect your container logs for more details., Details: Site started at 06/14/2026 13:05:10 (UTC), DetailsLevel: INFO
2026-06-14T13:08:56.0144595+00:00 ContainerStatus: Container is terminating. Grace period: 5 seconds.
2026-06-14T13:08:56.0171070+00:00 ContainerStatus: Stop and delete container. Retry count = 0
2026-06-14T13:08:56.0172196+00:00 ContainerStatus: Stopping container: d53df4f84365_insyt-apc-worker-prod-v2.
2026-06-14T13:09:01.1211870+00:00 ContainerStatus: Deleting container: d53df4f84365_insyt-apc-worker-prod-v2. Retry count = 0
2026-06-14T13:09:01.2350766+00:00 ContainerStatus: Container spec TerminationMessagePolicy  path 
2026-06-14T13:09:01.2354255+00:00 ContainerStatus: Container is terminated. Total time elapsed: 5220 ms.
2026-06-14T13:09:01.3647478+00:00 ContainerStatus: Site: insyt-apc-worker-prod-v2 stopped.
2026-06-14T13:19:46.8575027+00:00 ContainerStatus: State: Starting, Action: EstablishingSiteNetworks, LastError: , LastErrorTimestamp: 01/01/0001 00:00:00, LastErrorDetails: , Details: , DetailsLevel: INFO
2026-06-14T13:19:47.3333357+00:00 ContainerStatus: State: Starting, Action: StartingMsiContainer, LastError: , LastErrorTimestamp: 01/01/0001 00:00:00, LastErrorDetails: , Details: , DetailsLevel: INFO
2026-06-14T13:20:21.3294019+00:00 ContainerStatus: State: Starting, Action: StartingSiteContainers, LastError: , LastErrorTimestamp: 01/01/0001 00:00:00, LastErrorDetails: , Details: , DetailsLevel: INFO
2026-06-14T13:20:21.3298248+00:00 ContainerStatus: Container start method called.
2026-06-14T13:20:21.3299692+00:00 ContainerStatus: State: Starting, Action: PullingImage, LastError: , LastErrorTimestamp: 01/01/0001 00:00:00, LastErrorDetails: , Details: Pulling image mcr.microsoft.com/azure-functions/bookworm/linuxdedicated:4.1048.200-4-python3.12-appservice for insyt-apc-worker-prod-v2., DetailsLevel: INFO
2026-06-14T13:20:21.3301570+00:00 ContainerStatus: Establishing network.
2026-06-14T13:20:21.3305080+00:00 ContainerStatus: Pulling image: azure-functions/bookworm/linuxdedicated:4.1048.200-4-python3.12-appservice.
2026-06-14T13:20:21.7997803+00:00 ContainerStatus: Container is starting.
2026-06-14T13:20:21.7998579+00:00 ContainerStatus: State: Starting, Action: MountingVolumes, LastError: , LastErrorTimestamp: 01/01/0001 00:00:00, LastErrorDetails: , Details: Mounting volumes for insyt-apc-worker-prod-v2., DetailsLevel: INFO
2026-06-14T13:20:21.7999655+00:00 ContainerStatus: Establishing user namespace if not established already.
2026-06-14T13:20:21.8000840+00:00 ContainerStatus: Establishing network if not established already.
2026-06-14T13:20:21.8002328+00:00 ContainerStatus: Mounting volumes.
2026-06-14T13:20:21.8003991+00:00 ContainerStatus: Nested mountpoint site/wwwroot
2026-06-14T13:20:21.8668548+00:00 ContainerStatus: Nested mountpoint volatile/logs
2026-06-14T13:20:21.8690095+00:00 ContainerStatus: Nested mountpoint 
2026-06-14T13:20:21.8760042+00:00 ContainerStatus: Nested mountpoint 
2026-06-14T13:20:21.8766785+00:00 ContainerStatus: Nested mountpoint 
2026-06-14T13:20:21.8786447+00:00 ContainerStatus: Nested mountpoint 
2026-06-14T13:20:21.8804835+00:00 ContainerStatus: Nested mountpoint 
2026-06-14T13:20:24.8092101+00:00 ContainerStatus: State: Starting, Action: CreatingContainer, LastError: , LastErrorTimestamp: 01/01/0001 00:00:00, LastErrorDetails: , Details: Finished pulling container image and mounting volumes for insyt-apc-worker-prod-v2. Allocatinng the rest of the container resources to finish container creation., DetailsLevel: INFO
2026-06-14T13:20:24.8093568+00:00 ContainerStatus: Creating container.
2026-06-14T13:20:24.8094891+00:00 ContainerStatus: Creating pipes for streaming container io.
2026-06-14T13:20:24.8095852+00:00 ContainerStatus: Creating stdout named pipe at /podr/container/pipe/40f300188880_insyt-apc-worker-prod-v2/stdout_bc4316b22dd74f63a489cf9a5aa30e6f.
2026-06-14T13:20:24.8098227+00:00 ContainerStatus: Successfully created stdout named pipe at: /podr/container/pipe/40f300188880_insyt-apc-worker-prod-v2/stdout_bc4316b22dd74f63a489cf9a5aa30e6f.
2026-06-14T13:20:24.8099338+00:00 ContainerStatus: Opening named pipe /podr/container/pipe/40f300188880_insyt-apc-worker-prod-v2/stdout_bc4316b22dd74f63a489cf9a5aa30e6f for reading in non-blocking mode.
2026-06-14T13:20:24.8100639+00:00 ContainerStatus: Successfully opened named pipe: /podr/container/pipe/40f300188880_insyt-apc-worker-prod-v2/stdout_bc4316b22dd74f63a489cf9a5aa30e6f.
2026-06-14T13:20:24.8101654+00:00 ContainerStatus: Successfully removed non-blocking flag from /podr/container/pipe/40f300188880_insyt-apc-worker-prod-v2/stdout_bc4316b22dd74f63a489cf9a5aa30e6f.
2026-06-14T13:20:24.8172259+00:00 ContainerStatus: Creating stderr named pipe at /podr/container/pipe/40f300188880_insyt-apc-worker-prod-v2/stderr_a4ef26d9ef52439ba7286eaa9fe74d67.
2026-06-14T13:20:24.8208955+00:00 ContainerStatus: Successfully created stderr named pipe at: /podr/container/pipe/40f300188880_insyt-apc-worker-prod-v2/stderr_a4ef26d9ef52439ba7286eaa9fe74d67.
2026-06-14T13:20:24.8210138+00:00 ContainerStatus: Opening named pipe /podr/container/pipe/40f300188880_insyt-apc-worker-prod-v2/stderr_a4ef26d9ef52439ba7286eaa9fe74d67 for reading in non-blocking mode.
2026-06-14T13:20:24.8211592+00:00 ContainerStatus: Successfully opened named pipe: /podr/container/pipe/40f300188880_insyt-apc-worker-prod-v2/stderr_a4ef26d9ef52439ba7286eaa9fe74d67.
2026-06-14T13:20:24.8212716+00:00 ContainerStatus: Successfully removed non-blocking flag from /podr/container/pipe/40f300188880_insyt-apc-worker-prod-v2/stderr_a4ef26d9ef52439ba7286eaa9fe74d67.
2026-06-14T13:20:24.8214187+00:00 ContainerStatus: Creating container with image: azure-functions/bookworm/linuxdedicated:4.1048.200-4-python3.12-appservice from registry: mcr.microsoft.com and fully qualified image name: mcr.microsoft.com/azure-functions/bookworm/linuxdedicated:4.1048.200-4-python3.12-appservice
2026-06-14T13:20:25.2254240+00:00 ContainerStatus: Starting container: 40f300188880_insyt-apc-worker-prod-v2.
2026-06-14T13:20:25.2408214+00:00 ContainerStatus: Starting watchers and probes.
2026-06-14T13:20:25.2410538+00:00 ContainerStatus: Starting metrics collection.
2026-06-14T13:20:25.2412045+00:00 ContainerStatus: Container is running.
2026-06-14T13:20:25.2415161+00:00 ContainerStatus: State: Starting, Action: CreatingContainer, LastError: , LastErrorTimestamp: 01/01/0001 00:00:00, LastErrorDetails: , Details: Container insyt-apc-worker-prod-v2 successfully created and is running., DetailsLevel: INFO
2026-06-14T13:20:25.2532452+00:00 ContainerStream: WEBSITES_INCLUDE_CLOUD_CERTS is not set to true.
2026-06-14T13:20:25.3398131+00:00 ContainerStream: Starting OpenBSD Secure Shell server: sshd.
2026-06-14T13:20:25.7057205+00:00 ContainerStatus: Container start method finished after 4375 ms.
2026-06-14T13:20:25.7058950+00:00 ContainerStatus: State: Starting, Action: InitiatingSiteWarmUpProbe, LastError: , LastErrorTimestamp: 01/01/0001 00:00:00, LastErrorDetails: , Details: Container insyt-apc-worker-prod-v2 successfully created and is running., DetailsLevel: INFO
2026-06-14T13:20:25.7059209+00:00 ContainerStatus: State: Starting, Action: WaitingForSiteWarmUpProbeSuccess, LastError: , LastErrorTimestamp: 01/01/0001 00:00:00, LastErrorDetails: , Details: Pinging warmup path to ensure container is ready to receive requests., DetailsLevel: INFO
2026-06-14T13:20:31.4769037+00:00 ContainerStream: Hosting environment: Production
2026-06-14T13:20:31.4769783+00:00 ContainerStream: Content root path: /azure-functions-host
2026-06-14T13:20:31.4773819+00:00 ContainerStream: Now listening on: http://[::]:80
2026-06-14T13:20:31.4773914+00:00 ContainerStream: Application started. Press Ctrl+C to shut down.
2026-06-14T13:20:31.8171319+00:00 ContainerStatus: Site startup probe succeeded after 6.1108561 seconds.
2026-06-14T13:20:31.8795023+00:00 ContainerStatus: State: Starting, Action: WarmUpProbeSucceeded, LastError: , LastErrorTimestamp: 01/01/0001 00:00:00, LastErrorDetails: , Details: Site startup probe succeeded after 6.1108561 seconds., DetailsLevel: INFO
2026-06-14T13:20:32.1225145+00:00 ContainerStatus: Site is running with deployment version: 1458d187-e3a2-476d-bf54-606b009a0b0c
2026-06-14T13:20:32.1228041+00:00 ContainerStatus: Site started.
2026-06-14T13:20:32.1228739+00:00 ContainerStatus: State: Started, Action: None, LastError: , LastErrorTimestamp: 01/01/0001 00:00:00, LastErrorDetails: , Details: Site started at 06/14/2026 13:20:32 (UTC), DetailsLevel: INFO
========== New Cold Start Attempt (2026-06-14T13:20:53.1446067+00:00) ==========
2026-06-14T13:20:53.1446067+00:00 ContainerStatus: State: Stopping, Action: StoppingSiteContainers, LastError: ContainerTimeout, LastErrorTimestamp: 06/14/2026 12:57:54, LastErrorDetails: Container did not start within expected time limit of 230s. Please inspect your container logs for more details., Details: Site started at 06/14/2026 13:08:34 (UTC), DetailsLevel: INFO
2026-06-14T13:20:53.1447948+00:00 ContainerStatus: Container is terminating. Grace period: 5 seconds.
2026-06-14T13:20:53.1464671+00:00 ContainerStatus: Stop and delete container. Retry count = 0
2026-06-14T13:20:53.1466023+00:00 ContainerStatus: Stopping container: cf69edb11e00_insyt-apc-worker-prod-v2.
2026-06-14T13:20:58.2384097+00:00 ContainerStatus: Deleting container: cf69edb11e00_insyt-apc-worker-prod-v2. Retry count = 0
2026-06-14T13:20:58.3082193+00:00 ContainerStatus: Container spec TerminationMessagePolicy  path 
2026-06-14T13:20:58.3084394+00:00 ContainerStatus: Container is terminated. Total time elapsed: 5163 ms.
2026-06-14T13:20:58.4381901+00:00 ContainerStatus: Site: insyt-apc-worker-prod-v2 stopped.
2026-06-14T13:24:52.7380664+00:00 ContainerStatus: State: Starting, Action: EstablishingSiteNetworks, LastError: , LastErrorTimestamp: 01/01/0001 00:00:00, LastErrorDetails: , Details: , DetailsLevel: INFO
2026-06-14T13:24:53.1425733+00:00 ContainerStatus: State: Starting, Action: StartingMsiContainer, LastError: , LastErrorTimestamp: 01/01/0001 00:00:00, LastErrorDetails: , Details: , DetailsLevel: INFO
2026-06-14T13:25:25.8078267+00:00 ContainerStatus: State: Starting, Action: StartingSiteContainers, LastError: , LastErrorTimestamp: 01/01/0001 00:00:00, LastErrorDetails: , Details: , DetailsLevel: INFO
2026-06-14T13:25:25.8079787+00:00 ContainerStatus: Container start method called.
2026-06-14T13:25:25.8080606+00:00 ContainerStatus: State: Starting, Action: PullingImage, LastError: , LastErrorTimestamp: 01/01/0001 00:00:00, LastErrorDetails: , Details: Pulling image mcr.microsoft.com/azure-functions/bookworm/linuxdedicated:4.1048.200-4-python3.12-appservice for insyt-apc-worker-prod-v2., DetailsLevel: INFO
2026-06-14T13:25:25.8083226+00:00 ContainerStatus: Establishing network.
2026-06-14T13:25:25.8085180+00:00 ContainerStatus: Pulling image: azure-functions/bookworm/linuxdedicated:4.1048.200-4-python3.12-appservice.
2026-06-14T13:25:25.9876534+00:00 ContainerStatus: Container is starting.
2026-06-14T13:25:25.9877090+00:00 ContainerStatus: State: Starting, Action: MountingVolumes, LastError: , LastErrorTimestamp: 01/01/0001 00:00:00, LastErrorDetails: , Details: Mounting volumes for insyt-apc-worker-prod-v2., DetailsLevel: INFO
2026-06-14T13:25:25.9878138+00:00 ContainerStatus: Establishing user namespace if not established already.
2026-06-14T13:25:25.9879261+00:00 ContainerStatus: Establishing network if not established already.
2026-06-14T13:25:25.9880409+00:00 ContainerStatus: Mounting volumes.
2026-06-14T13:25:25.9881719+00:00 ContainerStatus: Nested mountpoint site/wwwroot
2026-06-14T13:25:26.0560975+00:00 ContainerStatus: Nested mountpoint volatile/logs
2026-06-14T13:25:26.0573054+00:00 ContainerStatus: Nested mountpoint 
2026-06-14T13:25:26.0636266+00:00 ContainerStatus: Nested mountpoint 
2026-06-14T13:25:26.0642776+00:00 ContainerStatus: Nested mountpoint 
2026-06-14T13:25:26.0732421+00:00 ContainerStatus: Nested mountpoint 
2026-06-14T13:25:26.0788367+00:00 ContainerStatus: Nested mountpoint 
2026-06-14T13:25:29.1039775+00:00 ContainerStatus: State: Starting, Action: CreatingContainer, LastError: , LastErrorTimestamp: 01/01/0001 00:00:00, LastErrorDetails: , Details: Finished pulling container image and mounting volumes for insyt-apc-worker-prod-v2. Allocatinng the rest of the container resources to finish container creation., DetailsLevel: INFO
2026-06-14T13:25:29.1042252+00:00 ContainerStatus: Creating container.
2026-06-14T13:25:29.1043462+00:00 ContainerStatus: Creating pipes for streaming container io.
2026-06-14T13:25:29.1044672+00:00 ContainerStatus: Creating stdout named pipe at /podr/container/pipe/205542386775_insyt-apc-worker-prod-v2/stdout_630747875fe241e09fbd9b8490da70c6.
2026-06-14T13:25:29.1047665+00:00 ContainerStatus: Successfully created stdout named pipe at: /podr/container/pipe/205542386775_insyt-apc-worker-prod-v2/stdout_630747875fe241e09fbd9b8490da70c6.
2026-06-14T13:25:29.1049050+00:00 ContainerStatus: Opening named pipe /podr/container/pipe/205542386775_insyt-apc-worker-prod-v2/stdout_630747875fe241e09fbd9b8490da70c6 for reading in non-blocking mode.
2026-06-14T13:25:29.1050419+00:00 ContainerStatus: Successfully opened named pipe: /podr/container/pipe/205542386775_insyt-apc-worker-prod-v2/stdout_630747875fe241e09fbd9b8490da70c6.
2026-06-14T13:25:29.1051548+00:00 ContainerStatus: Successfully removed non-blocking flag from /podr/container/pipe/205542386775_insyt-apc-worker-prod-v2/stdout_630747875fe241e09fbd9b8490da70c6.
2026-06-14T13:25:29.1053343+00:00 ContainerStatus: Creating stderr named pipe at /podr/container/pipe/205542386775_insyt-apc-worker-prod-v2/stderr_4aad75ecbb2847978d2a8894947d46ef.
2026-06-14T13:25:29.1054997+00:00 ContainerStatus: Successfully created stderr named pipe at: /podr/container/pipe/205542386775_insyt-apc-worker-prod-v2/stderr_4aad75ecbb2847978d2a8894947d46ef.
2026-06-14T13:25:29.1055967+00:00 ContainerStatus: Opening named pipe /podr/container/pipe/205542386775_insyt-apc-worker-prod-v2/stderr_4aad75ecbb2847978d2a8894947d46ef for reading in non-blocking mode.
2026-06-14T13:25:29.1057241+00:00 ContainerStatus: Successfully opened named pipe: /podr/container/pipe/205542386775_insyt-apc-worker-prod-v2/stderr_4aad75ecbb2847978d2a8894947d46ef.
2026-06-14T13:25:29.1058323+00:00 ContainerStatus: Successfully removed non-blocking flag from /podr/container/pipe/205542386775_insyt-apc-worker-prod-v2/stderr_4aad75ecbb2847978d2a8894947d46ef.
2026-06-14T13:25:29.1090029+00:00 ContainerStatus: Creating container with image: azure-functions/bookworm/linuxdedicated:4.1048.200-4-python3.12-appservice from registry: mcr.microsoft.com and fully qualified image name: mcr.microsoft.com/azure-functions/bookworm/linuxdedicated:4.1048.200-4-python3.12-appservice
2026-06-14T13:25:29.5079342+00:00 ContainerStatus: Starting container: 205542386775_insyt-apc-worker-prod-v2.
2026-06-14T13:25:29.5257619+00:00 ContainerStatus: Starting watchers and probes.
2026-06-14T13:25:29.5266562+00:00 ContainerStatus: Starting metrics collection.
2026-06-14T13:25:29.5274715+00:00 ContainerStatus: Container is running.
2026-06-14T13:25:29.5280314+00:00 ContainerStatus: State: Starting, Action: CreatingContainer, LastError: , LastErrorTimestamp: 01/01/0001 00:00:00, LastErrorDetails: , Details: Container insyt-apc-worker-prod-v2 successfully created and is running., DetailsLevel: INFO
2026-06-14T13:25:29.5353290+00:00 ContainerStream: WEBSITES_INCLUDE_CLOUD_CERTS is not set to true.
2026-06-14T13:25:29.6286528+00:00 ContainerStream: Starting OpenBSD Secure Shell server: sshd.
2026-06-14T13:25:30.5112573+00:00 ContainerStatus: Container start method finished after 4703 ms.
2026-06-14T13:25:30.5114656+00:00 ContainerStatus: State: Starting, Action: InitiatingSiteWarmUpProbe, LastError: , LastErrorTimestamp: 01/01/0001 00:00:00, LastErrorDetails: , Details: Container insyt-apc-worker-prod-v2 successfully created and is running., DetailsLevel: INFO
2026-06-14T13:25:30.5114978+00:00 ContainerStatus: State: Starting, Action: WaitingForSiteWarmUpProbeSuccess, LastError: , LastErrorTimestamp: 01/01/0001 00:00:00, LastErrorDetails: , Details: Pinging warmup path to ensure container is ready to receive requests., DetailsLevel: INFO
2026-06-14T13:25:35.9510187+00:00 ContainerStream: Hosting environment: Production
2026-06-14T13:25:35.9510769+00:00 ContainerStream: Content root path: /azure-functions-host
2026-06-14T13:25:35.9516442+00:00 ContainerStream: Now listening on: http://[::]:80
2026-06-14T13:25:35.9516568+00:00 ContainerStream: Application started. Press Ctrl+C to shut down.
2026-06-14T13:25:36.6238239+00:00 ContainerStatus: Site startup probe succeeded after 6.1118699 seconds.
2026-06-14T13:25:36.6909451+00:00 ContainerStatus: State: Starting, Action: WarmUpProbeSucceeded, LastError: , LastErrorTimestamp: 01/01/0001 00:00:00, LastErrorDetails: , Details: Site startup probe succeeded after 6.1118699 seconds., DetailsLevel: INFO
2026-06-14T13:25:36.9551604+00:00 ContainerStatus: Site is running with deployment version: 369405a9-7c41-4726-bb80-a8e0593e9add
2026-06-14T13:25:36.9553539+00:00 ContainerStatus: Site started.
2026-06-14T13:25:36.9554207+00:00 ContainerStatus: State: Started, Action: None, LastError: , LastErrorTimestamp: 01/01/0001 00:00:00, LastErrorDetails: , Details: Site started at 06/14/2026 13:25:36 (UTC), DetailsLevel: INFO
========== New Cold Start Attempt (2026-06-14T13:25:57.7828732+00:00) ==========
2026-06-14T13:25:57.7828732+00:00 ContainerStatus: State: Stopping, Action: StoppingSiteContainers, LastError: ContainerTimeout, LastErrorTimestamp: 06/14/2026 12:57:54, LastErrorDetails: Container did not start within expected time limit of 230s. Please inspect your container logs for more details., Details: Site started at 06/14/2026 13:20:32 (UTC), DetailsLevel: INFO
2026-06-14T13:25:57.7833767+00:00 ContainerStatus: Container is terminating. Grace period: 5 seconds.
2026-06-14T13:25:57.7848241+00:00 ContainerStatus: Stop and delete container. Retry count = 0
2026-06-14T13:25:57.7849344+00:00 ContainerStatus: Stopping container: 40f300188880_insyt-apc-worker-prod-v2.
2026-06-14T13:26:03.2905316+00:00 ContainerStatus: Deleting container: 40f300188880_insyt-apc-worker-prod-v2. Retry count = 0
2026-06-14T13:26:03.3653329+00:00 ContainerStatus: Container spec TerminationMessagePolicy  path 
2026-06-14T13:26:03.3654834+00:00 ContainerStatus: Container is terminated. Total time elapsed: 5581 ms.
2026-06-14T13:26:03.4902324+00:00 ContainerStatus: Site: insyt-apc-worker-prod-v2 stopped.
2026-06-14T13:26:04.0830380+00:00 ContainerStatus: State: Starting, Action: EstablishingSiteNetworks, LastError: , LastErrorTimestamp: 01/01/0001 00:00:00, LastErrorDetails: , Details: , DetailsLevel: INFO
2026-06-14T13:26:04.7343184+00:00 ContainerStatus: State: Starting, Action: StartingMsiContainer, LastError: , LastErrorTimestamp: 01/01/0001 00:00:00, LastErrorDetails: , Details: , DetailsLevel: INFO
2026-06-14T13:26:37.7565696+00:00 ContainerStatus: State: Starting, Action: StartingSiteContainers, LastError: , LastErrorTimestamp: 01/01/0001 00:00:00, LastErrorDetails: , Details: , DetailsLevel: INFO
2026-06-14T13:26:37.7567368+00:00 ContainerStatus: Container start method called.
2026-06-14T13:26:37.7567977+00:00 ContainerStatus: State: Starting, Action: PullingImage, LastError: , LastErrorTimestamp: 01/01/0001 00:00:00, LastErrorDetails: , Details: Pulling image mcr.microsoft.com/azure-functions/bookworm/linuxdedicated:4.1048.200-4-python3.12-appservice for insyt-apc-worker-prod-v2., DetailsLevel: INFO
2026-06-14T13:26:37.7569465+00:00 ContainerStatus: Establishing network.
2026-06-14T13:26:37.7570853+00:00 ContainerStatus: Pulling image: azure-functions/bookworm/linuxdedicated:4.1048.200-4-python3.12-appservice.
2026-06-14T13:26:37.8541710+00:00 ContainerStatus: Container is starting.
2026-06-14T13:26:37.8542537+00:00 ContainerStatus: State: Starting, Action: MountingVolumes, LastError: , LastErrorTimestamp: 01/01/0001 00:00:00, LastErrorDetails: , Details: Mounting volumes for insyt-apc-worker-prod-v2., DetailsLevel: INFO
2026-06-14T13:26:37.8543712+00:00 ContainerStatus: Establishing user namespace if not established already.
2026-06-14T13:26:37.8544722+00:00 ContainerStatus: Establishing network if not established already.
2026-06-14T13:26:37.8545957+00:00 ContainerStatus: Mounting volumes.
2026-06-14T13:26:37.8547353+00:00 ContainerStatus: Nested mountpoint site/wwwroot
2026-06-14T13:26:37.8901657+00:00 ContainerStatus: Nested mountpoint volatile/logs
2026-06-14T13:26:37.9125478+00:00 ContainerStatus: Nested mountpoint 
2026-06-14T13:26:37.9299757+00:00 ContainerStatus: Nested mountpoint 
2026-06-14T13:26:37.9311739+00:00 ContainerStatus: Nested mountpoint 
2026-06-14T13:26:37.9556930+00:00 ContainerStatus: Nested mountpoint 
2026-06-14T13:26:37.9746715+00:00 ContainerStatus: Nested mountpoint 
2026-06-14T13:26:41.3976306+00:00 ContainerStatus: State: Starting, Action: CreatingContainer, LastError: , LastErrorTimestamp: 01/01/0001 00:00:00, LastErrorDetails: , Details: Finished pulling container image and mounting volumes for insyt-apc-worker-prod-v2. Allocatinng the rest of the container resources to finish container creation., DetailsLevel: INFO
2026-06-14T13:26:41.3977635+00:00 ContainerStatus: Creating container.
2026-06-14T13:26:41.3978676+00:00 ContainerStatus: Creating pipes for streaming container io.
2026-06-14T13:26:41.3979679+00:00 ContainerStatus: Creating stdout named pipe at /podr/container/pipe/a328d76b1e7c_insyt-apc-worker-prod-v2/stdout_6fb141fb97d84395acdc6a0545ca9f96.
2026-06-14T13:26:41.3981761+00:00 ContainerStatus: Successfully created stdout named pipe at: /podr/container/pipe/a328d76b1e7c_insyt-apc-worker-prod-v2/stdout_6fb141fb97d84395acdc6a0545ca9f96.
2026-06-14T13:26:41.3982729+00:00 ContainerStatus: Opening named pipe /podr/container/pipe/a328d76b1e7c_insyt-apc-worker-prod-v2/stdout_6fb141fb97d84395acdc6a0545ca9f96 for reading in non-blocking mode.
2026-06-14T13:26:41.3983821+00:00 ContainerStatus: Successfully opened named pipe: /podr/container/pipe/a328d76b1e7c_insyt-apc-worker-prod-v2/stdout_6fb141fb97d84395acdc6a0545ca9f96.
2026-06-14T13:26:41.3984769+00:00 ContainerStatus: Successfully removed non-blocking flag from /podr/container/pipe/a328d76b1e7c_insyt-apc-worker-prod-v2/stdout_6fb141fb97d84395acdc6a0545ca9f96.
2026-06-14T13:26:41.3986058+00:00 ContainerStatus: Creating stderr named pipe at /podr/container/pipe/a328d76b1e7c_insyt-apc-worker-prod-v2/stderr_4de5707b24f045b6b3735bc5298c5155.
2026-06-14T13:26:41.3987886+00:00 ContainerStatus: Successfully created stderr named pipe at: /podr/container/pipe/a328d76b1e7c_insyt-apc-worker-prod-v2/stderr_4de5707b24f045b6b3735bc5298c5155.
2026-06-14T13:26:41.3989121+00:00 ContainerStatus: Opening named pipe /podr/container/pipe/a328d76b1e7c_insyt-apc-worker-prod-v2/stderr_4de5707b24f045b6b3735bc5298c5155 for reading in non-blocking mode.
2026-06-14T13:26:41.3990284+00:00 ContainerStatus: Successfully opened named pipe: /podr/container/pipe/a328d76b1e7c_insyt-apc-worker-prod-v2/stderr_4de5707b24f045b6b3735bc5298c5155.
2026-06-14T13:26:41.3991227+00:00 ContainerStatus: Successfully removed non-blocking flag from /podr/container/pipe/a328d76b1e7c_insyt-apc-worker-prod-v2/stderr_4de5707b24f045b6b3735bc5298c5155.
2026-06-14T13:26:41.3992460+00:00 ContainerStatus: Creating container with image: azure-functions/bookworm/linuxdedicated:4.1048.200-4-python3.12-appservice from registry: mcr.microsoft.com and fully qualified image name: mcr.microsoft.com/azure-functions/bookworm/linuxdedicated:4.1048.200-4-python3.12-appservice
2026-06-14T13:26:41.8000740+00:00 ContainerStatus: Starting container: a328d76b1e7c_insyt-apc-worker-prod-v2.
2026-06-14T13:26:41.8160682+00:00 ContainerStatus: Starting watchers and probes.
2026-06-14T13:26:41.8162703+00:00 ContainerStatus: Starting metrics collection.
2026-06-14T13:26:41.8178492+00:00 ContainerStatus: Container is running.
2026-06-14T13:26:41.8179489+00:00 ContainerStatus: State: Starting, Action: CreatingContainer, LastError: , LastErrorTimestamp: 01/01/0001 00:00:00, LastErrorDetails: , Details: Container insyt-apc-worker-prod-v2 successfully created and is running., DetailsLevel: INFO
2026-06-14T13:26:41.8486936+00:00 ContainerStream: WEBSITES_INCLUDE_CLOUD_CERTS is not set to true.
2026-06-14T13:26:41.8502363+00:00 ContainerStatus: Container start method finished after 4093 ms.
2026-06-14T13:26:41.8504633+00:00 ContainerStatus: State: Starting, Action: InitiatingSiteWarmUpProbe, LastError: , LastErrorTimestamp: 01/01/0001 00:00:00, LastErrorDetails: , Details: Container insyt-apc-worker-prod-v2 successfully created and is running., DetailsLevel: INFO
2026-06-14T13:26:41.8504862+00:00 ContainerStatus: State: Starting, Action: WaitingForSiteWarmUpProbeSuccess, LastError: , LastErrorTimestamp: 01/01/0001 00:00:00, LastErrorDetails: , Details: Pinging warmup path to ensure container is ready to receive requests., DetailsLevel: INFO
2026-06-14T13:26:41.9173856+00:00 ContainerStream: Starting OpenBSD Secure Shell server: sshd.
2026-06-14T13:26:47.7693791+00:00 ContainerStream: Hosting environment: Production
2026-06-14T13:26:47.7694247+00:00 ContainerStream: Content root path: /azure-functions-host
2026-06-14T13:26:47.7694296+00:00 ContainerStream: Now listening on: http://[::]:80
2026-06-14T13:26:47.7694330+00:00 ContainerStream: Application started. Press Ctrl+C to shut down.
2026-06-14T13:26:47.9762698+00:00 ContainerStatus: Site startup probe succeeded after 6.1218058 seconds.
2026-06-14T13:26:48.0902785+00:00 ContainerStatus: State: Starting, Action: WarmUpProbeSucceeded, LastError: , LastErrorTimestamp: 01/01/0001 00:00:00, LastErrorDetails: , Details: Site startup probe succeeded after 6.1218058 seconds., DetailsLevel: INFO
2026-06-14T13:26:48.3625282+00:00 ContainerStatus: Site is running with deployment version: 369405a9-7c41-4726-bb80-a8e0593e9add
2026-06-14T13:26:48.3633769+00:00 ContainerStatus: Site started.
2026-06-14T13:26:48.3637723+00:00 ContainerStatus: State: Started, Action: None, LastError: , LastErrorTimestamp: 01/01/0001 00:00:00, LastErrorDetails: , Details: Site started at 06/14/2026 13:26:48 (UTC), DetailsLevel: INFO
========== New Cold Start Attempt (2026-06-14T13:27:10.3144133+00:00) ==========
2026-06-14T13:27:10.3144133+00:00 ContainerStatus: State: Stopping, Action: StoppingSiteContainers, LastError: ContainerTimeout, LastErrorTimestamp: 06/14/2026 12:57:54, LastErrorDetails: Container did not start within expected time limit of 230s. Please inspect your container logs for more details., Details: Site started at 06/14/2026 13:25:36 (UTC), DetailsLevel: INFO
2026-06-14T13:27:10.3147711+00:00 ContainerStatus: Container is terminating. Grace period: 5 seconds.
2026-06-14T13:27:10.3178000+00:00 ContainerStatus: Stop and delete container. Retry count = 0
2026-06-14T13:27:10.3183502+00:00 ContainerStatus: Stopping container: 205542386775_insyt-apc-worker-prod-v2.
2026-06-14T13:27:15.3941834+00:00 ContainerStatus: Deleting container: 205542386775_insyt-apc-worker-prod-v2. Retry count = 0
2026-06-14T13:27:15.4588278+00:00 ContainerStatus: Container spec TerminationMessagePolicy  path 
2026-06-14T13:27:15.4589876+00:00 ContainerStatus: Container is terminated. Total time elapsed: 5144 ms.
2026-06-14T13:27:15.5739278+00:00 ContainerStatus: Site: insyt-apc-worker-prod-v2 stopped.
2026-06-14T14:36:16.9297184+00:00 ContainerStatus: State: Starting, Action: EstablishingSiteNetworks, LastError: , LastErrorTimestamp: 01/01/0001 00:00:00, LastErrorDetails: , Details: , DetailsLevel: INFO
2026-06-14T14:36:17.6706464+00:00 ContainerStatus: State: Starting, Action: StartingMsiContainer, LastError: , LastErrorTimestamp: 01/01/0001 00:00:00, LastErrorDetails: , Details: , DetailsLevel: INFO
2026-06-14T14:36:21.8575652+00:00 ContainerStatus: State: Starting, Action: StartingSiteContainers, LastError: , LastErrorTimestamp: 01/01/0001 00:00:00, LastErrorDetails: , Details: , DetailsLevel: INFO
2026-06-14T14:36:21.8576964+00:00 ContainerStatus: Container start method called.
2026-06-14T14:36:21.8577364+00:00 ContainerStatus: State: Starting, Action: PullingImage, LastError: , LastErrorTimestamp: 01/01/0001 00:00:00, LastErrorDetails: , Details: Pulling image mcr.microsoft.com/azure-functions/bookworm/linuxdedicated:4.1048.200-4-python3.12-appservice for insyt-apc-worker-prod-v2., DetailsLevel: INFO
2026-06-14T14:36:21.8578379+00:00 ContainerStatus: Establishing network.
2026-06-14T14:36:21.8579604+00:00 ContainerStatus: Pulling image: azure-functions/bookworm/linuxdedicated:4.1048.200-4-python3.12-appservice.
2026-06-14T14:36:22.4116563+00:00 ContainerStatus: Container is starting.
2026-06-14T14:36:22.4117225+00:00 ContainerStatus: State: Starting, Action: MountingVolumes, LastError: , LastErrorTimestamp: 01/01/0001 00:00:00, LastErrorDetails: , Details: Mounting volumes for insyt-apc-worker-prod-v2., DetailsLevel: INFO
2026-06-14T14:36:22.4118229+00:00 ContainerStatus: Establishing user namespace if not established already.
2026-06-14T14:36:22.4151596+00:00 ContainerStatus: Establishing network if not established already.
2026-06-14T14:36:22.4153544+00:00 ContainerStatus: Mounting volumes.
2026-06-14T14:36:22.4164937+00:00 ContainerStatus: Nested mountpoint site/wwwroot
2026-06-14T14:36:22.4880333+00:00 ContainerStatus: Nested mountpoint volatile/logs
2026-06-14T14:36:22.4970471+00:00 ContainerStatus: Nested mountpoint 
2026-06-14T14:36:22.5130824+00:00 ContainerStatus: Nested mountpoint 
2026-06-14T14:36:22.5264437+00:00 ContainerStatus: Nested mountpoint 
2026-06-14T14:36:22.5539602+00:00 ContainerStatus: Nested mountpoint 
2026-06-14T14:36:22.5671560+00:00 ContainerStatus: Nested mountpoint 
2026-06-14T14:36:25.5935324+00:00 ContainerStatus: State: Starting, Action: CreatingContainer, LastError: , LastErrorTimestamp: 01/01/0001 00:00:00, LastErrorDetails: , Details: Finished pulling container image and mounting volumes for insyt-apc-worker-prod-v2. Allocatinng the rest of the container resources to finish container creation., DetailsLevel: INFO
2026-06-14T14:36:25.5936640+00:00 ContainerStatus: Creating container.
2026-06-14T14:36:25.5937833+00:00 ContainerStatus: Creating pipes for streaming container io.
2026-06-14T14:36:25.5938861+00:00 ContainerStatus: Creating stdout named pipe at /podr/container/pipe/a700a02a2c40_insyt-apc-worker-prod-v2/stdout_1a8f1bfb201143228cf8404e94768b23.
2026-06-14T14:36:25.5940973+00:00 ContainerStatus: Successfully created stdout named pipe at: /podr/container/pipe/a700a02a2c40_insyt-apc-worker-prod-v2/stdout_1a8f1bfb201143228cf8404e94768b23.
2026-06-14T14:36:25.5941939+00:00 ContainerStatus: Opening named pipe /podr/container/pipe/a700a02a2c40_insyt-apc-worker-prod-v2/stdout_1a8f1bfb201143228cf8404e94768b23 for reading in non-blocking mode.
2026-06-14T14:36:25.5943111+00:00 ContainerStatus: Successfully opened named pipe: /podr/container/pipe/a700a02a2c40_insyt-apc-worker-prod-v2/stdout_1a8f1bfb201143228cf8404e94768b23.
2026-06-14T14:36:25.5944214+00:00 ContainerStatus: Successfully removed non-blocking flag from /podr/container/pipe/a700a02a2c40_insyt-apc-worker-prod-v2/stdout_1a8f1bfb201143228cf8404e94768b23.
2026-06-14T14:36:25.5945962+00:00 ContainerStatus: Creating stderr named pipe at /podr/container/pipe/a700a02a2c40_insyt-apc-worker-prod-v2/stderr_c6835776eb3945e681ffdcd6d922a84c.
2026-06-14T14:36:25.5947584+00:00 ContainerStatus: Successfully created stderr named pipe at: /podr/container/pipe/a700a02a2c40_insyt-apc-worker-prod-v2/stderr_c6835776eb3945e681ffdcd6d922a84c.
2026-06-14T14:36:25.5948588+00:00 ContainerStatus: Opening named pipe /podr/container/pipe/a700a02a2c40_insyt-apc-worker-prod-v2/stderr_c6835776eb3945e681ffdcd6d922a84c for reading in non-blocking mode.
2026-06-14T14:36:25.5949812+00:00 ContainerStatus: Successfully opened named pipe: /podr/container/pipe/a700a02a2c40_insyt-apc-worker-prod-v2/stderr_c6835776eb3945e681ffdcd6d922a84c.
2026-06-14T14:36:25.5950892+00:00 ContainerStatus: Successfully removed non-blocking flag from /podr/container/pipe/a700a02a2c40_insyt-apc-worker-prod-v2/stderr_c6835776eb3945e681ffdcd6d922a84c.
2026-06-14T14:36:25.5952226+00:00 ContainerStatus: Creating container with image: azure-functions/bookworm/linuxdedicated:4.1048.200-4-python3.12-appservice from registry: mcr.microsoft.com and fully qualified image name: mcr.microsoft.com/azure-functions/bookworm/linuxdedicated:4.1048.200-4-python3.12-appservice
2026-06-14T14:36:26.0596397+00:00 ContainerStatus: Starting container: a700a02a2c40_insyt-apc-worker-prod-v2.
2026-06-14T14:36:26.0738648+00:00 ContainerStatus: Starting watchers and probes.
2026-06-14T14:36:26.0741704+00:00 ContainerStatus: Starting metrics collection.
2026-06-14T14:36:26.0746761+00:00 ContainerStatus: Container is running.
2026-06-14T14:36:26.0747580+00:00 ContainerStatus: State: Starting, Action: CreatingContainer, LastError: , LastErrorTimestamp: 01/01/0001 00:00:00, LastErrorDetails: , Details: Container insyt-apc-worker-prod-v2 successfully created and is running., DetailsLevel: INFO
2026-06-14T14:36:26.0936694+00:00 ContainerStream: WEBSITES_INCLUDE_CLOUD_CERTS is not set to true.
2026-06-14T14:36:26.2080854+00:00 ContainerStream: Starting OpenBSD Secure Shell server: sshd.
2026-06-14T14:36:26.5085620+00:00 ContainerStatus: Container start method finished after 4650 ms.
2026-06-14T14:36:26.5091998+00:00 ContainerStatus: State: Starting, Action: InitiatingSiteWarmUpProbe, LastError: , LastErrorTimestamp: 01/01/0001 00:00:00, LastErrorDetails: , Details: Container insyt-apc-worker-prod-v2 successfully created and is running., DetailsLevel: INFO
2026-06-14T14:36:26.5092402+00:00 ContainerStatus: State: Starting, Action: WaitingForSiteWarmUpProbeSuccess, LastError: , LastErrorTimestamp: 01/01/0001 00:00:00, LastErrorDetails: , Details: Pinging warmup path to ensure container is ready to receive requests., DetailsLevel: INFO
2026-06-14T14:36:32.4409128+00:00 ContainerStream: Hosting environment: Production
2026-06-14T14:36:32.4420050+00:00 ContainerStream: Content root path: /azure-functions-host
2026-06-14T14:36:32.4423930+00:00 ContainerStream: Now listening on: http://[::]:80
2026-06-14T14:36:32.4424452+00:00 ContainerStream: Application started. Press Ctrl+C to shut down.
2026-06-14T14:36:32.6478916+00:00 ContainerStatus: Site startup probe succeeded after 6.1381196 seconds.
2026-06-14T14:36:32.7179972+00:00 ContainerStatus: State: Starting, Action: WarmUpProbeSucceeded, LastError: , LastErrorTimestamp: 01/01/0001 00:00:00, LastErrorDetails: , Details: Site startup probe succeeded after 6.1381196 seconds., DetailsLevel: INFO
2026-06-14T14:36:33.0393728+00:00 ContainerStatus: Site is running with deployment version: 369405a9-7c41-4726-bb80-a8e0593e9add
2026-06-14T14:36:33.0396069+00:00 ContainerStatus: Site started.
2026-06-14T14:36:33.0396721+00:00 ContainerStatus: State: Started, Action: None, LastError: , LastErrorTimestamp: 01/01/0001 00:00:00, LastErrorDetails: , Details: Site started at 06/14/2026 14:36:33 (UTC), DetailsLevel: INFO
========== New Cold Start Attempt (2026-06-14T14:36:56.8057780+00:00) ==========
2026-06-14T14:36:56.8057780+00:00 ContainerStatus: State: Stopping, Action: StoppingSiteContainers, LastError: ContainerTimeout, LastErrorTimestamp: 06/14/2026 12:57:54, LastErrorDetails: Container did not start within expected time limit of 230s. Please inspect your container logs for more details., Details: Site started at 06/14/2026 13:26:48 (UTC), DetailsLevel: INFO
2026-06-14T14:36:56.8059264+00:00 ContainerStatus: Container is terminating. Grace period: 5 seconds.
2026-06-14T14:36:56.8097859+00:00 ContainerStatus: Stop and delete container. Retry count = 0
2026-06-14T14:36:56.8100448+00:00 ContainerStatus: Stopping container: a328d76b1e7c_insyt-apc-worker-prod-v2.
2026-06-14T14:37:01.9255843+00:00 ContainerStatus: Deleting container: a328d76b1e7c_insyt-apc-worker-prod-v2. Retry count = 0
2026-06-14T14:37:02.0074598+00:00 ContainerStatus: Container spec TerminationMessagePolicy  path 
2026-06-14T14:37:02.0076173+00:00 ContainerStatus: Container is terminated. Total time elapsed: 5201 ms.
2026-06-14T14:37:02.1750650+00:00 ContainerStatus: Site: insyt-apc-worker-prod-v2 stopped.
2026-06-14T15:18:03.4508550+00:00 ContainerStatus: State: Starting, Action: EstablishingSiteNetworks, LastError: , LastErrorTimestamp: 01/01/0001 00:00:00, LastErrorDetails: , Details: , DetailsLevel: INFO
2026-06-14T15:18:03.8577917+00:00 ContainerStatus: State: Starting, Action: StartingMsiContainer, LastError: , LastErrorTimestamp: 01/01/0001 00:00:00, LastErrorDetails: , Details: , DetailsLevel: INFO
2026-06-14T15:18:07.8680824+00:00 ContainerStatus: State: Starting, Action: StartingSiteContainers, LastError: , LastErrorTimestamp: 01/01/0001 00:00:00, LastErrorDetails: , Details: , DetailsLevel: INFO
2026-06-14T15:18:07.8682247+00:00 ContainerStatus: Container start method called.
2026-06-14T15:18:07.8682696+00:00 ContainerStatus: State: Starting, Action: PullingImage, LastError: , LastErrorTimestamp: 01/01/0001 00:00:00, LastErrorDetails: , Details: Pulling image mcr.microsoft.com/azure-functions/bookworm/linuxdedicated:4.1048.200-4-python3.12-appservice for insyt-apc-worker-prod-v2., DetailsLevel: INFO
2026-06-14T15:18:07.8683582+00:00 ContainerStatus: Establishing network.
2026-06-14T15:18:07.8684575+00:00 ContainerStatus: Pulling image: azure-functions/bookworm/linuxdedicated:4.1048.200-4-python3.12-appservice.
2026-06-14T15:18:08.0429301+00:00 ContainerStatus: Container is starting.
2026-06-14T15:18:08.0430111+00:00 ContainerStatus: State: Starting, Action: MountingVolumes, LastError: , LastErrorTimestamp: 01/01/0001 00:00:00, LastErrorDetails: , Details: Mounting volumes for insyt-apc-worker-prod-v2., DetailsLevel: INFO
2026-06-14T15:18:08.0431222+00:00 ContainerStatus: Establishing user namespace if not established already.
2026-06-14T15:18:08.0432466+00:00 ContainerStatus: Establishing network if not established already.
2026-06-14T15:18:08.0433936+00:00 ContainerStatus: Mounting volumes.
2026-06-14T15:18:08.0435445+00:00 ContainerStatus: Nested mountpoint site/wwwroot
2026-06-14T15:18:08.0980925+00:00 ContainerStatus: Nested mountpoint volatile/logs
2026-06-14T15:18:08.0998287+00:00 ContainerStatus: Nested mountpoint 
2026-06-14T15:18:08.1129923+00:00 ContainerStatus: Nested mountpoint 
2026-06-14T15:18:08.1142542+00:00 ContainerStatus: Nested mountpoint 
2026-06-14T15:18:08.1294523+00:00 ContainerStatus: Nested mountpoint 
2026-06-14T15:18:08.1415648+00:00 ContainerStatus: Nested mountpoint 
2026-06-14T15:18:10.8395347+00:00 ContainerStatus: State: Starting, Action: CreatingContainer, LastError: , LastErrorTimestamp: 01/01/0001 00:00:00, LastErrorDetails: , Details: Finished pulling container image and mounting volumes for insyt-apc-worker-prod-v2. Allocatinng the rest of the container resources to finish container creation., DetailsLevel: INFO
2026-06-14T15:18:10.8396727+00:00 ContainerStatus: Creating container.
2026-06-14T15:18:10.8397831+00:00 ContainerStatus: Creating pipes for streaming container io.
2026-06-14T15:18:10.8398861+00:00 ContainerStatus: Creating stdout named pipe at /podr/container/pipe/41de884fddf6_insyt-apc-worker-prod-v2/stdout_137e8fe0a17a403dbed057cae810405d.
2026-06-14T15:18:10.8401016+00:00 ContainerStatus: Successfully created stdout named pipe at: /podr/container/pipe/41de884fddf6_insyt-apc-worker-prod-v2/stdout_137e8fe0a17a403dbed057cae810405d.
2026-06-14T15:18:10.8402049+00:00 ContainerStatus: Opening named pipe /podr/container/pipe/41de884fddf6_insyt-apc-worker-prod-v2/stdout_137e8fe0a17a403dbed057cae810405d for reading in non-blocking mode.
2026-06-14T15:18:10.8403226+00:00 ContainerStatus: Successfully opened named pipe: /podr/container/pipe/41de884fddf6_insyt-apc-worker-prod-v2/stdout_137e8fe0a17a403dbed057cae810405d.
2026-06-14T15:18:10.8404316+00:00 ContainerStatus: Successfully removed non-blocking flag from /podr/container/pipe/41de884fddf6_insyt-apc-worker-prod-v2/stdout_137e8fe0a17a403dbed057cae810405d.
2026-06-14T15:18:10.8500438+00:00 ContainerStatus: Creating stderr named pipe at /podr/container/pipe/41de884fddf6_insyt-apc-worker-prod-v2/stderr_30ceacdf861c4572a9df856ad09b2403.
2026-06-14T15:18:10.8509355+00:00 ContainerStatus: Successfully created stderr named pipe at: /podr/container/pipe/41de884fddf6_insyt-apc-worker-prod-v2/stderr_30ceacdf861c4572a9df856ad09b2403.
2026-06-14T15:18:10.8518219+00:00 ContainerStatus: Opening named pipe /podr/container/pipe/41de884fddf6_insyt-apc-worker-prod-v2/stderr_30ceacdf861c4572a9df856ad09b2403 for reading in non-blocking mode.
2026-06-14T15:18:10.8566482+00:00 ContainerStatus: Successfully opened named pipe: /podr/container/pipe/41de884fddf6_insyt-apc-worker-prod-v2/stderr_30ceacdf861c4572a9df856ad09b2403.
2026-06-14T15:18:10.8568742+00:00 ContainerStatus: Successfully removed non-blocking flag from /podr/container/pipe/41de884fddf6_insyt-apc-worker-prod-v2/stderr_30ceacdf861c4572a9df856ad09b2403.
2026-06-14T15:18:10.8578327+00:00 ContainerStatus: Creating container with image: azure-functions/bookworm/linuxdedicated:4.1048.200-4-python3.12-appservice from registry: mcr.microsoft.com and fully qualified image name: mcr.microsoft.com/azure-functions/bookworm/linuxdedicated:4.1048.200-4-python3.12-appservice
2026-06-14T15:18:11.3004168+00:00 ContainerStatus: Starting container: 41de884fddf6_insyt-apc-worker-prod-v2.
2026-06-14T15:18:11.3150924+00:00 ContainerStatus: Starting watchers and probes.
2026-06-14T15:18:11.3153776+00:00 ContainerStatus: Starting metrics collection.
2026-06-14T15:18:11.3158739+00:00 ContainerStatus: Container is running.
2026-06-14T15:18:11.3162234+00:00 ContainerStatus: State: Starting, Action: CreatingContainer, LastError: , LastErrorTimestamp: 01/01/0001 00:00:00, LastErrorDetails: , Details: Container insyt-apc-worker-prod-v2 successfully created and is running., DetailsLevel: INFO
2026-06-14T15:18:11.3311229+00:00 ContainerStream: WEBSITES_INCLUDE_CLOUD_CERTS is not set to true.
2026-06-14T15:18:11.4544651+00:00 ContainerStream: Starting OpenBSD Secure Shell server: sshd.
2026-06-14T15:18:12.3175971+00:00 ContainerStatus: Container start method finished after 4448 ms.
2026-06-14T15:18:12.3180609+00:00 ContainerStatus: State: Starting, Action: InitiatingSiteWarmUpProbe, LastError: , LastErrorTimestamp: 01/01/0001 00:00:00, LastErrorDetails: , Details: Container insyt-apc-worker-prod-v2 successfully created and is running., DetailsLevel: INFO
2026-06-14T15:18:12.3181468+00:00 ContainerStatus: State: Starting, Action: WaitingForSiteWarmUpProbeSuccess, LastError: , LastErrorTimestamp: 01/01/0001 00:00:00, LastErrorDetails: , Details: Pinging warmup path to ensure container is ready to receive requests., DetailsLevel: INFO
2026-06-14T15:18:17.8847104+00:00 ContainerStream: Hosting environment: Production
2026-06-14T15:18:17.8847957+00:00 ContainerStream: Content root path: /azure-functions-host
2026-06-14T15:18:17.8848012+00:00 ContainerStream: Now listening on: http://[::]:80
2026-06-14T15:18:17.8848049+00:00 ContainerStream: Application started. Press Ctrl+C to shut down.
2026-06-14T15:18:18.4375309+00:00 ContainerStatus: Site startup probe succeeded after 6.1172584 seconds.
2026-06-14T15:18:18.5093872+00:00 ContainerStatus: State: Starting, Action: WarmUpProbeSucceeded, LastError: , LastErrorTimestamp: 01/01/0001 00:00:00, LastErrorDetails: , Details: Site startup probe succeeded after 6.1172584 seconds., DetailsLevel: INFO
2026-06-14T15:18:18.7558170+00:00 ContainerStatus: Site is running with deployment version: 3b88b72e-5b7e-4f2f-ace5-ff0e4a58a78c
2026-06-14T15:18:18.7560756+00:00 ContainerStatus: Site started.
2026-06-14T15:18:18.7561989+00:00 ContainerStatus: State: Started, Action: None, LastError: , LastErrorTimestamp: 01/01/0001 00:00:00, LastErrorDetails: , Details: Site started at 06/14/2026 15:18:18 (UTC), DetailsLevel: INFO
========== New Cold Start Attempt (2026-06-14T15:18:39.9422294+00:00) ==========
2026-06-14T15:18:39.9422294+00:00 ContainerStatus: State: Stopping, Action: StoppingSiteContainers, LastError: ContainerTimeout, LastErrorTimestamp: 06/14/2026 12:57:54, LastErrorDetails: Container did not start within expected time limit of 230s. Please inspect your container logs for more details., Details: Site started at 06/14/2026 14:36:33 (UTC), DetailsLevel: INFO
2026-06-14T15:18:39.9424136+00:00 ContainerStatus: Container is terminating. Grace period: 5 seconds.
2026-06-14T15:18:39.9547880+00:00 ContainerStatus: Stop and delete container. Retry count = 0
2026-06-14T15:18:39.9549400+00:00 ContainerStatus: Stopping container: a700a02a2c40_insyt-apc-worker-prod-v2.
2026-06-14T15:18:45.9007923+00:00 ContainerStatus: Deleting container: a700a02a2c40_insyt-apc-worker-prod-v2. Retry count = 0
2026-06-14T15:18:45.9940051+00:00 ContainerStatus: Container spec TerminationMessagePolicy  path 
2026-06-14T15:18:45.9941498+00:00 ContainerStatus: Container is terminated. Total time elapsed: 6051 ms.
2026-06-14T15:18:46.1284609+00:00 ContainerStatus: Site: insyt-apc-worker-prod-v2 stopped.
2026-06-14T15:19:06.7657712+00:00 ContainerStatus: State: Starting, Action: EstablishingSiteNetworks, LastError: , LastErrorTimestamp: 01/01/0001 00:00:00, LastErrorDetails: , Details: , DetailsLevel: INFO
2026-06-14T15:19:07.3500412+00:00 ContainerStatus: State: Starting, Action: StartingMsiContainer, LastError: , LastErrorTimestamp: 01/01/0001 00:00:00, LastErrorDetails: , Details: , DetailsLevel: INFO
2026-06-14T15:19:11.8243221+00:00 ContainerStatus: State: Starting, Action: StartingSiteContainers, LastError: , LastErrorTimestamp: 01/01/0001 00:00:00, LastErrorDetails: , Details: , DetailsLevel: INFO
2026-06-14T15:19:11.8244766+00:00 ContainerStatus: Container start method called.
2026-06-14T15:19:11.8245244+00:00 ContainerStatus: State: Starting, Action: PullingImage, LastError: , LastErrorTimestamp: 01/01/0001 00:00:00, LastErrorDetails: , Details: Pulling image mcr.microsoft.com/azure-functions/bookworm/linuxdedicated:4.1048.200-4-python3.12-appservice for insyt-apc-worker-prod-v2., DetailsLevel: INFO
2026-06-14T15:19:11.8246429+00:00 ContainerStatus: Establishing network.
2026-06-14T15:19:11.8248636+00:00 ContainerStatus: Pulling image: azure-functions/bookworm/linuxdedicated:4.1048.200-4-python3.12-appservice.
2026-06-14T15:19:12.4237571+00:00 ContainerStatus: Container is starting.
2026-06-14T15:19:12.4238291+00:00 ContainerStatus: State: Starting, Action: MountingVolumes, LastError: , LastErrorTimestamp: 01/01/0001 00:00:00, LastErrorDetails: , Details: Mounting volumes for insyt-apc-worker-prod-v2., DetailsLevel: INFO
2026-06-14T15:19:12.4239372+00:00 ContainerStatus: Establishing user namespace if not established already.
2026-06-14T15:19:12.4240390+00:00 ContainerStatus: Establishing network if not established already.
2026-06-14T15:19:12.4241821+00:00 ContainerStatus: Mounting volumes.
2026-06-14T15:19:12.4243261+00:00 ContainerStatus: Nested mountpoint site/wwwroot
2026-06-14T15:19:12.4660133+00:00 ContainerStatus: Nested mountpoint volatile/logs
2026-06-14T15:19:12.4812039+00:00 ContainerStatus: Nested mountpoint 
2026-06-14T15:19:12.4902009+00:00 ContainerStatus: Nested mountpoint 
2026-06-14T15:19:12.5155261+00:00 ContainerStatus: Nested mountpoint 
2026-06-14T15:19:12.5353366+00:00 ContainerStatus: Nested mountpoint 
2026-06-14T15:19:12.5376160+00:00 ContainerStatus: Nested mountpoint 
2026-06-14T15:19:15.7293354+00:00 ContainerStatus: State: Starting, Action: CreatingContainer, LastError: , LastErrorTimestamp: 01/01/0001 00:00:00, LastErrorDetails: , Details: Finished pulling container image and mounting volumes for insyt-apc-worker-prod-v2. Allocatinng the rest of the container resources to finish container creation., DetailsLevel: INFO
2026-06-14T15:19:15.7296778+00:00 ContainerStatus: Creating container.
2026-06-14T15:19:15.7298554+00:00 ContainerStatus: Creating pipes for streaming container io.
2026-06-14T15:19:15.7301659+00:00 ContainerStatus: Creating stdout named pipe at /podr/container/pipe/6eb3334f199e_insyt-apc-worker-prod-v2/stdout_ab903185272b474ea49e35e6cb359fff.
2026-06-14T15:19:15.7305631+00:00 ContainerStatus: Successfully created stdout named pipe at: /podr/container/pipe/6eb3334f199e_insyt-apc-worker-prod-v2/stdout_ab903185272b474ea49e35e6cb359fff.
2026-06-14T15:19:15.7313323+00:00 ContainerStatus: Opening named pipe /podr/container/pipe/6eb3334f199e_insyt-apc-worker-prod-v2/stdout_ab903185272b474ea49e35e6cb359fff for reading in non-blocking mode.
2026-06-14T15:19:15.7335655+00:00 ContainerStatus: Successfully opened named pipe: /podr/container/pipe/6eb3334f199e_insyt-apc-worker-prod-v2/stdout_ab903185272b474ea49e35e6cb359fff.
2026-06-14T15:19:15.7340438+00:00 ContainerStatus: Successfully removed non-blocking flag from /podr/container/pipe/6eb3334f199e_insyt-apc-worker-prod-v2/stdout_ab903185272b474ea49e35e6cb359fff.
2026-06-14T15:19:15.7361843+00:00 ContainerStatus: Creating stderr named pipe at /podr/container/pipe/6eb3334f199e_insyt-apc-worker-prod-v2/stderr_571fdd09e6e24e9b890a8107a572c2d9.
2026-06-14T15:19:15.7368128+00:00 ContainerStatus: Successfully created stderr named pipe at: /podr/container/pipe/6eb3334f199e_insyt-apc-worker-prod-v2/stderr_571fdd09e6e24e9b890a8107a572c2d9.
2026-06-14T15:19:15.7369937+00:00 ContainerStatus: Opening named pipe /podr/container/pipe/6eb3334f199e_insyt-apc-worker-prod-v2/stderr_571fdd09e6e24e9b890a8107a572c2d9 for reading in non-blocking mode.
2026-06-14T15:19:15.7409646+00:00 ContainerStatus: Successfully opened named pipe: /podr/container/pipe/6eb3334f199e_insyt-apc-worker-prod-v2/stderr_571fdd09e6e24e9b890a8107a572c2d9.
2026-06-14T15:19:15.7415137+00:00 ContainerStatus: Successfully removed non-blocking flag from /podr/container/pipe/6eb3334f199e_insyt-apc-worker-prod-v2/stderr_571fdd09e6e24e9b890a8107a572c2d9.
2026-06-14T15:19:15.7417783+00:00 ContainerStatus: Creating container with image: azure-functions/bookworm/linuxdedicated:4.1048.200-4-python3.12-appservice from registry: mcr.microsoft.com and fully qualified image name: mcr.microsoft.com/azure-functions/bookworm/linuxdedicated:4.1048.200-4-python3.12-appservice
2026-06-14T15:19:16.1122882+00:00 ContainerStatus: Starting container: 6eb3334f199e_insyt-apc-worker-prod-v2.
2026-06-14T15:19:16.1292452+00:00 ContainerStatus: Starting watchers and probes.
2026-06-14T15:19:16.1312703+00:00 ContainerStatus: Starting metrics collection.
2026-06-14T15:19:16.1314292+00:00 ContainerStatus: Container is running.
2026-06-14T15:19:16.1315104+00:00 ContainerStatus: State: Starting, Action: CreatingContainer, LastError: , LastErrorTimestamp: 01/01/0001 00:00:00, LastErrorDetails: , Details: Container insyt-apc-worker-prod-v2 successfully created and is running., DetailsLevel: INFO
2026-06-14T15:19:16.1614261+00:00 ContainerStream: WEBSITES_INCLUDE_CLOUD_CERTS is not set to true.
2026-06-14T15:19:16.1776142+00:00 ContainerStatus: Container start method finished after 4352 ms.
2026-06-14T15:19:16.1809569+00:00 ContainerStatus: State: Starting, Action: InitiatingSiteWarmUpProbe, LastError: , LastErrorTimestamp: 01/01/0001 00:00:00, LastErrorDetails: , Details: Container insyt-apc-worker-prod-v2 successfully created and is running., DetailsLevel: INFO
2026-06-14T15:19:16.1810418+00:00 ContainerStatus: State: Starting, Action: WaitingForSiteWarmUpProbeSuccess, LastError: , LastErrorTimestamp: 01/01/0001 00:00:00, LastErrorDetails: , Details: Pinging warmup path to ensure container is ready to receive requests., DetailsLevel: INFO
2026-06-14T15:19:16.2829125+00:00 ContainerStream: Starting OpenBSD Secure Shell server: sshd.
2026-06-14T15:19:22.2769612+00:00 ContainerStream: Hosting environment: Production
2026-06-14T15:19:22.2770156+00:00 ContainerStream: Content root path: /azure-functions-host
2026-06-14T15:19:22.2770208+00:00 ContainerStream: Now listening on: http://[::]:80
2026-06-14T15:19:22.2770246+00:00 ContainerStream: Application started. Press Ctrl+C to shut down.
2026-06-14T15:19:23.2901887+00:00 ContainerStatus: Site startup probe succeeded after 7.1062318 seconds.
2026-06-14T15:19:23.4246448+00:00 ContainerStatus: State: Starting, Action: WarmUpProbeSucceeded, LastError: , LastErrorTimestamp: 01/01/0001 00:00:00, LastErrorDetails: , Details: Site startup probe succeeded after 7.1062318 seconds., DetailsLevel: INFO
2026-06-14T15:19:23.6831987+00:00 ContainerStatus: Site is running with deployment version: 3b88b72e-5b7e-4f2f-ace5-ff0e4a58a78c
2026-06-14T15:19:23.6834093+00:00 ContainerStatus: Site started.
2026-06-14T15:19:23.6834743+00:00 ContainerStatus: State: Started, Action: None, LastError: , LastErrorTimestamp: 01/01/0001 00:00:00, LastErrorDetails: , Details: Site started at 06/14/2026 15:19:23 (UTC), DetailsLevel: INFO
========== New Cold Start Attempt (2026-06-14T15:19:45.2121406+00:00) ==========
2026-06-14T15:19:45.2121406+00:00 ContainerStatus: State: Stopping, Action: StoppingSiteContainers, LastError: ContainerTimeout, LastErrorTimestamp: 06/14/2026 12:57:54, LastErrorDetails: Container did not start within expected time limit of 230s. Please inspect your container logs for more details., Details: Site started at 06/14/2026 15:18:18 (UTC), DetailsLevel: INFO
2026-06-14T15:19:45.2122808+00:00 ContainerStatus: Container is terminating. Grace period: 5 seconds.
2026-06-14T15:19:45.2138766+00:00 ContainerStatus: Stop and delete container. Retry count = 0
2026-06-14T15:19:45.2140130+00:00 ContainerStatus: Stopping container: 41de884fddf6_insyt-apc-worker-prod-v2.
2026-06-14T15:19:50.6668913+00:00 ContainerStatus: Deleting container: 41de884fddf6_insyt-apc-worker-prod-v2. Retry count = 0
2026-06-14T15:19:50.7354469+00:00 ContainerStatus: Container spec TerminationMessagePolicy  path 
2026-06-14T15:19:50.7355958+00:00 ContainerStatus: Container is terminated. Total time elapsed: 5523 ms.
2026-06-14T15:19:50.8647058+00:00 ContainerStatus: Site: insyt-apc-worker-prod-v2 stopped.
2026-06-14T16:26:33.2485725+00:00 ContainerStatus: State: Starting, Action: EstablishingSiteNetworks, LastError: , LastErrorTimestamp: 01/01/0001 00:00:00, LastErrorDetails: , Details: , DetailsLevel: INFO
2026-06-14T16:26:33.6781918+00:00 ContainerStatus: State: Starting, Action: StartingMsiContainer, LastError: , LastErrorTimestamp: 01/01/0001 00:00:00, LastErrorDetails: , Details: , DetailsLevel: INFO
2026-06-14T16:26:37.6652102+00:00 ContainerStatus: State: Starting, Action: StartingSiteContainers, LastError: , LastErrorTimestamp: 01/01/0001 00:00:00, LastErrorDetails: , Details: , DetailsLevel: INFO
2026-06-14T16:26:37.6653899+00:00 ContainerStatus: Container start method called.
2026-06-14T16:26:37.6654309+00:00 ContainerStatus: State: Starting, Action: PullingImage, LastError: , LastErrorTimestamp: 01/01/0001 00:00:00, LastErrorDetails: , Details: Pulling image mcr.microsoft.com/azure-functions/bookworm/linuxdedicated:4.1048.200-4-python3.12-appservice for insyt-apc-worker-prod-v2., DetailsLevel: INFO
2026-06-14T16:26:37.6655564+00:00 ContainerStatus: Establishing network.
2026-06-14T16:26:37.6657254+00:00 ContainerStatus: Pulling image: azure-functions/bookworm/linuxdedicated:4.1048.200-4-python3.12-appservice.
2026-06-14T16:26:38.2614745+00:00 ContainerStatus: Container is starting.
2026-06-14T16:26:38.2616002+00:00 ContainerStatus: State: Starting, Action: MountingVolumes, LastError: , LastErrorTimestamp: 01/01/0001 00:00:00, LastErrorDetails: , Details: Mounting volumes for insyt-apc-worker-prod-v2., DetailsLevel: INFO
2026-06-14T16:26:38.2617299+00:00 ContainerStatus: Establishing user namespace if not established already.
2026-06-14T16:26:38.2618475+00:00 ContainerStatus: Establishing network if not established already.
2026-06-14T16:26:38.2619677+00:00 ContainerStatus: Mounting volumes.
2026-06-14T16:26:38.2621131+00:00 ContainerStatus: Nested mountpoint site/wwwroot
2026-06-14T16:26:38.2948881+00:00 ContainerStatus: Nested mountpoint volatile/logs
2026-06-14T16:26:38.3049374+00:00 ContainerStatus: Nested mountpoint 
2026-06-14T16:26:38.3156040+00:00 ContainerStatus: Nested mountpoint 
2026-06-14T16:26:38.3163443+00:00 ContainerStatus: Nested mountpoint 
2026-06-14T16:26:38.3428357+00:00 ContainerStatus: Nested mountpoint 
2026-06-14T16:26:38.3514650+00:00 ContainerStatus: Nested mountpoint 
2026-06-14T16:26:41.5589769+00:00 ContainerStatus: State: Starting, Action: CreatingContainer, LastError: , LastErrorTimestamp: 01/01/0001 00:00:00, LastErrorDetails: , Details: Finished pulling container image and mounting volumes for insyt-apc-worker-prod-v2. Allocatinng the rest of the container resources to finish container creation., DetailsLevel: INFO
2026-06-14T16:26:41.5590964+00:00 ContainerStatus: Creating container.
2026-06-14T16:26:41.5593723+00:00 ContainerStatus: Creating pipes for streaming container io.
2026-06-14T16:26:41.5594977+00:00 ContainerStatus: Creating stdout named pipe at /podr/container/pipe/226c5cacf6cc_insyt-apc-worker-prod-v2/stdout_6abefe19731546fa9d22da471b38d328.
2026-06-14T16:26:41.5597158+00:00 ContainerStatus: Successfully created stdout named pipe at: /podr/container/pipe/226c5cacf6cc_insyt-apc-worker-prod-v2/stdout_6abefe19731546fa9d22da471b38d328.
2026-06-14T16:26:41.5598105+00:00 ContainerStatus: Opening named pipe /podr/container/pipe/226c5cacf6cc_insyt-apc-worker-prod-v2/stdout_6abefe19731546fa9d22da471b38d328 for reading in non-blocking mode.
2026-06-14T16:26:41.5599363+00:00 ContainerStatus: Successfully opened named pipe: /podr/container/pipe/226c5cacf6cc_insyt-apc-worker-prod-v2/stdout_6abefe19731546fa9d22da471b38d328.
2026-06-14T16:26:41.5600391+00:00 ContainerStatus: Successfully removed non-blocking flag from /podr/container/pipe/226c5cacf6cc_insyt-apc-worker-prod-v2/stdout_6abefe19731546fa9d22da471b38d328.
2026-06-14T16:26:41.5690961+00:00 ContainerStatus: Creating stderr named pipe at /podr/container/pipe/226c5cacf6cc_insyt-apc-worker-prod-v2/stderr_56af685b3d104885b66af9aebf3ca80b.
2026-06-14T16:26:41.5696873+00:00 ContainerStatus: Successfully created stderr named pipe at: /podr/container/pipe/226c5cacf6cc_insyt-apc-worker-prod-v2/stderr_56af685b3d104885b66af9aebf3ca80b.
2026-06-14T16:26:41.5729004+00:00 ContainerStatus: Opening named pipe /podr/container/pipe/226c5cacf6cc_insyt-apc-worker-prod-v2/stderr_56af685b3d104885b66af9aebf3ca80b for reading in non-blocking mode.
2026-06-14T16:26:41.5733046+00:00 ContainerStatus: Successfully opened named pipe: /podr/container/pipe/226c5cacf6cc_insyt-apc-worker-prod-v2/stderr_56af685b3d104885b66af9aebf3ca80b.
2026-06-14T16:26:41.5812427+00:00 ContainerStatus: Successfully removed non-blocking flag from /podr/container/pipe/226c5cacf6cc_insyt-apc-worker-prod-v2/stderr_56af685b3d104885b66af9aebf3ca80b.
2026-06-14T16:26:41.5814400+00:00 ContainerStatus: Creating container with image: azure-functions/bookworm/linuxdedicated:4.1048.200-4-python3.12-appservice from registry: mcr.microsoft.com and fully qualified image name: mcr.microsoft.com/azure-functions/bookworm/linuxdedicated:4.1048.200-4-python3.12-appservice
2026-06-14T16:26:41.9917484+00:00 ContainerStatus: Starting container: 226c5cacf6cc_insyt-apc-worker-prod-v2.
2026-06-14T16:26:42.0113309+00:00 ContainerStatus: Starting watchers and probes.
2026-06-14T16:26:42.0115770+00:00 ContainerStatus: Starting metrics collection.
2026-06-14T16:26:42.0120213+00:00 ContainerStatus: Container is running.
2026-06-14T16:26:42.0124087+00:00 ContainerStatus: State: Starting, Action: CreatingContainer, LastError: , LastErrorTimestamp: 01/01/0001 00:00:00, LastErrorDetails: , Details: Container insyt-apc-worker-prod-v2 successfully created and is running., DetailsLevel: INFO
2026-06-14T16:26:42.0778924+00:00 ContainerStream: WEBSITES_INCLUDE_CLOUD_CERTS is not set to true.
2026-06-14T16:26:42.0816983+00:00 ContainerStatus: Container start method finished after 4416 ms.
2026-06-14T16:26:42.0820957+00:00 ContainerStatus: State: Starting, Action: InitiatingSiteWarmUpProbe, LastError: , LastErrorTimestamp: 01/01/0001 00:00:00, LastErrorDetails: , Details: Container insyt-apc-worker-prod-v2 successfully created and is running., DetailsLevel: INFO
2026-06-14T16:26:42.0821208+00:00 ContainerStatus: State: Starting, Action: WaitingForSiteWarmUpProbeSuccess, LastError: , LastErrorTimestamp: 01/01/0001 00:00:00, LastErrorDetails: , Details: Pinging warmup path to ensure container is ready to receive requests., DetailsLevel: INFO
2026-06-14T16:26:42.2187123+00:00 ContainerStream: Starting OpenBSD Secure Shell server: sshd.
2026-06-14T16:26:48.5451402+00:00 ContainerStream: Hosting environment: Production
2026-06-14T16:26:48.5451885+00:00 ContainerStream: Content root path: /azure-functions-host
2026-06-14T16:26:48.5451936+00:00 ContainerStream: Now listening on: http://[::]:80
2026-06-14T16:26:48.5451971+00:00 ContainerStream: Application started. Press Ctrl+C to shut down.
2026-06-14T16:26:49.1917151+00:00 ContainerStatus: Site startup probe succeeded after 7.1091354 seconds.
2026-06-14T16:26:49.2596554+00:00 ContainerStatus: State: Starting, Action: WarmUpProbeSucceeded, LastError: , LastErrorTimestamp: 01/01/0001 00:00:00, LastErrorDetails: , Details: Site startup probe succeeded after 7.1091354 seconds., DetailsLevel: INFO
2026-06-14T16:26:49.5192547+00:00 ContainerStatus: Site is running with deployment version: 5b6068ad-48f5-4e6d-bf77-6548bde6b67a
2026-06-14T16:26:49.5197770+00:00 ContainerStatus: Site started.
2026-06-14T16:26:49.5198651+00:00 ContainerStatus: State: Started, Action: None, LastError: , LastErrorTimestamp: 01/01/0001 00:00:00, LastErrorDetails: , Details: Site started at 06/14/2026 16:26:49 (UTC), DetailsLevel: INFO
========== New Cold Start Attempt (2026-06-14T16:27:10.5027491+00:00) ==========
2026-06-14T16:27:10.5027491+00:00 ContainerStatus: State: Stopping, Action: StoppingSiteContainers, LastError: ContainerTimeout, LastErrorTimestamp: 06/14/2026 12:57:54, LastErrorDetails: Container did not start within expected time limit of 230s. Please inspect your container logs for more details., Details: Site started at 06/14/2026 15:19:23 (UTC), DetailsLevel: INFO
2026-06-14T16:27:10.5028741+00:00 ContainerStatus: Container is terminating. Grace period: 5 seconds.
2026-06-14T16:27:10.5064208+00:00 ContainerStatus: Stop and delete container. Retry count = 0
2026-06-14T16:27:10.5065534+00:00 ContainerStatus: Stopping container: 6eb3334f199e_insyt-apc-worker-prod-v2.
2026-06-14T16:27:15.6117871+00:00 ContainerStatus: Deleting container: 6eb3334f199e_insyt-apc-worker-prod-v2. Retry count = 0
2026-06-14T16:27:15.6825476+00:00 ContainerStatus: Container spec TerminationMessagePolicy  path 
2026-06-14T16:27:15.6827312+00:00 ContainerStatus: Container is terminated. Total time elapsed: 5179 ms.
2026-06-14T16:27:15.8087304+00:00 ContainerStatus: Site: insyt-apc-worker-prod-v2 stopped.
2026-06-14T16:27:56.7149213+00:00 ContainerStatus: State: Starting, Action: EstablishingSiteNetworks, LastError: , LastErrorTimestamp: 01/01/0001 00:00:00, LastErrorDetails: , Details: , DetailsLevel: INFO
2026-06-14T16:27:57.3848133+00:00 ContainerStatus: State: Starting, Action: StartingMsiContainer, LastError: , LastErrorTimestamp: 01/01/0001 00:00:00, LastErrorDetails: , Details: , DetailsLevel: INFO
2026-06-14T16:28:02.6995862+00:00 ContainerStatus: State: Starting, Action: StartingSiteContainers, LastError: , LastErrorTimestamp: 01/01/0001 00:00:00, LastErrorDetails: , Details: , DetailsLevel: INFO
2026-06-14T16:28:02.6997159+00:00 ContainerStatus: Container start method called.
2026-06-14T16:28:02.6997504+00:00 ContainerStatus: State: Starting, Action: PullingImage, LastError: , LastErrorTimestamp: 01/01/0001 00:00:00, LastErrorDetails: , Details: Pulling image mcr.microsoft.com/azure-functions/bookworm/linuxdedicated:4.1048.200-4-python3.12-appservice for insyt-apc-worker-prod-v2., DetailsLevel: INFO
2026-06-14T16:28:02.6998459+00:00 ContainerStatus: Establishing network.
2026-06-14T16:28:02.6999634+00:00 ContainerStatus: Pulling image: azure-functions/bookworm/linuxdedicated:4.1048.200-4-python3.12-appservice.
2026-06-14T16:28:02.9196372+00:00 ContainerStatus: Container is starting.
2026-06-14T16:28:02.9196971+00:00 ContainerStatus: State: Starting, Action: MountingVolumes, LastError: , LastErrorTimestamp: 01/01/0001 00:00:00, LastErrorDetails: , Details: Mounting volumes for insyt-apc-worker-prod-v2., DetailsLevel: INFO
2026-06-14T16:28:02.9198165+00:00 ContainerStatus: Establishing user namespace if not established already.
2026-06-14T16:28:02.9199298+00:00 ContainerStatus: Establishing network if not established already.
2026-06-14T16:28:02.9200588+00:00 ContainerStatus: Mounting volumes.
2026-06-14T16:28:02.9202131+00:00 ContainerStatus: Nested mountpoint site/wwwroot
2026-06-14T16:28:02.9757369+00:00 ContainerStatus: Nested mountpoint volatile/logs
2026-06-14T16:28:02.9933316+00:00 ContainerStatus: Nested mountpoint 
2026-06-14T16:28:03.0128600+00:00 ContainerStatus: Nested mountpoint 
2026-06-14T16:28:03.0294776+00:00 ContainerStatus: Nested mountpoint 
2026-06-14T16:28:03.0657415+00:00 ContainerStatus: Nested mountpoint 
2026-06-14T16:28:03.0705862+00:00 ContainerStatus: Nested mountpoint 
2026-06-14T16:28:06.0181845+00:00 ContainerStatus: State: Starting, Action: CreatingContainer, LastError: , LastErrorTimestamp: 01/01/0001 00:00:00, LastErrorDetails: , Details: Finished pulling container image and mounting volumes for insyt-apc-worker-prod-v2. Allocatinng the rest of the container resources to finish container creation., DetailsLevel: INFO
2026-06-14T16:28:06.0183312+00:00 ContainerStatus: Creating container.
2026-06-14T16:28:06.0184402+00:00 ContainerStatus: Creating pipes for streaming container io.
2026-06-14T16:28:06.0185552+00:00 ContainerStatus: Creating stdout named pipe at /podr/container/pipe/fd197a784865_insyt-apc-worker-prod-v2/stdout_5cc91751555b4e22974f5275558c5c38.
2026-06-14T16:28:06.0187828+00:00 ContainerStatus: Successfully created stdout named pipe at: /podr/container/pipe/fd197a784865_insyt-apc-worker-prod-v2/stdout_5cc91751555b4e22974f5275558c5c38.
2026-06-14T16:28:06.0188894+00:00 ContainerStatus: Opening named pipe /podr/container/pipe/fd197a784865_insyt-apc-worker-prod-v2/stdout_5cc91751555b4e22974f5275558c5c38 for reading in non-blocking mode.
2026-06-14T16:28:06.0190080+00:00 ContainerStatus: Successfully opened named pipe: /podr/container/pipe/fd197a784865_insyt-apc-worker-prod-v2/stdout_5cc91751555b4e22974f5275558c5c38.
2026-06-14T16:28:06.0191087+00:00 ContainerStatus: Successfully removed non-blocking flag from /podr/container/pipe/fd197a784865_insyt-apc-worker-prod-v2/stdout_5cc91751555b4e22974f5275558c5c38.
2026-06-14T16:28:06.0264772+00:00 ContainerStatus: Creating stderr named pipe at /podr/container/pipe/fd197a784865_insyt-apc-worker-prod-v2/stderr_7fbb2a6bb6d44213bd83eb1a57a135ed.
2026-06-14T16:28:06.0266593+00:00 ContainerStatus: Successfully created stderr named pipe at: /podr/container/pipe/fd197a784865_insyt-apc-worker-prod-v2/stderr_7fbb2a6bb6d44213bd83eb1a57a135ed.
2026-06-14T16:28:06.0267773+00:00 ContainerStatus: Opening named pipe /podr/container/pipe/fd197a784865_insyt-apc-worker-prod-v2/stderr_7fbb2a6bb6d44213bd83eb1a57a135ed for reading in non-blocking mode.
2026-06-14T16:28:06.0268968+00:00 ContainerStatus: Successfully opened named pipe: /podr/container/pipe/fd197a784865_insyt-apc-worker-prod-v2/stderr_7fbb2a6bb6d44213bd83eb1a57a135ed.
2026-06-14T16:28:06.0269915+00:00 ContainerStatus: Successfully removed non-blocking flag from /podr/container/pipe/fd197a784865_insyt-apc-worker-prod-v2/stderr_7fbb2a6bb6d44213bd83eb1a57a135ed.
2026-06-14T16:28:06.0271338+00:00 ContainerStatus: Creating container with image: azure-functions/bookworm/linuxdedicated:4.1048.200-4-python3.12-appservice from registry: mcr.microsoft.com and fully qualified image name: mcr.microsoft.com/azure-functions/bookworm/linuxdedicated:4.1048.200-4-python3.12-appservice
2026-06-14T16:28:06.4235439+00:00 ContainerStatus: Starting container: fd197a784865_insyt-apc-worker-prod-v2.
2026-06-14T16:28:06.4383576+00:00 ContainerStatus: Starting watchers and probes.
2026-06-14T16:28:06.4404035+00:00 ContainerStatus: Starting metrics collection.
2026-06-14T16:28:06.4406331+00:00 ContainerStatus: Container is running.
2026-06-14T16:28:06.4409457+00:00 ContainerStatus: State: Starting, Action: CreatingContainer, LastError: , LastErrorTimestamp: 01/01/0001 00:00:00, LastErrorDetails: , Details: Container insyt-apc-worker-prod-v2 successfully created and is running., DetailsLevel: INFO
2026-06-14T16:28:06.4546904+00:00 ContainerStream: WEBSITES_INCLUDE_CLOUD_CERTS is not set to true.
2026-06-14T16:28:06.4812789+00:00 ContainerStatus: Container start method finished after 3778 ms.
2026-06-14T16:28:06.4819570+00:00 ContainerStatus: State: Starting, Action: InitiatingSiteWarmUpProbe, LastError: , LastErrorTimestamp: 01/01/0001 00:00:00, LastErrorDetails: , Details: Container insyt-apc-worker-prod-v2 successfully created and is running., DetailsLevel: INFO
2026-06-14T16:28:06.4819966+00:00 ContainerStatus: State: Starting, Action: WaitingForSiteWarmUpProbeSuccess, LastError: , LastErrorTimestamp: 01/01/0001 00:00:00, LastErrorDetails: , Details: Pinging warmup path to ensure container is ready to receive requests., DetailsLevel: INFO
2026-06-14T16:28:06.6046815+00:00 ContainerStream: Starting OpenBSD Secure Shell server: sshd.
2026-06-14T16:28:12.4288954+00:00 ContainerStream: Hosting environment: Production
2026-06-14T16:28:12.4289626+00:00 ContainerStream: Content root path: /azure-functions-host
2026-06-14T16:28:12.4289684+00:00 ContainerStream: Now listening on: http://[::]:80
2026-06-14T16:28:12.4289721+00:00 ContainerStream: Application started. Press Ctrl+C to shut down.
2026-06-14T16:28:12.6351922+00:00 ContainerStatus: Site startup probe succeeded after 6.1528405 seconds.
2026-06-14T16:28:12.7675813+00:00 ContainerStatus: State: Starting, Action: WarmUpProbeSucceeded, LastError: , LastErrorTimestamp: 01/01/0001 00:00:00, LastErrorDetails: , Details: Site startup probe succeeded after 6.1528405 seconds., DetailsLevel: INFO
2026-06-14T16:28:13.1073062+00:00 ContainerStatus: Site is running with deployment version: 5b6068ad-48f5-4e6d-bf77-6548bde6b67a
2026-06-14T16:28:13.1075275+00:00 ContainerStatus: Site started.
2026-06-14T16:28:13.1076075+00:00 ContainerStatus: State: Started, Action: None, LastError: , LastErrorTimestamp: 01/01/0001 00:00:00, LastErrorDetails: , Details: Site started at 06/14/2026 16:28:13 (UTC), DetailsLevel: INFO
