"Severity","Issue","File","Line","Text"
"INFO","Project base path helper usage","backend\apc\api.py","9","from .azure_layout import AzureRoutingConfig"
"INFO","Project base path helper usage","backend\apc\api.py","64",") -> AzureRoutingConfig:"
"INFO","Project base path helper usage","backend\apc\api.py","65","return AzureRoutingConfig.from_args("
"INFO","Project base path helper usage","backend\apc\azure_blob_adapter.py","10","from .azure_layout import AzureRoutingConfig, build_review_promotion_blob_plan, build_azure_routing_summary"
"INFO","Project base path helper usage","backend\apc\azure_blob_adapter.py","48","def __init__(self, routing: AzureRoutingConfig):"
"FAIL","Workspace-first literal/order: workspace/client/project","backend\apc\azure_blob_adapter.py","127","{workspace}/{client}/{project}/source/processing_center/uploads/"
"REVIEW","Direct APC upload path literal","backend\apc\azure_blob_adapter.py","127","{workspace}/{client}/{project}/source/processing_center/uploads/"
"FAIL","Workspace-first literal/order: workspace/client/project","backend\apc\azure_blob_adapter.py","130","{workspace}/{client}/{project}/processing_center/archive/{job_id}/uploads/"
"REVIEW","Direct APC jobs/staged/reports/archive path literal","backend\apc\azure_blob_adapter.py","130","{workspace}/{client}/{project}/processing_center/archive/{job_id}/uploads/"
"REVIEW","Direct APC jobs/staged/reports/archive path literal","backend\apc\azure_blob_adapter.py","137","f""{self.routing.prefix}/processing_center/archive/"""
"INFO","Project base path helper usage","backend\apc\azure_blob_adapter.py","137","f""{self.routing.prefix}/processing_center/archive/"""
"FAIL","Workspace-first literal/order: workspace/client/project","backend\apc\azure_blob_adapter.py","242","{workspace}/{client}/{project}/processing_center/staged/{job_id}/native/"
"REVIEW","Direct APC jobs/staged/reports/archive path literal","backend\apc\azure_blob_adapter.py","242","{workspace}/{client}/{project}/processing_center/staged/{job_id}/native/"
"FAIL","Workspace-first literal/order: workspace/client/project","backend\apc\azure_blob_adapter.py","243","{workspace}/{client}/{project}/processing_center/staged/{job_id}/text/"
"REVIEW","Direct APC jobs/staged/reports/archive path literal","backend\apc\azure_blob_adapter.py","243","{workspace}/{client}/{project}/processing_center/staged/{job_id}/text/"
"FAIL","Workspace-first literal/order: workspace/client/project","backend\apc\azure_blob_adapter.py","248","{workspace}/{client}/{project}/source/native/"
"REVIEW","Direct source native/text/preview/metadata path literal","backend\apc\azure_blob_adapter.py","248","{workspace}/{client}/{project}/source/native/"
"FAIL","Workspace-first literal/order: workspace/client/project","backend\apc\azure_blob_adapter.py","249","{workspace}/{client}/{project}/source/text/"
"REVIEW","Direct source native/text/preview/metadata path literal","backend\apc\azure_blob_adapter.py","249","{workspace}/{client}/{project}/source/text/"
"REVIEW","Direct APC jobs/staged/reports/archive path literal","backend\apc\azure_blob_adapter.py","256","f""{self.routing.prefix}/processing_center/staged/{job_id}"""
"INFO","Project base path helper usage","backend\apc\azure_blob_adapter.py","256","f""{self.routing.prefix}/processing_center/staged/{job_id}"""
"INFO","Project base path helper usage","backend\apc\azure_blob_adapter.py","349","def azure_list_uploads(routing: AzureRoutingConfig, export_dir: str | None = None) -> list[dict[str, object]]:"
"INFO","Project base path helper usage","backend\apc\azure_blob_adapter.py","358","def azure_download_uploads(routing: AzureRoutingConfig, destination_root: str, overwrite: bool = False, export_dir: str | None = None) -> list[dict[str, object]]:"
"INFO","Project base path helper usage","backend\apc\azure_blob_adapter.py","366","routing: AzureRoutingConfig,"
"INFO","Project base path helper usage","backend\apc\azure_blob_adapter.py","394","routing: AzureRoutingConfig,"
"FAIL","routing.workspace/routing.client/routing.project direct path construction","backend\apc\azure_blob_adapter.py","425","f""{routing.workspace}/{routing.client}/{routing.project}/"""
"REVIEW","Direct APC jobs/staged/reports/archive path literal","backend\apc\azure_blob_adapter.py","426","f""processing_center/staged/{job_id}"""
"FAIL","routing.workspace/routing.client/routing.project direct path construction","backend\apc\azure_blob_adapter.py","450","f""{routing.workspace}/{routing.client}/{routing.project}/source/native"""
"REVIEW","Direct source native/text/preview/metadata path literal","backend\apc\azure_blob_adapter.py","450","f""{routing.workspace}/{routing.client}/{routing.project}/source/native"""
"FAIL","routing.workspace/routing.client/routing.project direct path construction","backend\apc\azure_blob_adapter.py","453","f""{routing.workspace}/{routing.client}/{routing.project}/source/text"""
"REVIEW","Direct source native/text/preview/metadata path literal","backend\apc\azure_blob_adapter.py","453","f""{routing.workspace}/{routing.client}/{routing.project}/source/text"""
"INFO","Project base path helper usage","backend\apc\azure_blob_adapter.py","464","routing: AzureRoutingConfig,"
"INFO","Project base path helper usage","backend\apc\azure_blob_adapter.py","529","routing: AzureRoutingConfig,"
"REVIEW","Direct APC jobs/staged/reports/archive path literal","backend\apc\azure_blob_adapter.py","536","This writes to insytprodstorage under processing_center/jobs/{job_id}/status.json,"
"INFO","Project base path helper usage","backend\apc\azure_blob_adapter.py","559","def _processed_hash_index_blob_path(routing: AzureRoutingConfig) -> str:"
"FAIL","routing.workspace/routing.client/routing.project direct path construction","backend\apc\azure_blob_adapter.py","561","f""{routing.workspace}/{routing.client}/{routing.project}/"""
"INFO","Project base path helper usage","backend\apc\azure_blob_adapter.py","566","def azure_read_processed_hash_index(routing: AzureRoutingConfig) -> dict[str, object]:"
"INFO","Project base path helper usage","backend\apc\azure_blob_adapter.py","605","routing: AzureRoutingConfig,"
"INFO","Project base path helper usage","backend\apc\azure_blob_adapter.py","734","def read_processing_job_status(routing: AzureRoutingConfig, job_id: str) -> dict[str, object]:"
"INFO","Project base path helper usage","backend\apc\azure_job_runner.py","16","from .azure_layout import AzureRoutingConfig, build_azure_routing_summary"
"REVIEW","Project display/storage conversion logic","backend\apc\azure_job_runner.py","45","return str(value or ""job"").replace(""/"", ""_"").replace(""\\"", ""_"").replace("" "", ""_"")"
"INFO","Project base path helper usage","backend\apc\azure_job_runner.py","50","routing: AzureRoutingConfig,"
"INFO","Project base path helper usage","backend\apc\azure_job_runner.py","78","routing: AzureRoutingConfig,"
"REVIEW","Direct APC upload path literal","backend\apc\azure_job_runner.py","106","# pending in source/processing_center/uploads. Without clearing this"
"REVIEW","Project display/storage conversion logic","backend\apc\azure_layout.py","25","def clean_segment(value: str | None) -> str:"
"REVIEW","Project display/storage conversion logic","backend\apc\azure_layout.py","29","def storage_segment(value: str | None) -> str:"
"REVIEW","Project display/storage conversion logic","backend\apc\azure_layout.py","30","return clean_segment(value).replace("" "", ""_"")"
"INFO","Project base path helper usage","backend\apc\azure_layout.py","34","class AzureRoutingConfig:"
"INFO","Project base path helper usage","backend\apc\azure_layout.py","57",") -> ""AzureRoutingConfig"":"
"REVIEW","Project display/storage conversion logic","backend\apc\azure_layout.py","58","workspace_clean = clean_segment(workspace).lower() or ""capture"""
"REVIEW","Project display/storage conversion logic","backend\apc\azure_layout.py","63","client=clean_segment(client),"
"REVIEW","Project display/storage conversion logic","backend\apc\azure_layout.py","64","project=storage_segment(project),"
"REVIEW","Project display/storage conversion logic","backend\apc\azure_layout.py","100","client = clean_segment(self.client)"
"REVIEW","Project display/storage conversion logic","backend\apc\azure_layout.py","101","workspace = clean_segment(self.workspace).lower() or ""capture"""
"REVIEW","Project display/storage conversion logic","backend\apc\azure_layout.py","102","project = storage_segment(self.project)"
"REVIEW","Direct APC upload path literal","backend\apc\azure_layout.py","122","""uploads"": f""{p}/source/processing_center/uploads"","
"REVIEW","Direct APC jobs/staged/reports/archive path literal","backend\apc\azure_layout.py","123","""work"": f""{p}/processing_center/work"","
"REVIEW","Direct APC jobs/staged/reports/archive path literal","backend\apc\azure_layout.py","124","""temp"": f""{p}/processing_center/temp"","
"REVIEW","Direct APC jobs/staged/reports/archive path literal","backend\apc\azure_layout.py","125","""jobs"": f""{p}/processing_center/jobs"","
"REVIEW","Direct APC jobs/staged/reports/archive path literal","backend\apc\azure_layout.py","126","""telemetry"": f""{p}/processing_center/telemetry"","
"REVIEW","Direct APC jobs/staged/reports/archive path literal","backend\apc\azure_layout.py","127","""internal_reports"": f""{p}/processing_center/reports/internal"","
"REVIEW","Direct source native/text/preview/metadata path literal","backend\apc\azure_layout.py","134","""native"": f""{p}/source/native"","
"REVIEW","Direct source native/text/preview/metadata path literal","backend\apc\azure_layout.py","135","""text"": f""{p}/source/text"","
"REVIEW","Direct source native/text/preview/metadata path literal","backend\apc\azure_layout.py","136","""preview"": f""{p}/source/preview"","
"REVIEW","Direct source native/text/preview/metadata path literal","backend\apc\azure_layout.py","137","""metadata"": f""{p}/source/metadata"","
"REVIEW","Direct APC jobs/staged/reports/archive path literal","backend\apc\azure_layout.py","138","""reports"": f""{p}/processing_center/reports"","
"INFO","Project base path helper usage","backend\apc\azure_layout.py","186","routing: AzureRoutingConfig,"
"INFO","Project base path helper usage","backend\apc\azure_layout.py","242","routing: AzureRoutingConfig,"
"INFO","Project base path helper usage","backend\apc\azure_layout.py","256","""project_prefix"": routing.prefix,"
"INFO","Project base path helper usage","backend\apc\__main__.py","13","from .azure_layout import AzureRoutingConfig, build_azure_routing_summary, build_review_promotion_blob_plan, export_azure_plan"
"REVIEW","Direct source native/text/preview/metadata path literal","backend\apc\__main__.py","38","run.add_argument(""--promote-review-ready"", action=""store_true"", help=""Create review-ready source/native and source/text output using assigned Doc IDs"")"
"REVIEW","Direct source native/text/preview/metadata path literal","backend\apc\__main__.py","96","azure_upload = sub.add_parser(""azure-upload-review"", help=""Upload local review-ready source/native and source/text outputs to insytreviewstorage. Requires --azure-write."")"
"REVIEW","Direct source native/text/preview/metadata path literal","backend\apc\__main__.py","100","azure_upload.add_argument(""--local-review-root"", required=True, help=""Folder containing source/native and source/text created by --promote-review-ready"")"
"INFO","Project base path helper usage","backend\apc\__main__.py","214","routing = AzureRoutingConfig.from_args("
"INFO","Project base path helper usage","backend\apc\__main__.py","273","routing = AzureRoutingConfig.from_args("
"INFO","Project base path helper usage","backend\apc\__main__.py","308","routing = AzureRoutingConfig.from_args("
"INFO","Project base path helper usage","backend\apc\__main__.py","340","routing = AzureRoutingConfig.from_args("
"INFO","Project base path helper usage","backend\apc\__main__.py","383","routing = AzureRoutingConfig.from_args("
"REVIEW","Direct source native/text/preview/metadata path literal","backend\apc\stages\review_promotion.py","65","""""""Promote final reviewable set into source/native and source/text style folders."
"FAIL","Workspace-first literal/order: workspace/client/project","backend\apc\stages\review_promotion.py","68","operations with Azure Blob writes to {workspace}/{client}/{project}/source/native"
"REVIEW","Direct source native/text/preview/metadata path literal","backend\apc\stages\review_promotion.py","68","operations with Azure Blob writes to {workspace}/{client}/{project}/source/native"
"REVIEW","Direct source native/text/preview/metadata path literal","backend\apc\stages\review_promotion.py","69","and /source/text."
"INFO","Processing Center route decorator","backend\app\api\admin_clients.py","31","@router.get(""/clients-overview"")"
"INFO","Processing Center route decorator","backend\app\api\admin_clients.py","125","@router.get(""/project-users"")"
"INFO","Processing Center route decorator","backend\app\api\admin_clients.py","181","@router.get(""/project-hours-overview"")"
"INFO","Processing Center route decorator","backend\app\api\admin_clients.py","230","@router.get(""/review-hours"")"
"INFO","Processing Center route decorator","backend\app\api\admin_clients.py","290","@router.post(""/users/status"")"
"INFO","Processing Center route decorator","backend\app\api\audit_logs.py","45","@router.get(""/"")"
"INFO","Processing Center route decorator","backend\app\api\auth.py","96","@router.post(""/bootstrap-admin"")"
"INFO","Processing Center route decorator","backend\app\api\auth.py","156","@router.post(""/login"")"
"INFO","Processing Center route decorator","backend\app\api\auth.py","260","@router.post(""/mfa/setup"")"
"INFO","Processing Center route decorator","backend\app\api\auth.py","310","@router.post(""/mfa/confirm"")"
"INFO","Processing Center route decorator","backend\app\api\auth.py","354","@router.post(""/mfa/disable"")"
"INFO","Processing Center route decorator","backend\app\api\auth.py","384","@router.post(""/entra-login"")"
"INFO","Processing Center route decorator","backend\app\api\auth.py","572","@router.get(""/entra/start"")"
"INFO","Processing Center route decorator","backend\app\api\auth.py","597","@router.post(""/entra/callback"")"
"INFO","Processing Center route decorator","backend\app\api\auth.py","729","@router.get(""/me"")"
"INFO","Processing Center route decorator","backend\app\api\azure_projects.py","43","@router.get(""/"")"
"INFO","Processing Center route decorator","backend\app\api\azure_projects.py","63","@router.get(""/debug"")"
"INFO","Processing Center route decorator","backend\app\api\azure_projects.py","93","@router.get(""/{project_id}/files"")"
"INFO","Processing Center route decorator","backend\app\api\azure_projects.py","125","@router.get(""/{project_id}/sample-text"")"
"INFO","Processing Center route decorator","backend\app\api\azure_projects.py","171","@router.get(""/clients"")"
"INFO","Processing Center route decorator","backend\app\api\batches.py","27","@router.get(""/"")"
"INFO","Processing Center route decorator","backend\app\api\batches.py","32","@router.post(""/checkout"")"
"INFO","Processing Center route decorator","backend\app\api\batches.py","69","@router.get(""/files"")"
"INFO","Processing Center route decorator","backend\app\api\batches.py","96","@router.post(""/create-review"")"
"INFO","Processing Center route decorator","backend\app\api\batches.py","157","@router.post(""/create-qc"")"
"INFO","Processing Center route decorator","backend\app\api\batches.py","205","@router.post(""/create-alt"")"
"INFO","Processing Center route decorator","backend\app\api\capture_batches.py","32","@router.get(""/projects/{project_id}/batches"")"
"INFO","Processing Center route decorator","backend\app\api\capture_batches.py","51","@router.post(""/projects/{project_id}/batches/create"")"
"INFO","Processing Center route decorator","backend\app\api\capture_batches.py","80","@router.post(""/projects/{project_id}/batches/remove-docs"")"
"INFO","Processing Center route decorator","backend\app\api\capture_clients.py","60","@router.get(""/"")"
"INFO","Processing Center route decorator","backend\app\api\capture_clients.py","131","@router.post(""/remove-user"")"
"INFO","Processing Center route decorator","backend\app\api\capture_projects.py","36","@router.get(""/"")"
"INFO","Processing Center route decorator","backend\app\api\capture_projects.py","68","@router.get(""/clients"")"
"INFO","Processing Center route decorator","backend\app\api\capture_projects.py","91","@router.get(""/clients/{client_name}/projects"")"
"INFO","Processing Center route decorator","backend\app\api\capture_projects.py","118","@router.get(""/{project_id}/files"")"
"INFO","Processing Center route decorator","backend\app\api\capture_projects.py","143","@router.get(""/{project_id}/text"")"
"INFO","Processing Center route decorator","backend\app\api\capture_review_batches.py","22","@router.post(""/projects/{project_id}/batches/checkout"")"
"INFO","Processing Center route decorator","backend\app\api\capture_review_batches.py","40","@router.post(""/projects/{project_id}/batches/release"")"
"INFO","Processing Center route decorator","backend\app\api\capture_review_batches.py","60","@router.post(""/projects/{project_id}/batches/complete"")"
"REVIEW","Project display/storage conversion logic","backend\app\api\cyber_utility.py","62","value = sheet_name.strip().replace("" "", ""_"").replace(""/"", ""_"").replace(""\\"", ""_"")"
"REVIEW","Direct source native/text/preview/metadata path literal","backend\app\api\cyber_utility.py","118","folder: str = ""source/native"","
"INFO","Processing Center route decorator","backend\app\api\cyber_utility.py","423","@router.get(""/xl-processing/files"")"
"REVIEW","Direct source native/text/preview/metadata path literal","backend\app\api\cyber_utility.py","428","folder: str = Query(default=""source/native""),"
"INFO","Processing Center route decorator","backend\app\api\cyber_utility.py","438","@router.post(""/jobs"")"
"INFO","Processing Center route decorator","backend\app\api\cyber_utility.py","480","@router.get(""/jobs/{job_id}"")"
"INFO","Processing Center route decorator","backend\app\api\discovery.py","29","@router.get(""/projects"")"
"INFO","Processing Center route decorator","backend\app\api\discovery_batches.py","30","@router.get(""/projects/{project_id}/batches"")"
"INFO","Processing Center route decorator","backend\app\api\discovery_batches.py","49","@router.post(""/projects/{project_id}/batches/create"")"
"INFO","Processing Center route decorator","backend\app\api\discovery_batches.py","78","@router.post(""/projects/{project_id}/batches/checkout"")"
"INFO","Processing Center route decorator","backend\app\api\discovery_review_batches.py","22","@router.post(""/projects/{project_id}/batches/checkout"")"
"INFO","Processing Center route decorator","backend\app\api\discovery_review_batches.py","41","@router.post(""/projects/{project_id}/batches/release"")"
"INFO","Processing Center route decorator","backend\app\api\discovery_review_batches.py","61","@router.post(""/projects/{project_id}/batches/complete"")"
"INFO","Project base path helper usage","backend\app\api\document_overlays.py","12","from app.services.storage_paths import build_project_base_path, build_project_path"
"INFO","Project base path helper usage","backend\app\api\document_overlays.py","84","return build_project_base_path("
"REVIEW","Direct source native/text/preview/metadata path literal","backend\app\api\document_overlays.py","421","prefix = f""{base_path}/source/native/"""
"INFO","Processing Center route decorator","backend\app\api\document_overlays.py","602","@router.post(""/preview"")"
"INFO","Processing Center route decorator","backend\app\api\document_overlays.py","753","@router.post(""/commit"")"
"INFO","Processing Center route decorator","backend\app\api\document_overlays.py","990","@router.get(""/{project_id}/list"")"
"INFO","Processing Center route decorator","backend\app\api\document_overlays.py","1052","@router.get(""/{project_id}/latest"")"
"INFO","Project base path helper usage","backend\app\api\entities.py","19","from app.services.storage_paths import build_project_base_path"
"INFO","Project base path helper usage","backend\app\api\entities.py","41","return build_project_base_path("
"INFO","Processing Center route decorator","backend\app\api\entities.py","402","@router.get(""/"")"
"INFO","Processing Center route decorator","backend\app\api\entities.py","539","@router.get(""/document"")"
"INFO","Processing Center route decorator","backend\app\api\entities.py","613","@router.post(""/export-source-docs"")"
"REVIEW","Direct source native/text/preview/metadata path literal","backend\app\api\entities.py","656","folder=""source/native"","
"REVIEW","Direct source native/text/preview/metadata path literal","backend\app\api\entities.py","683","folder=""source/text"","
"INFO","Processing Center route decorator","backend\app\api\entities.py","742","@router.post(""/export-source-docs-zip"")"
"REVIEW","Direct source native/text/preview/metadata path literal","backend\app\api\entities.py","813","folder=""source/native"","
"REVIEW","Direct source native/text/preview/metadata path literal","backend\app\api\entities.py","834","folder=""source/text"","
"INFO","Processing Center route decorator","backend\app\api\entities.py","955","@router.post(""/update"")"
"INFO","Processing Center route decorator","backend\app\api\entities.py","1004","@router.post(""/unlink"")"
"INFO","Processing Center route decorator","backend\app\api\entities.py","1052","@router.post(""/delete"")"
"INFO","Processing Center route decorator","backend\app\api\files.py","8","@router.get(""/"")"
"INFO","Processing Center route decorator","backend\app\api\jobs.py","23","@router.post(""/"")"
"INFO","Processing Center route decorator","backend\app\api\jobs.py","50","@router.get(""/"")"
"INFO","Processing Center route decorator","backend\app\api\jobs.py","59","@router.get(""/{job_id}"")"
"INFO","Processing Center route decorator","backend\app\api\messages.py","273","@router.get(""/"")"
"INFO","Processing Center route decorator","backend\app\api\messages.py","307","@router.get(""/new-status"")"
"INFO","Processing Center route decorator","backend\app\api\messages.py","357","@router.post(""/mark-seen"")"
"INFO","Processing Center route decorator","backend\app\api\messages.py","406","@router.post(""/send"")"
"INFO","Processing Center route decorator","backend\app\api\messages.py","478","@router.get(""/urgent"")"
"INFO","Processing Center route decorator","backend\app\api\messages.py","525","@router.post(""/urgent/acknowledge"")"
"REVIEW","Direct source native/text/preview/metadata path literal","backend\app\api\processing_center.py","163","return f""{workspace}/{client}/{project_id}/source/native/{file_name}"""
"REVIEW","Direct source native/text/preview/metadata path literal","backend\app\api\processing_center.py","177","return f""{workspace}/{client}/{project_id}/source/text/{doc_id}.txt"""
"REVIEW","Direct source native/text/preview/metadata path literal","backend\app\api\processing_center.py","235","return f""{client}/{project_id}/source/preview/{doc_id}.pdf"""
"REVIEW","Direct source native/text/preview/metadata path literal","backend\app\api\processing_center.py","241","return f""{client}/{project_id}/source/preview/{doc_id}.html"""
"INFO","Processing Center route decorator","backend\app\api\processing_center.py","536","@router.get(""/manifest"")"
"INFO","Processing Center route decorator","backend\app\api\processing_center.py","560","@router.post(""/upload"")"
"INFO","Processing Center route decorator","backend\app\api\processing_center.py","615","@router.post(""/start"")"
"INFO","Processing Center route decorator","backend\app\api\processing_center.py","839","@router.post(""/jobs/start"")"
"INFO","Processing Center route decorator","backend\app\api\processing_center.py","945","@router.get(""/jobs"")"
"INFO","Processing Center route decorator","backend\app\api\processing_center.py","1042","@router.post(""/jobs/{job_id}/promote"")"
"INFO","Processing Center route decorator","backend\app\api\processing_center.py","1368","@router.get(""/jobs/{job_id}"")"
"INFO","Project base path helper usage","backend\app\api\processing_center_azure.py","46","from apc.azure_layout import AzureRoutingConfig"
"INFO","Project base path helper usage","backend\app\api\processing_center_azure.py","50","build_project_base_path,"
"REVIEW","Project display/storage conversion logic","backend\app\api\processing_center_azure.py","142","def _storage_project_key(value: str | None) -> str:"
"REVIEW","Project display/storage conversion logic","backend\app\api\processing_center_azure.py","143","return _clean_path_segment(value).replace("" "", ""_"")"
"INFO","Project base path helper usage","backend\app\api\processing_center_azure.py","146","def _project_base_path("
"INFO","Project base path helper usage","backend\app\api\processing_center_azure.py","151","return build_project_base_path("
"REVIEW","Project display/storage conversion logic","backend\app\api\processing_center_azure.py","154","project=_storage_project_key(project),"
"INFO","Project base path helper usage","backend\app\api\processing_center_azure.py","165","f""{_project_base_path(workspace=workspace, client=client, project=project)}/"""
"REVIEW","Direct APC jobs/staged/reports/archive path literal","backend\app\api\processing_center_azure.py","166","f""processing_center/jobs/{job_id}"""
"INFO","Project base path helper usage","backend\app\api\processing_center_azure.py","298",") -> AzureRoutingConfig:"
"INFO","Project base path helper usage","backend\app\api\processing_center_azure.py","299","return AzureRoutingConfig.from_args("
"INFO","Project base path helper usage","backend\app\api\processing_center_azure.py","350","base_path = _project_base_path("
"INFO","Project base path helper usage","backend\app\api\processing_center_azure.py","356","base_path = _project_base_path("
"REVIEW","Direct APC upload path literal","backend\app\api\processing_center_azure.py","362","uploads_prefix = f""{base_path}/source/processing_center/uploads/"""
"REVIEW","Direct APC jobs/staged/reports/archive path literal","backend\app\api\processing_center_azure.py","363","archive_prefix = f""{base_path}/processing_center/archive/{job_id}/uploads/"""
"INFO","Project base path helper usage","backend\app\api\processing_center_azure.py","444","base_path = _project_base_path("
"REVIEW","Direct APC upload path literal","backend\app\api\processing_center_azure.py","450","uploads_prefix = f""{base_path}/source/processing_center/uploads/"""
"REVIEW","Direct APC jobs/staged/reports/archive path literal","backend\app\api\processing_center_azure.py","455","f""{base_path}/processing_center/removed/{removed_at}/uploads/"""
"INFO","Project base path helper usage","backend\app\api\processing_center_azure.py","582","f""{_project_base_path(workspace=workspace, client=client, project=project)}/"""
"REVIEW","Direct APC jobs/staged/reports/archive path literal","backend\app\api\processing_center_azure.py","583","f""processing_center/jobs/"""
"INFO","Project base path helper usage","backend\app\api\processing_center_azure.py","631","f""{_project_base_path(workspace=workspace, client=client, project=project)}/"""
"REVIEW","Direct APC jobs/staged/reports/archive path literal","backend\app\api\processing_center_azure.py","632","f""processing_center/reports/{apc_job_id}/{apc_job_id}.summary.json"""
"INFO","Processing Center route decorator","backend\app\api\processing_center_azure.py","813","@router.get(""/{workspace}/processing-center/settings"")"
"INFO","Processing Center route decorator","backend\app\api\processing_center_azure.py","830","@router.get(""/{workspace}/processing-center/pricing/ocr-read"")"
"INFO","Processing Center route decorator","backend\app\api\processing_center_azure.py","863","@router.get(""/{workspace}/processing-center/uploads"")"
"INFO","Project base path helper usage","backend\app\api\processing_center_azure.py","877","f""{_project_base_path(workspace=workspace, client=client, project=project)}/"""
"REVIEW","Direct APC upload path literal","backend\app\api\processing_center_azure.py","878","f""source/processing_center/uploads/"""
"REVIEW","Project display/storage conversion logic","backend\app\api\processing_center_azure.py","916","""project_storage_key"": _storage_project_key(project),"
"INFO","Project base path helper usage","backend\app\api\processing_center_azure.py","917","""project_base_path"": _project_base_path("
"INFO","Processing Center route decorator","backend\app\api\processing_center_azure.py","934","@router.post(""/{workspace}/processing-center/uploads/upload"")"
"INFO","Project base path helper usage","backend\app\api\processing_center_azure.py","956","f""{_project_base_path(workspace=workspace, client=client, project=project_id)}/"""
"REVIEW","Direct APC upload path literal","backend\app\api\processing_center_azure.py","957","f""source/processing_center/uploads/{safe_filename}"""
"INFO","Processing Center route decorator","backend\app\api\processing_center_azure.py","997","@router.post(""/{workspace}/processing-center/uploads/remove"")"
"INFO","Processing Center route decorator","backend\app\api\processing_center_azure.py","1024","@router.post(""/{workspace}/processing-center/uploads/archive"")"
"INFO","Processing Center route decorator","backend\app\api\processing_center_azure.py","1045","@router.post(""/{workspace}/processing-center/tracked-jobs/start"")"
"INFO","Processing Center route decorator","backend\app\api\processing_center_azure.py","1153","@router.get(""/{workspace}/processing-center/tracked-jobs/{job_id}/status"")"
"INFO","Processing Center route decorator","backend\app\api\processing_center_azure.py","1172","@router.post(""/{workspace}/processing-center/tracked-jobs/{job_id}/cancel"")"
"INFO","Processing Center route decorator","backend\app\api\processing_center_azure.py","1235","@router.post("
"INFO","Project base path helper usage","backend\app\api\processing_center_azure.py","1393","f""{_project_base_path(workspace=workspace, client=client, project=project)}/"""
"REVIEW","Direct APC jobs/staged/reports/archive path literal","backend\app\api\processing_center_azure.py","1394","f""processing_center/reports/{apc_job_id}/{apc_job_id}.summary.json"""
"INFO","Processing Center route decorator","backend\app\api\processing_center_azure.py","1578","@router.get(""/{workspace}/processing-center/job-history"")"
"INFO","Processing Center route decorator","backend\app\api\processing_center_azure.py","1617","@router.get(""/{workspace}/processing-center/jobs/{job_id}"")"
"INFO","Project base path helper usage","backend\app\api\processing_center_azure.py","1897","f""{_project_base_path(workspace=workspace, client=client, project=project)}/"""
"REVIEW","Direct APC jobs/staged/reports/archive path literal","backend\app\api\processing_center_azure.py","1898","f""processing_center/reports/{job_id}/{job_id}.summary.json"""
"INFO","Project base path helper usage","backend\app\api\processing_center_azure.py","1918","f""{_project_base_path(workspace=workspace, client=client, project=project)}/"""
"REVIEW","Direct APC jobs/staged/reports/archive path literal","backend\app\api\processing_center_azure.py","1919","f""processing_center/staged/{job_id}"""
"INFO","Project base path helper usage","backend\app\api\processing_center_azure.py","1974","f""{_project_base_path(workspace=workspace, client=client, project=project)}/"""
"REVIEW","Direct source native/text/preview/metadata path literal","backend\app\api\processing_center_azure.py","1975","f""source/native/{native_filename}"""
"INFO","Project base path helper usage","backend\app\api\processing_center_azure.py","1979","f""{_project_base_path(workspace=workspace, client=client, project=project)}/"""
"REVIEW","Direct source native/text/preview/metadata path literal","backend\app\api\processing_center_azure.py","1980","f""source/text/{doc_id}.txt"""
"INFO","Processing Center route decorator","backend\app\api\processing_center_azure.py","2082","@router.get(""/{workspace}/processing-center/staged-results"")"
"INFO","Processing Center route decorator","backend\app\api\processing_center_azure.py","2139","@router.get(""/{workspace}/processing-center/staged-results/{job_id}"")"
"INFO","Processing Center route decorator","backend\app\api\processing_center_azure.py","2158","@router.post(""/{workspace}/processing-center/promote"")"
"INFO","Processing Center route decorator","backend\app\api\processing_center_azure.py","2338","@router.get(""/{workspace}/processing-center/jobs/{job_id}/report"")"
"FAIL","Workspace-first literal/order: workspace/client/project","backend\app\api\processing_center_azure.py","2348","# {workspace}/{client}/{project}/processing_center/reports/{job_id}/{job_id}.summary.json"
"REVIEW","Direct APC jobs/staged/reports/archive path literal","backend\app\api\processing_center_azure.py","2348","# {workspace}/{client}/{project}/processing_center/reports/{job_id}/{job_id}.summary.json"
"INFO","Project base path helper usage","backend\app\api\processing_center_azure.py","2351","f""{_project_base_path(workspace=workspace, client=client, project=project)}/"""
"REVIEW","Direct APC jobs/staged/reports/archive path literal","backend\app\api\processing_center_azure.py","2352","f""processing_center/reports/{job_id}"""
"INFO","Processing Center route decorator","backend\app\api\projects.py","6","@router.get(""/"")"
"INFO","Processing Center route decorator","backend\app\api\protocol_templates.py","185","@router.get(""/{workspace}/protocol-templates"")"
"INFO","Processing Center route decorator","backend\app\api\protocol_templates.py","200","@router.get(""/{workspace}/protocol-templates/{protocol_name}"")"
"INFO","Processing Center route decorator","backend\app\api\protocol_templates.py","249","@router.get(""/{workspace}/protocol-templates/{protocol_name}/fields"")"
"INFO","Project base path helper usage","backend\app\api\review.py","11","from app.services.storage_paths import build_project_base_path, build_project_path"
"INFO","Project base path helper usage","backend\app\api\review.py","40","prefix = f""{build_project_base_path(workspace, clean_client_id, clean_project_id)}/"""
"REVIEW","Direct source native/text/preview/metadata path literal","backend\app\api\review.py","203","if ""/source/native/"" in native_blob:"
"REVIEW","Direct source native/text/preview/metadata path literal","backend\app\api\review.py","204","base = native_blob.split(""/source/native/"")[0]"
"REVIEW","Direct source native/text/preview/metadata path literal","backend\app\api\review.py","205","return f""{base}/source/preview/{doc_id}.pdf"""
"REVIEW","Direct source native/text/preview/metadata path literal","backend\app\api\review.py","211","if ""/source/native/"" in native_blob:"
"REVIEW","Direct source native/text/preview/metadata path literal","backend\app\api\review.py","212","base = native_blob.split(""/source/native/"")[0]"
"REVIEW","Direct source native/text/preview/metadata path literal","backend\app\api\review.py","213","return f""{base}/source/preview/{doc_id}.html"""
"REVIEW","Direct source native/text/preview/metadata path literal","backend\app\api\review.py","321","if ""/source/native/"" in f""/{str(file.get('path', '')).lower()}"""
"REVIEW","Direct source native/text/preview/metadata path literal","backend\app\api\review.py","348","if ""/source/native"" in base_path:"
"REVIEW","Direct source native/text/preview/metadata path literal","backend\app\api\review.py","349","text_base = base_path.replace(""/source/native"", ""/source/text"")"
"INFO","Project base path helper usage","backend\app\api\review.py","371","return build_project_base_path("
"REVIEW","Project display/storage conversion logic","backend\app\api\review.py","533","project.replace("" "", ""_""),"
"INFO","Project base path helper usage","backend\app\api\review.py","541","build_project_base_path("
"REVIEW","Direct source native/text/preview/metadata path literal","backend\app\api\review.py","551","f""{base_path}/source/native/"""
"REVIEW","Direct source native/text/preview/metadata path literal","backend\app\api\review.py","554","f""{base_path}/source/natives/"""
"REVIEW","Direct source native/text/preview/metadata path literal","backend\app\api\review.py","557","f""{base_path}/source/native_docs/"""
"REVIEW","Direct source native/text/preview/metadata path literal","backend\app\api\review.py","562","f""{base_path}/source/text/"""
"REVIEW","Direct source native/text/preview/metadata path literal","backend\app\api\review.py","565","f""{base_path}/source/texts/"""
"REVIEW","Direct source native/text/preview/metadata path literal","backend\app\api\review.py","591","detail=f""Document not found in source/native: {doc_id}"","
"INFO","Processing Center route decorator","backend\app\api\review.py","803","@router.get(""/review/current"")"
"INFO","Processing Center route decorator","backend\app\api\review.py","825","@router.get(""/{workspace}/review/preview"")"
"INFO","Processing Center route decorator","backend\app\api\review.py","961","@router.get(""/{workspace}/review/current"")"
"INFO","Processing Center route decorator","backend\app\api\review.py","1000","@router.post(""/review/save"")"
"INFO","Processing Center route decorator","backend\app\api\review.py","1088","@router.post(""/review/save-next"")"
"INFO","Processing Center route decorator","backend\app\api\review.py","1100","@router.get(""/review/coding-map"")"
"INFO","Processing Center route decorator","backend\app\api\reviewer_hours.py","36","@router.post(""/logout"")"
"INFO","Project base path helper usage","backend\app\api\search_folders.py","9","from app.services.storage_paths import build_project_base_path"
"INFO","Project base path helper usage","backend\app\api\search_folders.py","45","return build_project_base_path("
"REVIEW","Direct source native/text/preview/metadata path literal","backend\app\api\search_folders.py","62","prefix = f""{base_path}/source/text/"""
"INFO","Processing Center route decorator","backend\app\api\search_folders.py","172","@router.get(""/"")"
"INFO","Processing Center route decorator","backend\app\api\search_folders.py","237","@router.post(""/create"")"
"INFO","Processing Center route decorator","backend\app\api\search_folders.py","414","@router.get(""/{folder_id}/hits"")"
"INFO","Processing Center route decorator","backend\app\api\search_folders.py","421","@router.post(""/{folder_id}/delete"")"
"INFO","Processing Center route decorator","backend\app\api\summaries.py","29","@router.get(""/projects"")"
"INFO","Processing Center route decorator","backend\app\api\summaries_batches.py","28","@router.get(""/projects/{project_id}/batches"")"
"INFO","Processing Center route decorator","backend\app\api\summaries_batches.py","47","@router.post(""/projects/{project_id}/batches/create"")"
"INFO","Processing Center route decorator","backend\app\api\summaries_batches.py","74","@router.post(""/projects/{project_id}/batches/checkout"")"
"INFO","Processing Center route decorator","backend\app\api\summaries_qc.py","23","@router.post(""/save"")"
"INFO","Processing Center route decorator","backend\app\api\summaries_review_batches.py","22","@router.post(""/projects/{project_id}/batches/checkout"")"
"INFO","Processing Center route decorator","backend\app\api\summaries_review_batches.py","40","@router.post(""/projects/{project_id}/batches/release"")"
"INFO","Processing Center route decorator","backend\app\api\summaries_review_batches.py","60","@router.post(""/projects/{project_id}/batches/complete"")"
"INFO","Processing Center route decorator","backend\app\api\summaries_summary_data.py","61","@router.post(""/exists"")"
"INFO","Processing Center route decorator","backend\app\api\summaries_summary_data.py","88","@router.post(""/save"")"
"INFO","Processing Center route decorator","backend\app\api\summaries_summary_data.py","148","@router.get("""")"
"INFO","Processing Center route decorator","backend\app\api\summaries_text.py","24","@router.get(""/status"")"
"INFO","Processing Center route decorator","backend\app\api\summaries_text.py","46","@router.post(""/extract"")"
"INFO","Processing Center route decorator","backend\app\api\summaries_text.py","108","@router.get(""/content"")"
"INFO","Processing Center route decorator","backend\app\api\timesheet.py","446","@router.get(""/"")"
"INFO","Processing Center route decorator","backend\app\api\timesheet.py","467","@router.get(""/project-hours-summary"")"
"INFO","Processing Center route decorator","backend\app\api\timesheet.py","579","@router.post(""/clock-in"")"
"INFO","Processing Center route decorator","backend\app\api\timesheet.py","652","@router.post(""/clock-out"")"
"INFO","Processing Center route decorator","backend\app\api\timesheet.py","703","@router.get(""/review-hours"")"
"INFO","Processing Center route decorator","backend\app\api\timesheet.py","809","@router.post(""/review-hours/login"")"
"INFO","Processing Center route decorator","backend\app\api\timesheet.py","887","@router.post(""/review-hours/logout"")"
"INFO","Processing Center route decorator","backend\app\api\timesheet.py","1009","@router.post(""/review-hours/edit"")"
"INFO","Processing Center route decorator","backend\app\api\users.py","82","@router.get("""")"
"INFO","Processing Center route decorator","backend\app\api\users.py","83","@router.get(""/"")"
"INFO","Processing Center route decorator","backend\app\api\users.py","96","@router.post(""/create"")"
"INFO","Processing Center route decorator","backend\app\api\users.py","289","@router.post(""/update"")"
"INFO","Processing Center route decorator","backend\app\api\users.py","449","@router.post(""/delete"")"
"INFO","Processing Center route decorator","backend\app\api\users.py","506","@router.post(""/reset-password"")"
"INFO","Processing Center route decorator","backend\app\api\users.py","531","@router.post(""/project-access"")"
"INFO","Processing Center route decorator","backend\app\api\workspace_clients.py","27","@router.get(""/{workspace}/clients"")"
"INFO","Processing Center route decorator","backend\app\api\workspace_clients.py","45","@router.get(""/{workspace}/projects"")"
"INFO","Processing Center route decorator","backend\app\api\workspace_files.py","57","@router.get(""/{workspace}/files"")"
"REVIEW","Direct source native/text/preview/metadata path literal","backend\app\api\workspace_files.py","68","resolved_folder = folder or ""source/native"""
"INFO","Processing Center route decorator","backend\app\api\workspace_files.py","205","@router.get(""/{workspace}/native-preview"")"
"INFO","Processing Center route decorator","backend\app\api\workspace_file_uploads.py","34","@router.post(""/{workspace}/files/upload"")"
"REVIEW","Direct source native/text/preview/metadata path literal","backend\app\api\workspace_file_uploads.py","96","and folder_name == ""source/native"""
"INFO","Project base path helper usage","backend\app\api\workspace_projects.py","10","from app.services.storage_paths import build_project_base_path"
"REVIEW","Project display/storage conversion logic","backend\app\api\workspace_projects.py","48","cleaned = name.strip().replace("" "", ""_"")"
"INFO","Processing Center route decorator","backend\app\api\workspace_projects.py","194","@router.get(""/registry/workspace-clients"")"
"INFO","Processing Center route decorator","backend\app\api\workspace_projects.py","266","@router.get(""/{workspace}/clients"")"
"INFO","Processing Center route decorator","backend\app\api\workspace_projects.py","303","@router.get(""/{workspace}/clients/{client_name}/projects"")"
"INFO","Processing Center route decorator","backend\app\api\workspace_projects.py","345","@router.post(""/registry/workspace-projects/create"")"
"INFO","Processing Center route decorator","backend\app\api\workspace_projects.py","402","@router.post(""/{workspace}/projects/create"")"
"INFO","Project base path helper usage","backend\app\api\workspace_projects.py","446","project_root = build_project_base_path("
"REVIEW","Direct source native/text/preview/metadata path literal","backend\app\api\workspace_projects.py","475","f""{project_root}/source/native/.keep"","
"REVIEW","Direct source native/text/preview/metadata path literal","backend\app\api\workspace_projects.py","476","f""{project_root}/source/text/.keep"","
"REVIEW","Direct source native/text/preview/metadata path literal","backend\app\api\workspace_projects.py","478","f""{project_root}/source/metadata/.keep"","
"REVIEW","Direct source native/text/preview/metadata path literal","backend\app\api\workspace_projects.py","479","f""{project_root}/source/preview/.keep"","
"REVIEW","Direct APC upload path literal","backend\app\api\workspace_projects.py","480","f""{project_root}/source/processing_center/uploads/.keep"","
"REVIEW","Direct APC jobs/staged/reports/archive path literal","backend\app\api\workspace_projects.py","482","f""{project_root}/processing_center/jobs/.keep"","
"REVIEW","Direct APC jobs/staged/reports/archive path literal","backend\app\api\workspace_projects.py","483","f""{project_root}/processing_center/staged/.keep"","
"REVIEW","Direct APC jobs/staged/reports/archive path literal","backend\app\api\workspace_projects.py","484","f""{project_root}/processing_center/reports/.keep"","
"REVIEW","Direct APC jobs/staged/reports/archive path literal","backend\app\api\workspace_projects.py","485","f""{project_root}/processing_center/archive/.keep"","
"REVIEW","Direct APC jobs/staged/reports/archive path literal","backend\app\api\workspace_projects.py","486","f""{project_root}/processing_center/removed/.keep"","
"REVIEW","Direct source native/text/preview/metadata path literal","backend\app\api\workspace_project_create.py","21","""source/native"","
"REVIEW","Direct source native/text/preview/metadata path literal","backend\app\api\workspace_project_create.py","22","""source/text"","
"REVIEW","Direct source native/text/preview/metadata path literal","backend\app\api\workspace_project_create.py","23","""source/metadata"","
"INFO","Processing Center route decorator","backend\app\api\workspace_project_create.py","61","@router.post(""/{workspace}/projects/create"")"
"INFO","Processing Center route decorator","backend\app\api\workspace_project_create.py","132","@router.post(""/{workspace}/projects/ensure-folders"")"
"REVIEW","Project display/storage conversion logic","backend\app\api\workspace_protocols.py","30",".replace("" "", ""_"")"
"INFO","Processing Center route decorator","backend\app\api\workspace_protocols.py","92","@router.get(""/{workspace}/projects/{project_id}/protocol"")"
"INFO","Processing Center route decorator","backend\app\api\workspace_protocols.py","293","@router.post(""/{workspace}/projects/{project_id}/protocol"")"
"INFO","Processing Center route decorator","backend\app\routes\merge_dedupe.py","46","@router.post(""/merge-dedupe"")"
"INFO","Processing Center route decorator","backend\app\routes\tools_merge_dedupe.py","175","@router.post(""/captured-entities/merge-selected-headers"")"
"INFO","Processing Center route decorator","backend\app\routes\tools_merge_dedupe.py","324","@router.post(""/merge-dedupe/import-captured-entities"")"
"REVIEW","Direct source native/text/preview/metadata path literal","backend\app\services\batch_service.py","98","""source/native"","
"REVIEW","Project display/storage conversion logic","backend\app\services\batch_service.py","585",".replace("" "", ""_"")"
"INFO","Project base path helper usage","backend\app\services\storage_paths.py","5","def build_project_base_path("
"INFO","Project base path helper usage","backend\app\services\storage_paths.py","23","base_path = build_project_base_path("
"REVIEW","Direct source native/text/preview/metadata path literal","backend\app\services\summary_text_service.py","9","""/source/native/"","
"REVIEW","Direct source native/text/preview/metadata path literal","backend\app\services\summary_text_service.py","10","""/source/text/"","
"REVIEW","Direct source native/text/preview/metadata path literal","backend\app\services\summary_text_service.py","36","if ""/source/native/"" not in native_blob_name:"
"REVIEW","Direct source native/text/preview/metadata path literal","frontend\src\app\capture\batch-management\page.tsx","163",")}&folder=${encodeURIComponent(""source/native"")}`"
"REVIEW","Project display/storage conversion logic","frontend\src\app\capture\batch-management\page.tsx","617",".replaceAll(""_"", "" "");"
"REVIEW","Project display/storage conversion logic","frontend\src\app\capture\batch-management\page.tsx","664","subtitle={`Create and manage batches for ${projectId.replaceAll(""_"", "" "")}.`}"
"REVIEW","Project display/storage conversion logic","frontend\src\app\capture\batch-management\page.tsx","1123",".replaceAll(""_"", "" "");"
"REVIEW","Project display/storage conversion logic","frontend\src\app\capture\batch-management\page.tsx","1588","subtitle={`Batch status for ${projectId.replaceAll(""_"", "" "")}.`}"
"REVIEW","Project display/storage conversion logic","frontend\src\app\capture\batches\page.tsx","174",".replaceAll(""_"", "" "");"
"REVIEW","Project display/storage conversion logic","frontend\src\app\capture\batches\page.tsx","411","subtitle={`Batch checkout and status for ${projectId.replaceAll(""_"", "" "")}.`}"
"REVIEW","Direct source native/text/preview/metadata path literal","frontend\src\app\capture\files\page.tsx","68",")}&folder=${encodeURIComponent(""source/native"")}`"
"REVIEW","Project display/storage conversion logic","frontend\src\app\capture\files\page.tsx","171","subtitle={`All project files for ${projectId.replaceAll(""_"", "" "")}.`}"
"REVIEW","Project display/storage conversion logic","frontend\src\app\capture\new-project\page.tsx","389","{client.replaceAll(""_"", "" "")}"
"REVIEW","Project display/storage conversion logic","frontend\src\app\capture\new-project\page.tsx","462","{client.replaceAll(""_"", "" "")}"
"REVIEW","Project display/storage conversion logic","frontend\src\app\capture\new-project\page.tsx","479","{project.replaceAll(""_"", "" "")}"
"REVIEW","Project display/storage conversion logic","frontend\src\app\capture\new-project\page.tsx","662","{project.replaceAll(""_"", "" "")}"
"REVIEW","Project display/storage conversion logic","frontend\src\app\capture\project-dashboard\page.tsx","30","const projectName = projectId.replaceAll(""_"", "" "");"
"REVIEW","Project display/storage conversion logic","frontend\src\app\capture\project-dashboard\page.tsx","32","? clientId.replaceAll(""_"", "" "")"
"REVIEW","Project display/storage conversion logic","frontend\src\app\capture\project-hours\page.tsx","58","subtitle={`Hours worked for ${projectId.replaceAll(""_"", "" "")}.`}"
"REVIEW","Project display/storage conversion logic","frontend\src\app\capture\protocol\page.tsx","80","? `Saved protocol for ${projectId.replaceAll(""_"", "" "")}.`"
"REVIEW","Project display/storage conversion logic","frontend\src\app\capture\review\page.tsx","83",".replaceAll(""_"", "" "");"
"REVIEW","Project display/storage conversion logic","frontend\src\app\capture\review\page.tsx","140","title={batchId.replaceAll(""_"", "" "")}"
"REVIEW","Project display/storage conversion logic","frontend\src\app\capture\review\doc\page.tsx","58",".replaceAll(""_"", "" "")"
"REVIEW","Direct source native/text/preview/metadata path literal","frontend\src\app\capture\review\doc\page.tsx","216",")}&folder=${encodeURIComponent(""source/native"")}`"
"REVIEW","Project display/storage conversion logic","frontend\src\app\capture\review-team\page.tsx","298","label={project.replaceAll(""_"", "" "")}"
"REVIEW","Project display/storage conversion logic","frontend\src\app\capture\review-team\page.tsx","404",".map((project) => project.replaceAll(""_"", "" ""))"
"REVIEW","Project display/storage conversion logic","frontend\src\app\capture\search-folders\page.tsx","161","subtitle={`Create text or regex search folders for ${projectId.replaceAll(""_"", "" "")}.`}"
"REVIEW","Project display/storage conversion logic","frontend\src\app\captured-entities\page.tsx","63","subtitle={`Protocol-aligned captured entities for ${projectId.replaceAll(""_"", "" "")}${batchId ? ` / ${batchId.replaceAll(""_"", "" "")}` : """"}.`}"
"REVIEW","Direct source native/text/preview/metadata path literal","frontend\src\app\cyber-utility\xl-processing\page.tsx","99","folder: ""source/native"","
"REVIEW","Direct source native/text/preview/metadata path literal","frontend\src\app\cyber-utility\xl-processing\page.tsx","193","input_path: ""source/native"","
"REVIEW","Direct source native/text/preview/metadata path literal","frontend\src\app\cyber-utility\xl-processing\page.tsx","225","subtitle=""Preview, select, and process Excel and CSV files from Azure-hosted project source/native folders."""
"REVIEW","Direct source native/text/preview/metadata path literal","frontend\src\app\discovery\batch-management\page.tsx","149",")}&folder=${encodeURIComponent(""source/native"")}`"
"REVIEW","Project display/storage conversion logic","frontend\src\app\discovery\batch-management\page.tsx","374","subtitle={`Create and manage batches for ${projectId.replaceAll(""_"", "" "")}.`}"
"REVIEW","Project display/storage conversion logic","frontend\src\app\discovery\batch-management\page.tsx","813","subtitle={`Batch status for ${projectId.replaceAll(""_"", "" "")}.`}"
"REVIEW","Project display/storage conversion logic","frontend\src\app\discovery\batches\page.tsx","148",".replaceAll(""_"", "" "");"
"REVIEW","Project display/storage conversion logic","frontend\src\app\discovery\batches\page.tsx","290","subtitle={`Batch checkout and status for ${projectId.replaceAll(""_"", "" "")}.`}"
"REVIEW","Direct source native/text/preview/metadata path literal","frontend\src\app\discovery\files\page.tsx","47","folder: ""source/native"","
"REVIEW","Project display/storage conversion logic","frontend\src\app\discovery\files\page.tsx","118","subtitle={`All project files for ${projectId.replaceAll(""_"", "" "")}.`}"
"REVIEW","Project display/storage conversion logic","frontend\src\app\discovery\new-project\page.tsx","389","{client.replaceAll(""_"", "" "")}"
"REVIEW","Project display/storage conversion logic","frontend\src\app\discovery\new-project\page.tsx","465","{client.replaceAll(""_"", "" "")}"
"REVIEW","Project display/storage conversion logic","frontend\src\app\discovery\new-project\page.tsx","482","{project.replaceAll(""_"", "" "")}"
"REVIEW","Project display/storage conversion logic","frontend\src\app\discovery\project-dashboard\page.tsx","30","const projectName = projectId.replaceAll(""_"", "" "");"
"REVIEW","Project display/storage conversion logic","frontend\src\app\discovery\project-dashboard\page.tsx","32","? clientId.replaceAll(""_"", "" "")"
"REVIEW","Project display/storage conversion logic","frontend\src\app\discovery\project-hours\page.tsx","58","subtitle={`Hours worked for ${projectId.replaceAll(""_"", "" "")}.`}"
"REVIEW","Project display/storage conversion logic","frontend\src\app\discovery\protocol\page.tsx","80","? `Saved protocol for ${projectId.replaceAll(""_"", "" "")}.`"
"REVIEW","Project display/storage conversion logic","frontend\src\app\discovery\review\page.tsx","90","title={batchId.replaceAll(""_"", "" "")}"
"REVIEW","Project display/storage conversion logic","frontend\src\app\discovery\review\doc\page.tsx","46",".replaceAll(""_"", "" "")"
"REVIEW","Project display/storage conversion logic","frontend\src\app\discovery\review-team\page.tsx","298","label={project.replaceAll(""_"", "" "")}"
"REVIEW","Project display/storage conversion logic","frontend\src\app\discovery\review-team\page.tsx","404",".map((project) => project.replaceAll(""_"", "" ""))"
"REVIEW","Project display/storage conversion logic","frontend\src\app\discovery\search-folders\page.tsx","158","subtitle={`Create text or regex search folders for ${projectId.replaceAll(""_"", "" "")}.`}"
"REVIEW","Project display/storage conversion logic","frontend\src\app\messaging\page.tsx","51","subtitle={`Project communications for ${projectId.replaceAll(""_"", "" "")}.`}"
"REVIEW","Project display/storage conversion logic","frontend\src\app\new-project\page.tsx","436","{client.client_name.replaceAll(""_"", "" "")}"
"REVIEW","Project display/storage conversion logic","frontend\src\app\new-project\page.tsx","516","{client.replaceAll(""_"", "" "")}"
"REVIEW","Project display/storage conversion logic","frontend\src\app\new-project\page.tsx","533","{project.replaceAll(""_"", "" "")}"
"REVIEW","Project display/storage conversion logic","frontend\src\app\new-project\page.tsx","762","{project.replaceAll(""_"", "" "")}"
"REVIEW","Project display/storage conversion logic","frontend\src\app\project-dashboard\page.tsx","28","const projectName = projectId.replaceAll(""_"", "" "");"
"REVIEW","Project display/storage conversion logic","frontend\src\app\project-users\page.tsx","91","project ? project.replaceAll(""_"", "" "") : ""Project"""
"REVIEW","Project display/storage conversion logic","frontend\src\app\projects\page.tsx","247","{client.replaceAll(""_"", "" "")}"
"REVIEW","Project display/storage conversion logic","frontend\src\app\review-hours\page.tsx","523","project ? project.replaceAll(""_"", "" "") : ""Project"""
"REVIEW","Direct source native/text/preview/metadata path literal","frontend\src\app\summaries\batch-management\page.tsx","159",")}&folder=${encodeURIComponent(""source/native"")}`"
"REVIEW","Project display/storage conversion logic","frontend\src\app\summaries\batch-management\page.tsx","415","subtitle={`Create and manage batches for ${projectId.replaceAll(""_"", "" "")}.`}"
"REVIEW","Project display/storage conversion logic","frontend\src\app\summaries\batch-management\page.tsx","878","subtitle={`Batch status for ${projectId.replaceAll(""_"", "" "")}.`}"
"REVIEW","Project display/storage conversion logic","frontend\src\app\summaries\batches\page.tsx","152",".replaceAll(""_"", "" "");"
"REVIEW","Project display/storage conversion logic","frontend\src\app\summaries\batches\page.tsx","294","subtitle={`Batch checkout and status for ${projectId.replaceAll(""_"", "" "")}.`}"
"REVIEW","Project display/storage conversion logic","frontend\src\app\summaries\captured-entities\page.tsx","83",")}${batchId ? ` / ${batchId.replaceAll(""_"", "" "")}` : """"}.`}"
"REVIEW","Direct source native/text/preview/metadata path literal","frontend\src\app\summaries\files\page.tsx","45",")}&folder=${encodeURIComponent(""source/native"")}`"
"REVIEW","Project display/storage conversion logic","frontend\src\app\summaries\files\page.tsx","112","? `${clientId.replaceAll(""_"", "" "")} / `"
"REVIEW","Project display/storage conversion logic","frontend\src\app\summaries\files\page.tsx","114","}${projectId.replaceAll(""_"", "" "")}.`}"
"REVIEW","Project display/storage conversion logic","frontend\src\app\summaries\new-project\page.tsx","395","{client.replaceAll(""_"", "" "")}"
"REVIEW","Project display/storage conversion logic","frontend\src\app\summaries\new-project\page.tsx","471","{client.replaceAll(""_"", "" "")}"
"REVIEW","Project display/storage conversion logic","frontend\src\app\summaries\new-project\page.tsx","488","{project.replaceAll(""_"", "" "")}"
"REVIEW","Project display/storage conversion logic","frontend\src\app\summaries\project-dashboard\page.tsx","30","const projectName = projectId.replaceAll(""_"", "" "");"
"REVIEW","Project display/storage conversion logic","frontend\src\app\summaries\project-dashboard\page.tsx","32","? clientId.replaceAll(""_"", "" "")"
"REVIEW","Project display/storage conversion logic","frontend\src\app\summaries\project-hours\page.tsx","58","subtitle={`Hours worked for ${projectId.replaceAll(""_"", "" "")}.`}"
"REVIEW","Project display/storage conversion logic","frontend\src\app\summaries\protocol\page.tsx","80","? `Saved protocol for ${projectId.replaceAll(""_"", "" "")}.`"
"REVIEW","Project display/storage conversion logic","frontend\src\app\summaries\review\page.tsx","84",".replaceAll(""_"", "" "");"
"REVIEW","Project display/storage conversion logic","frontend\src\app\summaries\review\page.tsx","163","title={resolvedBatchId.replaceAll(""_"", "" "")}"
"REVIEW","Project display/storage conversion logic","frontend\src\app\summaries\review-team\page.tsx","298","label={project.replaceAll(""_"", "" "")}"
"REVIEW","Project display/storage conversion logic","frontend\src\app\summaries\review-team\page.tsx","404",".map((project) => project.replaceAll(""_"", "" ""))"
"REVIEW","Project display/storage conversion logic","frontend\src\app\summaries\search-folders\page.tsx","158","subtitle={`Create text or regex search folders for ${projectId.replaceAll(""_"", "" "")}.`}"
"REVIEW","Project display/storage conversion logic","frontend\src\app\timesheet\page.tsx","58","subtitle={`Hours worked for ${projectId.replaceAll(""_"", "" "")}.`}"
"REVIEW","Project display/storage conversion logic","frontend\src\app\user-access\page.tsx","776","project.replaceAll(""_"", "" "")"
"REVIEW","Project display/storage conversion logic","frontend\src\components\CapturedEntitiesTable.tsx","901",")}${batchId ? ` / ${batchId.replaceAll(""_"", "" "")}` : """"}.`}"
"REVIEW","Direct APC upload path literal","frontend\src\components\ProjectFileUploadCard.tsx","32","value: ""source/processing_center/uploads"","
"REVIEW","Direct APC upload path literal","frontend\src\components\ProjectFileUploadCard.tsx","39","value: ""source/processing_center/uploads"","
"REVIEW","Direct source native/text/preview/metadata path literal","frontend\src\components\ProjectFileUploadCard.tsx","42","{ value: ""source/native"", label: ""Native"" },"
"REVIEW","Direct source native/text/preview/metadata path literal","frontend\src\components\ProjectFileUploadCard.tsx","43","{ value: ""source/text"", label: ""Text"" },"
"REVIEW","Direct source native/text/preview/metadata path literal","frontend\src\components\ProjectFileUploadCard.tsx","44","{ value: ""source/metadata"", label: ""Metadata"" },"
"REVIEW","Direct APC upload path literal","frontend\src\components\ProjectFileUploadCard.tsx","70","useState(""source/processing_center/uploads"");"
"REVIEW","Direct APC upload path literal","frontend\src\components\ProjectFileUploadCard.tsx","100","setSelectedFolder(""source/processing_center/uploads"");"
"REVIEW","Direct APC upload path literal","frontend\src\components\ProjectFileUploadCard.tsx","224","selectedFolder === ""source/processing_center/uploads"""
"REVIEW","Direct APC upload path literal","frontend\src\components\ProjectFileUploadCard.tsx","254","setSelectedFolder(""source/processing_center/uploads"");"
"REVIEW","Project display/storage conversion logic","frontend\src\components\ProjectFileUploadCard.tsx","284","{client.replaceAll(""_"", "" "")}"
"REVIEW","Project display/storage conversion logic","frontend\src\components\ProjectFileUploadCard.tsx","301","{project.replaceAll(""_"", "" "")}"
"REVIEW","Project display/storage conversion logic","frontend\src\components\ProjectSidebar.tsx","468","{projectId.replaceAll(""_"", "" "")}"
"REVIEW","Project display/storage conversion logic","frontend\src\components\Topbar.tsx","136","{selectedProject.replaceAll(""_"", "" "")}"
"REVIEW","Direct APC upload path literal","frontend\src\components\processing-center\AzureProcessingCenterPanel.tsx","1046","Files are uploaded to source/processing_center/uploads. Processing can only be started by INSYT Admin."
"REVIEW","Direct APC upload path literal","frontend\src\components\processing-center\AzureProcessingCenterPanel.tsx","1137","No files found in source/processing_center/uploads."
"REVIEW","Direct APC upload path literal","frontend\src\components\processing-center\AzureProcessingCenterPanel.tsx","1707","source/processing_center/uploads"
"REVIEW","Project display/storage conversion logic","frontend\src\components\protocols\AssignProtocolToProjectCard.tsx","254","{client.replaceAll(""_"", "" "")}"
"REVIEW","Project display/storage conversion logic","frontend\src\components\protocols\AssignProtocolToProjectCard.tsx","268","{project.replaceAll(""_"", "" "")}"
"REVIEW","Project display/storage conversion logic","frontend\src\components\protocols\AssignProtocolToProjectCard.tsx","282","{protocol.name.replaceAll(""_"", "" "")}"
"REVIEW","Project display/storage conversion logic","frontend\src\components\summaries\PdfOutlinePane.tsx","93","{projectId.replaceAll(""_"", "" "")}"
"INFO","Project base path helper usage","workers\insyt_processing_worker\apc\api.py","9","from .azure_layout import AzureRoutingConfig"
"INFO","Project base path helper usage","workers\insyt_processing_worker\apc\api.py","64",") -> AzureRoutingConfig:"
"INFO","Project base path helper usage","workers\insyt_processing_worker\apc\api.py","65","return AzureRoutingConfig.from_args("
"INFO","Project base path helper usage","workers\insyt_processing_worker\apc\azure_blob_adapter.py","10","from .azure_layout import AzureRoutingConfig, build_review_promotion_blob_plan, build_azure_routing_summary"
"INFO","Project base path helper usage","workers\insyt_processing_worker\apc\azure_blob_adapter.py","48","def __init__(self, routing: AzureRoutingConfig):"
"FAIL","Workspace-first literal/order: workspace/client/project","workers\insyt_processing_worker\apc\azure_blob_adapter.py","127","{workspace}/{client}/{project}/source/processing_center/uploads/"
"REVIEW","Direct APC upload path literal","workers\insyt_processing_worker\apc\azure_blob_adapter.py","127","{workspace}/{client}/{project}/source/processing_center/uploads/"
"FAIL","Workspace-first literal/order: workspace/client/project","workers\insyt_processing_worker\apc\azure_blob_adapter.py","130","{workspace}/{client}/{project}/processing_center/archive/{job_id}/uploads/"
"REVIEW","Direct APC jobs/staged/reports/archive path literal","workers\insyt_processing_worker\apc\azure_blob_adapter.py","130","{workspace}/{client}/{project}/processing_center/archive/{job_id}/uploads/"
"REVIEW","Direct APC jobs/staged/reports/archive path literal","workers\insyt_processing_worker\apc\azure_blob_adapter.py","137","f""{self.routing.prefix}/processing_center/archive/"""
"INFO","Project base path helper usage","workers\insyt_processing_worker\apc\azure_blob_adapter.py","137","f""{self.routing.prefix}/processing_center/archive/"""
"FAIL","Workspace-first literal/order: workspace/client/project","workers\insyt_processing_worker\apc\azure_blob_adapter.py","242","{workspace}/{client}/{project}/processing_center/staged/{job_id}/native/"
"REVIEW","Direct APC jobs/staged/reports/archive path literal","workers\insyt_processing_worker\apc\azure_blob_adapter.py","242","{workspace}/{client}/{project}/processing_center/staged/{job_id}/native/"
"FAIL","Workspace-first literal/order: workspace/client/project","workers\insyt_processing_worker\apc\azure_blob_adapter.py","243","{workspace}/{client}/{project}/processing_center/staged/{job_id}/text/"
"REVIEW","Direct APC jobs/staged/reports/archive path literal","workers\insyt_processing_worker\apc\azure_blob_adapter.py","243","{workspace}/{client}/{project}/processing_center/staged/{job_id}/text/"
"FAIL","Workspace-first literal/order: workspace/client/project","workers\insyt_processing_worker\apc\azure_blob_adapter.py","248","{workspace}/{client}/{project}/source/native/"
"REVIEW","Direct source native/text/preview/metadata path literal","workers\insyt_processing_worker\apc\azure_blob_adapter.py","248","{workspace}/{client}/{project}/source/native/"
"FAIL","Workspace-first literal/order: workspace/client/project","workers\insyt_processing_worker\apc\azure_blob_adapter.py","249","{workspace}/{client}/{project}/source/text/"
"REVIEW","Direct source native/text/preview/metadata path literal","workers\insyt_processing_worker\apc\azure_blob_adapter.py","249","{workspace}/{client}/{project}/source/text/"
"REVIEW","Direct APC jobs/staged/reports/archive path literal","workers\insyt_processing_worker\apc\azure_blob_adapter.py","256","f""{self.routing.prefix}/processing_center/staged/{job_id}"""
"INFO","Project base path helper usage","workers\insyt_processing_worker\apc\azure_blob_adapter.py","256","f""{self.routing.prefix}/processing_center/staged/{job_id}"""
"INFO","Project base path helper usage","workers\insyt_processing_worker\apc\azure_blob_adapter.py","349","def azure_list_uploads(routing: AzureRoutingConfig, export_dir: str | None = None) -> list[dict[str, object]]:"
"INFO","Project base path helper usage","workers\insyt_processing_worker\apc\azure_blob_adapter.py","358","def azure_download_uploads(routing: AzureRoutingConfig, destination_root: str, overwrite: bool = False, export_dir: str | None = None) -> list[dict[str, object]]:"
"INFO","Project base path helper usage","workers\insyt_processing_worker\apc\azure_blob_adapter.py","366","routing: AzureRoutingConfig,"
"INFO","Project base path helper usage","workers\insyt_processing_worker\apc\azure_blob_adapter.py","394","routing: AzureRoutingConfig,"
"FAIL","routing.workspace/routing.client/routing.project direct path construction","workers\insyt_processing_worker\apc\azure_blob_adapter.py","425","f""{routing.workspace}/{routing.client}/{routing.project}/"""
"REVIEW","Direct APC jobs/staged/reports/archive path literal","workers\insyt_processing_worker\apc\azure_blob_adapter.py","426","f""processing_center/staged/{job_id}"""
"FAIL","routing.workspace/routing.client/routing.project direct path construction","workers\insyt_processing_worker\apc\azure_blob_adapter.py","450","f""{routing.workspace}/{routing.client}/{routing.project}/source/native"""
"REVIEW","Direct source native/text/preview/metadata path literal","workers\insyt_processing_worker\apc\azure_blob_adapter.py","450","f""{routing.workspace}/{routing.client}/{routing.project}/source/native"""
"FAIL","routing.workspace/routing.client/routing.project direct path construction","workers\insyt_processing_worker\apc\azure_blob_adapter.py","453","f""{routing.workspace}/{routing.client}/{routing.project}/source/text"""
"REVIEW","Direct source native/text/preview/metadata path literal","workers\insyt_processing_worker\apc\azure_blob_adapter.py","453","f""{routing.workspace}/{routing.client}/{routing.project}/source/text"""
"INFO","Project base path helper usage","workers\insyt_processing_worker\apc\azure_blob_adapter.py","464","routing: AzureRoutingConfig,"
"INFO","Project base path helper usage","workers\insyt_processing_worker\apc\azure_blob_adapter.py","529","routing: AzureRoutingConfig,"
"REVIEW","Direct APC jobs/staged/reports/archive path literal","workers\insyt_processing_worker\apc\azure_blob_adapter.py","536","This writes to insytprodstorage under processing_center/jobs/{job_id}/status.json,"
"INFO","Project base path helper usage","workers\insyt_processing_worker\apc\azure_blob_adapter.py","559","def _processed_hash_index_blob_path(routing: AzureRoutingConfig) -> str:"
"FAIL","routing.workspace/routing.client/routing.project direct path construction","workers\insyt_processing_worker\apc\azure_blob_adapter.py","561","f""{routing.workspace}/{routing.client}/{routing.project}/"""
"INFO","Project base path helper usage","workers\insyt_processing_worker\apc\azure_blob_adapter.py","566","def azure_read_processed_hash_index(routing: AzureRoutingConfig) -> dict[str, object]:"
"INFO","Project base path helper usage","workers\insyt_processing_worker\apc\azure_blob_adapter.py","605","routing: AzureRoutingConfig,"
"INFO","Project base path helper usage","workers\insyt_processing_worker\apc\azure_blob_adapter.py","734","def read_processing_job_status(routing: AzureRoutingConfig, job_id: str) -> dict[str, object]:"
"INFO","Project base path helper usage","workers\insyt_processing_worker\apc\azure_job_runner.py","16","from .azure_layout import AzureRoutingConfig, build_azure_routing_summary"
"REVIEW","Project display/storage conversion logic","workers\insyt_processing_worker\apc\azure_job_runner.py","45","return str(value or ""job"").replace(""/"", ""_"").replace(""\\"", ""_"").replace("" "", ""_"")"
"INFO","Project base path helper usage","workers\insyt_processing_worker\apc\azure_job_runner.py","50","routing: AzureRoutingConfig,"
"INFO","Project base path helper usage","workers\insyt_processing_worker\apc\azure_job_runner.py","78","routing: AzureRoutingConfig,"
"REVIEW","Direct APC upload path literal","workers\insyt_processing_worker\apc\azure_job_runner.py","106","# pending in source/processing_center/uploads. Without clearing this"
"REVIEW","Project display/storage conversion logic","workers\insyt_processing_worker\apc\azure_layout.py","25","def clean_segment(value: str | None) -> str:"
"REVIEW","Project display/storage conversion logic","workers\insyt_processing_worker\apc\azure_layout.py","28","def storage_segment(value: str | None) -> str:"
"REVIEW","Project display/storage conversion logic","workers\insyt_processing_worker\apc\azure_layout.py","29","return clean_segment(value).replace("" "", ""_"")"
"INFO","Project base path helper usage","workers\insyt_processing_worker\apc\azure_layout.py","32","class AzureRoutingConfig:"
"INFO","Project base path helper usage","workers\insyt_processing_worker\apc\azure_layout.py","55",") -> ""AzureRoutingConfig"":"
"REVIEW","Project display/storage conversion logic","workers\insyt_processing_worker\apc\azure_layout.py","56","workspace_clean = clean_segment(workspace).lower() or ""capture"""
"REVIEW","Project display/storage conversion logic","workers\insyt_processing_worker\apc\azure_layout.py","61","client=clean_segment(client),"
"REVIEW","Project display/storage conversion logic","workers\insyt_processing_worker\apc\azure_layout.py","62","project=clean_segment(project),"
"REVIEW","Project display/storage conversion logic","workers\insyt_processing_worker\apc\azure_layout.py","98","client = clean_segment(self.client)"
"REVIEW","Project display/storage conversion logic","workers\insyt_processing_worker\apc\azure_layout.py","99","workspace = clean_segment(self.workspace).lower() or ""capture"""
"REVIEW","Project display/storage conversion logic","workers\insyt_processing_worker\apc\azure_layout.py","100","project = storage_segment(self.project)"
"REVIEW","Direct APC upload path literal","workers\insyt_processing_worker\apc\azure_layout.py","120","""uploads"": f""{p}/source/processing_center/uploads"","
"REVIEW","Direct APC jobs/staged/reports/archive path literal","workers\insyt_processing_worker\apc\azure_layout.py","121","""work"": f""{p}/processing_center/work"","
"REVIEW","Direct APC jobs/staged/reports/archive path literal","workers\insyt_processing_worker\apc\azure_layout.py","122","""temp"": f""{p}/processing_center/temp"","
"REVIEW","Direct APC jobs/staged/reports/archive path literal","workers\insyt_processing_worker\apc\azure_layout.py","123","""jobs"": f""{p}/processing_center/jobs"","
"REVIEW","Direct APC jobs/staged/reports/archive path literal","workers\insyt_processing_worker\apc\azure_layout.py","124","""telemetry"": f""{p}/processing_center/telemetry"","
"REVIEW","Direct APC jobs/staged/reports/archive path literal","workers\insyt_processing_worker\apc\azure_layout.py","125","""internal_reports"": f""{p}/processing_center/reports/internal"","
"REVIEW","Direct source native/text/preview/metadata path literal","workers\insyt_processing_worker\apc\azure_layout.py","132","""native"": f""{p}/source/native"","
"REVIEW","Direct source native/text/preview/metadata path literal","workers\insyt_processing_worker\apc\azure_layout.py","133","""text"": f""{p}/source/text"","
"REVIEW","Direct source native/text/preview/metadata path literal","workers\insyt_processing_worker\apc\azure_layout.py","134","""preview"": f""{p}/source/preview"","
"REVIEW","Direct source native/text/preview/metadata path literal","workers\insyt_processing_worker\apc\azure_layout.py","135","""metadata"": f""{p}/source/metadata"","
"REVIEW","Direct APC jobs/staged/reports/archive path literal","workers\insyt_processing_worker\apc\azure_layout.py","136","""reports"": f""{p}/processing_center/reports"","
"INFO","Project base path helper usage","workers\insyt_processing_worker\apc\azure_layout.py","184","routing: AzureRoutingConfig,"
"INFO","Project base path helper usage","workers\insyt_processing_worker\apc\azure_layout.py","240","routing: AzureRoutingConfig,"
"INFO","Project base path helper usage","workers\insyt_processing_worker\apc\azure_layout.py","254","""project_prefix"": routing.prefix,"
"INFO","Project base path helper usage","workers\insyt_processing_worker\apc\__main__.py","13","from .azure_layout import AzureRoutingConfig, build_azure_routing_summary, build_review_promotion_blob_plan, export_azure_plan"
"REVIEW","Direct source native/text/preview/metadata path literal","workers\insyt_processing_worker\apc\__main__.py","38","run.add_argument(""--promote-review-ready"", action=""store_true"", help=""Create review-ready source/native and source/text output using assigned Doc IDs"")"
"REVIEW","Direct source native/text/preview/metadata path literal","workers\insyt_processing_worker\apc\__main__.py","96","azure_upload = sub.add_parser(""azure-upload-review"", help=""Upload local review-ready source/native and source/text outputs to insytreviewstorage. Requires --azure-write."")"
"REVIEW","Direct source native/text/preview/metadata path literal","workers\insyt_processing_worker\apc\__main__.py","100","azure_upload.add_argument(""--local-review-root"", required=True, help=""Folder containing source/native and source/text created by --promote-review-ready"")"
"INFO","Project base path helper usage","workers\insyt_processing_worker\apc\__main__.py","214","routing = AzureRoutingConfig.from_args("
"INFO","Project base path helper usage","workers\insyt_processing_worker\apc\__main__.py","273","routing = AzureRoutingConfig.from_args("
"INFO","Project base path helper usage","workers\insyt_processing_worker\apc\__main__.py","308","routing = AzureRoutingConfig.from_args("
"INFO","Project base path helper usage","workers\insyt_processing_worker\apc\__main__.py","340","routing = AzureRoutingConfig.from_args("
"INFO","Project base path helper usage","workers\insyt_processing_worker\apc\__main__.py","383","routing = AzureRoutingConfig.from_args("
"REVIEW","Direct source native/text/preview/metadata path literal","workers\insyt_processing_worker\apc\stages\review_promotion.py","65","""""""Promote final reviewable set into source/native and source/text style folders."
"FAIL","Workspace-first literal/order: workspace/client/project","workers\insyt_processing_worker\apc\stages\review_promotion.py","68","operations with Azure Blob writes to {workspace}/{client}/{project}/source/native"
"REVIEW","Direct source native/text/preview/metadata path literal","workers\insyt_processing_worker\apc\stages\review_promotion.py","68","operations with Azure Blob writes to {workspace}/{client}/{project}/source/native"
"REVIEW","Direct source native/text/preview/metadata path literal","workers\insyt_processing_worker\apc\stages\review_promotion.py","69","and /source/text."
"INFO","Processing Center route decorator","workers\insyt_processing_worker\app\api\admin_clients.py","31","@router.get(""/clients-overview"")"
"INFO","Processing Center route decorator","workers\insyt_processing_worker\app\api\admin_clients.py","125","@router.get(""/project-users"")"
"INFO","Processing Center route decorator","workers\insyt_processing_worker\app\api\admin_clients.py","181","@router.get(""/project-hours-overview"")"
"INFO","Processing Center route decorator","workers\insyt_processing_worker\app\api\admin_clients.py","230","@router.get(""/review-hours"")"
"INFO","Processing Center route decorator","workers\insyt_processing_worker\app\api\admin_clients.py","290","@router.post(""/users/status"")"
"INFO","Processing Center route decorator","workers\insyt_processing_worker\app\api\audit_logs.py","45","@router.get(""/"")"
"INFO","Processing Center route decorator","workers\insyt_processing_worker\app\api\auth.py","96","@router.post(""/bootstrap-admin"")"
"INFO","Processing Center route decorator","workers\insyt_processing_worker\app\api\auth.py","156","@router.post(""/login"")"
"INFO","Processing Center route decorator","workers\insyt_processing_worker\app\api\auth.py","260","@router.post(""/mfa/setup"")"
"INFO","Processing Center route decorator","workers\insyt_processing_worker\app\api\auth.py","310","@router.post(""/mfa/confirm"")"
"INFO","Processing Center route decorator","workers\insyt_processing_worker\app\api\auth.py","354","@router.post(""/mfa/disable"")"
"INFO","Processing Center route decorator","workers\insyt_processing_worker\app\api\auth.py","384","@router.post(""/entra-login"")"
"INFO","Processing Center route decorator","workers\insyt_processing_worker\app\api\auth.py","506","@router.get(""/entra/start"")"
"INFO","Processing Center route decorator","workers\insyt_processing_worker\app\api\auth.py","531","@router.post(""/entra/callback"")"
"INFO","Processing Center route decorator","workers\insyt_processing_worker\app\api\auth.py","650","@router.get(""/me"")"
"INFO","Processing Center route decorator","workers\insyt_processing_worker\app\api\azure_projects.py","43","@router.get(""/"")"
"INFO","Processing Center route decorator","workers\insyt_processing_worker\app\api\azure_projects.py","63","@router.get(""/debug"")"
"INFO","Processing Center route decorator","workers\insyt_processing_worker\app\api\azure_projects.py","93","@router.get(""/{project_id}/files"")"
"INFO","Processing Center route decorator","workers\insyt_processing_worker\app\api\azure_projects.py","125","@router.get(""/{project_id}/sample-text"")"
"INFO","Processing Center route decorator","workers\insyt_processing_worker\app\api\azure_projects.py","171","@router.get(""/clients"")"
"INFO","Processing Center route decorator","workers\insyt_processing_worker\app\api\batches.py","27","@router.get(""/"")"
"INFO","Processing Center route decorator","workers\insyt_processing_worker\app\api\batches.py","32","@router.post(""/checkout"")"
"INFO","Processing Center route decorator","workers\insyt_processing_worker\app\api\batches.py","69","@router.get(""/files"")"
"INFO","Processing Center route decorator","workers\insyt_processing_worker\app\api\batches.py","96","@router.post(""/create-review"")"
"INFO","Processing Center route decorator","workers\insyt_processing_worker\app\api\batches.py","157","@router.post(""/create-qc"")"
"INFO","Processing Center route decorator","workers\insyt_processing_worker\app\api\batches.py","205","@router.post(""/create-alt"")"
"INFO","Processing Center route decorator","workers\insyt_processing_worker\app\api\capture_batches.py","32","@router.get(""/projects/{project_id}/batches"")"
"INFO","Processing Center route decorator","workers\insyt_processing_worker\app\api\capture_batches.py","51","@router.post(""/projects/{project_id}/batches/create"")"
"INFO","Processing Center route decorator","workers\insyt_processing_worker\app\api\capture_batches.py","80","@router.post(""/projects/{project_id}/batches/remove-docs"")"
"INFO","Processing Center route decorator","workers\insyt_processing_worker\app\api\capture_clients.py","60","@router.get(""/"")"
"INFO","Processing Center route decorator","workers\insyt_processing_worker\app\api\capture_clients.py","131","@router.post(""/remove-user"")"
"INFO","Processing Center route decorator","workers\insyt_processing_worker\app\api\capture_projects.py","36","@router.get(""/"")"
"INFO","Processing Center route decorator","workers\insyt_processing_worker\app\api\capture_projects.py","68","@router.get(""/clients"")"
"INFO","Processing Center route decorator","workers\insyt_processing_worker\app\api\capture_projects.py","91","@router.get(""/clients/{client_name}/projects"")"
"INFO","Processing Center route decorator","workers\insyt_processing_worker\app\api\capture_projects.py","118","@router.get(""/{project_id}/files"")"
"INFO","Processing Center route decorator","workers\insyt_processing_worker\app\api\capture_projects.py","143","@router.get(""/{project_id}/text"")"
"INFO","Processing Center route decorator","workers\insyt_processing_worker\app\api\capture_review_batches.py","22","@router.post(""/projects/{project_id}/batches/checkout"")"
"INFO","Processing Center route decorator","workers\insyt_processing_worker\app\api\capture_review_batches.py","40","@router.post(""/projects/{project_id}/batches/release"")"
"INFO","Processing Center route decorator","workers\insyt_processing_worker\app\api\capture_review_batches.py","60","@router.post(""/projects/{project_id}/batches/complete"")"
"REVIEW","Project display/storage conversion logic","workers\insyt_processing_worker\app\api\cyber_utility.py","62","value = sheet_name.strip().replace("" "", ""_"").replace(""/"", ""_"").replace(""\\"", ""_"")"
"REVIEW","Direct source native/text/preview/metadata path literal","workers\insyt_processing_worker\app\api\cyber_utility.py","118","folder: str = ""source/native"","
"INFO","Processing Center route decorator","workers\insyt_processing_worker\app\api\cyber_utility.py","423","@router.get(""/xl-processing/files"")"
"REVIEW","Direct source native/text/preview/metadata path literal","workers\insyt_processing_worker\app\api\cyber_utility.py","428","folder: str = Query(default=""source/native""),"
"INFO","Processing Center route decorator","workers\insyt_processing_worker\app\api\cyber_utility.py","438","@router.post(""/jobs"")"
"INFO","Processing Center route decorator","workers\insyt_processing_worker\app\api\cyber_utility.py","480","@router.get(""/jobs/{job_id}"")"
"INFO","Processing Center route decorator","workers\insyt_processing_worker\app\api\discovery.py","29","@router.get(""/projects"")"
"INFO","Processing Center route decorator","workers\insyt_processing_worker\app\api\discovery_batches.py","30","@router.get(""/projects/{project_id}/batches"")"
"INFO","Processing Center route decorator","workers\insyt_processing_worker\app\api\discovery_batches.py","49","@router.post(""/projects/{project_id}/batches/create"")"
"INFO","Processing Center route decorator","workers\insyt_processing_worker\app\api\discovery_batches.py","78","@router.post(""/projects/{project_id}/batches/checkout"")"
"INFO","Processing Center route decorator","workers\insyt_processing_worker\app\api\discovery_review_batches.py","22","@router.post(""/projects/{project_id}/batches/checkout"")"
"INFO","Processing Center route decorator","workers\insyt_processing_worker\app\api\discovery_review_batches.py","41","@router.post(""/projects/{project_id}/batches/release"")"
"INFO","Processing Center route decorator","workers\insyt_processing_worker\app\api\discovery_review_batches.py","61","@router.post(""/projects/{project_id}/batches/complete"")"
"REVIEW","Direct source native/text/preview/metadata path literal","workers\insyt_processing_worker\app\api\document_overlays.py","374","prefix = f""{base_path}/source/native/"""
"INFO","Processing Center route decorator","workers\insyt_processing_worker\app\api\document_overlays.py","507","@router.post(""/preview"")"
"INFO","Processing Center route decorator","workers\insyt_processing_worker\app\api\document_overlays.py","613","@router.post(""/commit"")"
"INFO","Processing Center route decorator","workers\insyt_processing_worker\app\api\document_overlays.py","795","@router.get(""/{project_id}/list"")"
"INFO","Processing Center route decorator","workers\insyt_processing_worker\app\api\document_overlays.py","853","@router.get(""/{project_id}/latest"")"
"INFO","Processing Center route decorator","workers\insyt_processing_worker\app\api\entities.py","370","@router.get(""/"")"
"INFO","Processing Center route decorator","workers\insyt_processing_worker\app\api\entities.py","507","@router.get(""/document"")"
"INFO","Processing Center route decorator","workers\insyt_processing_worker\app\api\entities.py","581","@router.post(""/export-source-docs"")"
"REVIEW","Direct source native/text/preview/metadata path literal","workers\insyt_processing_worker\app\api\entities.py","624","folder=""source/native"","
"REVIEW","Direct source native/text/preview/metadata path literal","workers\insyt_processing_worker\app\api\entities.py","651","folder=""source/text"","
"INFO","Processing Center route decorator","workers\insyt_processing_worker\app\api\entities.py","710","@router.post(""/export-source-docs-zip"")"
"REVIEW","Direct source native/text/preview/metadata path literal","workers\insyt_processing_worker\app\api\entities.py","781","folder=""source/native"","
"REVIEW","Direct source native/text/preview/metadata path literal","workers\insyt_processing_worker\app\api\entities.py","802","folder=""source/text"","
"INFO","Processing Center route decorator","workers\insyt_processing_worker\app\api\entities.py","918","@router.post(""/update"")"
"INFO","Processing Center route decorator","workers\insyt_processing_worker\app\api\entities.py","967","@router.post(""/unlink"")"
"INFO","Processing Center route decorator","workers\insyt_processing_worker\app\api\entities.py","1015","@router.post(""/delete"")"
"INFO","Processing Center route decorator","workers\insyt_processing_worker\app\api\files.py","8","@router.get(""/"")"
"INFO","Processing Center route decorator","workers\insyt_processing_worker\app\api\jobs.py","23","@router.post(""/"")"
"INFO","Processing Center route decorator","workers\insyt_processing_worker\app\api\jobs.py","50","@router.get(""/"")"
"INFO","Processing Center route decorator","workers\insyt_processing_worker\app\api\jobs.py","59","@router.get(""/{job_id}"")"
"INFO","Processing Center route decorator","workers\insyt_processing_worker\app\api\messages.py","273","@router.get(""/"")"
"INFO","Processing Center route decorator","workers\insyt_processing_worker\app\api\messages.py","307","@router.get(""/new-status"")"
"INFO","Processing Center route decorator","workers\insyt_processing_worker\app\api\messages.py","357","@router.post(""/mark-seen"")"
"INFO","Processing Center route decorator","workers\insyt_processing_worker\app\api\messages.py","406","@router.post(""/send"")"
"INFO","Processing Center route decorator","workers\insyt_processing_worker\app\api\messages.py","478","@router.get(""/urgent"")"
"INFO","Processing Center route decorator","workers\insyt_processing_worker\app\api\messages.py","525","@router.post(""/urgent/acknowledge"")"
"REVIEW","Direct source native/text/preview/metadata path literal","workers\insyt_processing_worker\app\api\processing_center.py","109","return f""{client}/{project_id}/source/native/{file_name}"""
"REVIEW","Direct source native/text/preview/metadata path literal","workers\insyt_processing_worker\app\api\processing_center.py","115","return f""{client}/{project_id}/source/text/{doc_id}.txt"""
"REVIEW","Direct source native/text/preview/metadata path literal","workers\insyt_processing_worker\app\api\processing_center.py","173","return f""{client}/{project_id}/source/preview/{doc_id}.pdf"""
"REVIEW","Direct source native/text/preview/metadata path literal","workers\insyt_processing_worker\app\api\processing_center.py","179","return f""{client}/{project_id}/source/preview/{doc_id}.html"""
"INFO","Processing Center route decorator","workers\insyt_processing_worker\app\api\processing_center.py","474","@router.get(""/manifest"")"
"INFO","Processing Center route decorator","workers\insyt_processing_worker\app\api\processing_center.py","498","@router.post(""/upload"")"
"INFO","Processing Center route decorator","workers\insyt_processing_worker\app\api\processing_center.py","553","@router.post(""/start"")"
"INFO","Processing Center route decorator","workers\insyt_processing_worker\app\api\processing_center.py","768","@router.post(""/jobs/start"")"
"INFO","Processing Center route decorator","workers\insyt_processing_worker\app\api\processing_center.py","874","@router.get(""/jobs"")"
"INFO","Processing Center route decorator","workers\insyt_processing_worker\app\api\processing_center.py","971","@router.get(""/jobs/{job_id}"")"
"INFO","Processing Center route decorator","workers\insyt_processing_worker\app\api\projects.py","6","@router.get(""/"")"
"INFO","Processing Center route decorator","workers\insyt_processing_worker\app\api\protocol_templates.py","49","@router.get(""/{workspace}/protocol-templates"")"
"REVIEW","Direct source native/text/preview/metadata path literal","workers\insyt_processing_worker\app\api\review.py","202","if ""/source/native/"" in native_blob:"
"REVIEW","Direct source native/text/preview/metadata path literal","workers\insyt_processing_worker\app\api\review.py","203","base = native_blob.split(""/source/native/"")[0]"
"REVIEW","Direct source native/text/preview/metadata path literal","workers\insyt_processing_worker\app\api\review.py","204","return f""{base}/source/preview/{doc_id}.pdf"""
"REVIEW","Direct source native/text/preview/metadata path literal","workers\insyt_processing_worker\app\api\review.py","210","if ""/source/native/"" in native_blob:"
"REVIEW","Direct source native/text/preview/metadata path literal","workers\insyt_processing_worker\app\api\review.py","211","base = native_blob.split(""/source/native/"")[0]"
"REVIEW","Direct source native/text/preview/metadata path literal","workers\insyt_processing_worker\app\api\review.py","212","return f""{base}/source/preview/{doc_id}.html"""
"REVIEW","Direct source native/text/preview/metadata path literal","workers\insyt_processing_worker\app\api\review.py","306","if ""/source/native/"" in f""/{str(file.get('path', '')).lower()}"""
"REVIEW","Direct source native/text/preview/metadata path literal","workers\insyt_processing_worker\app\api\review.py","333","if ""/source/native"" in base_path:"
"REVIEW","Direct source native/text/preview/metadata path literal","workers\insyt_processing_worker\app\api\review.py","334","text_base = base_path.replace(""/source/native"", ""/source/text"")"
"REVIEW","Project display/storage conversion logic","workers\insyt_processing_worker\app\api\review.py","498","project.replace("" "", ""_""),"
"REVIEW","Direct source native/text/preview/metadata path literal","workers\insyt_processing_worker\app\api\review.py","510","f""{base_path}/source/native/"""
"REVIEW","Direct source native/text/preview/metadata path literal","workers\insyt_processing_worker\app\api\review.py","513","f""{base_path}/source/natives/"""
"REVIEW","Direct source native/text/preview/metadata path literal","workers\insyt_processing_worker\app\api\review.py","516","f""{base_path}/source/native_docs/"""
"REVIEW","Direct source native/text/preview/metadata path literal","workers\insyt_processing_worker\app\api\review.py","521","f""{base_path}/source/text/"""
"REVIEW","Direct source native/text/preview/metadata path literal","workers\insyt_processing_worker\app\api\review.py","524","f""{base_path}/source/texts/"""
"REVIEW","Direct source native/text/preview/metadata path literal","workers\insyt_processing_worker\app\api\review.py","550","detail=f""Document not found in source/native: {doc_id}"","
"INFO","Processing Center route decorator","workers\insyt_processing_worker\app\api\review.py","762","@router.get(""/review/current"")"
"INFO","Processing Center route decorator","workers\insyt_processing_worker\app\api\review.py","784","@router.get(""/{workspace}/review/preview"")"
"INFO","Processing Center route decorator","workers\insyt_processing_worker\app\api\review.py","920","@router.get(""/{workspace}/review/current"")"
"INFO","Processing Center route decorator","workers\insyt_processing_worker\app\api\review.py","959","@router.post(""/review/save"")"
"INFO","Processing Center route decorator","workers\insyt_processing_worker\app\api\review.py","1046","@router.post(""/review/save-next"")"
"INFO","Processing Center route decorator","workers\insyt_processing_worker\app\api\review.py","1058","@router.get(""/review/coding-map"")"
"REVIEW","Direct source native/text/preview/metadata path literal","workers\insyt_processing_worker\app\api\search_folders.py","49","prefix = f""{base_path}/source/text/"""
"INFO","Processing Center route decorator","workers\insyt_processing_worker\app\api\search_folders.py","151","@router.get(""/"")"
"INFO","Processing Center route decorator","workers\insyt_processing_worker\app\api\search_folders.py","216","@router.post(""/create"")"
"INFO","Processing Center route decorator","workers\insyt_processing_worker\app\api\search_folders.py","391","@router.get(""/{folder_id}/hits"")"
"INFO","Processing Center route decorator","workers\insyt_processing_worker\app\api\search_folders.py","398","@router.post(""/{folder_id}/delete"")"
"INFO","Processing Center route decorator","workers\insyt_processing_worker\app\api\summaries.py","29","@router.get(""/projects"")"
"INFO","Processing Center route decorator","workers\insyt_processing_worker\app\api\summaries_batches.py","28","@router.get(""/projects/{project_id}/batches"")"
"INFO","Processing Center route decorator","workers\insyt_processing_worker\app\api\summaries_batches.py","47","@router.post(""/projects/{project_id}/batches/create"")"
"INFO","Processing Center route decorator","workers\insyt_processing_worker\app\api\summaries_batches.py","74","@router.post(""/projects/{project_id}/batches/checkout"")"
"INFO","Processing Center route decorator","workers\insyt_processing_worker\app\api\summaries_qc.py","23","@router.post(""/save"")"
"INFO","Processing Center route decorator","workers\insyt_processing_worker\app\api\summaries_review_batches.py","22","@router.post(""/projects/{project_id}/batches/checkout"")"
"INFO","Processing Center route decorator","workers\insyt_processing_worker\app\api\summaries_review_batches.py","40","@router.post(""/projects/{project_id}/batches/release"")"
"INFO","Processing Center route decorator","workers\insyt_processing_worker\app\api\summaries_review_batches.py","60","@router.post(""/projects/{project_id}/batches/complete"")"
"INFO","Processing Center route decorator","workers\insyt_processing_worker\app\api\summaries_summary_data.py","61","@router.post(""/exists"")"
"INFO","Processing Center route decorator","workers\insyt_processing_worker\app\api\summaries_summary_data.py","88","@router.post(""/save"")"
"INFO","Processing Center route decorator","workers\insyt_processing_worker\app\api\summaries_summary_data.py","148","@router.get("""")"
"INFO","Processing Center route decorator","workers\insyt_processing_worker\app\api\summaries_text.py","24","@router.get(""/status"")"
"INFO","Processing Center route decorator","workers\insyt_processing_worker\app\api\summaries_text.py","46","@router.post(""/extract"")"
"INFO","Processing Center route decorator","workers\insyt_processing_worker\app\api\summaries_text.py","108","@router.get(""/content"")"
"INFO","Processing Center route decorator","workers\insyt_processing_worker\app\api\timesheet.py","446","@router.get(""/"")"
"INFO","Processing Center route decorator","workers\insyt_processing_worker\app\api\timesheet.py","467","@router.get(""/project-hours-summary"")"
"INFO","Processing Center route decorator","workers\insyt_processing_worker\app\api\timesheet.py","579","@router.post(""/clock-in"")"
"INFO","Processing Center route decorator","workers\insyt_processing_worker\app\api\timesheet.py","652","@router.post(""/clock-out"")"
"INFO","Processing Center route decorator","workers\insyt_processing_worker\app\api\timesheet.py","703","@router.get(""/review-hours"")"
"INFO","Processing Center route decorator","workers\insyt_processing_worker\app\api\timesheet.py","809","@router.post(""/review-hours/login"")"
"INFO","Processing Center route decorator","workers\insyt_processing_worker\app\api\timesheet.py","887","@router.post(""/review-hours/logout"")"
"INFO","Processing Center route decorator","workers\insyt_processing_worker\app\api\timesheet.py","1009","@router.post(""/review-hours/edit"")"
"INFO","Processing Center route decorator","workers\insyt_processing_worker\app\api\users.py","74","@router.get("""")"
"INFO","Processing Center route decorator","workers\insyt_processing_worker\app\api\users.py","75","@router.get(""/"")"
"INFO","Processing Center route decorator","workers\insyt_processing_worker\app\api\users.py","88","@router.post(""/create"")"
"INFO","Processing Center route decorator","workers\insyt_processing_worker\app\api\users.py","200","@router.post(""/update"")"
"INFO","Processing Center route decorator","workers\insyt_processing_worker\app\api\users.py","291","@router.post(""/delete"")"
"INFO","Processing Center route decorator","workers\insyt_processing_worker\app\api\users.py","348","@router.post(""/reset-password"")"
"INFO","Processing Center route decorator","workers\insyt_processing_worker\app\api\users.py","373","@router.post(""/project-access"")"
"INFO","Processing Center route decorator","workers\insyt_processing_worker\app\api\workspace_clients.py","27","@router.get(""/{workspace}/clients"")"
"INFO","Processing Center route decorator","workers\insyt_processing_worker\app\api\workspace_clients.py","45","@router.get(""/{workspace}/projects"")"
"INFO","Processing Center route decorator","workers\insyt_processing_worker\app\api\workspace_files.py","56","@router.get(""/{workspace}/files"")"
"INFO","Processing Center route decorator","workers\insyt_processing_worker\app\api\workspace_files.py","202","@router.get(""/{workspace}/native-preview"")"
"INFO","Processing Center route decorator","workers\insyt_processing_worker\app\api\workspace_file_uploads.py","33","@router.post(""/{workspace}/files/upload"")"
"REVIEW","Direct source native/text/preview/metadata path literal","workers\insyt_processing_worker\app\api\workspace_file_uploads.py","94","and folder_name == ""source/native"""
"REVIEW","Project display/storage conversion logic","workers\insyt_processing_worker\app\api\workspace_projects.py","47","cleaned = name.strip().replace("" "", ""_"")"
"INFO","Processing Center route decorator","workers\insyt_processing_worker\app\api\workspace_projects.py","193","@router.get(""/registry/workspace-clients"")"
"INFO","Processing Center route decorator","workers\insyt_processing_worker\app\api\workspace_projects.py","261","@router.get(""/{workspace}/clients"")"
"INFO","Processing Center route decorator","workers\insyt_processing_worker\app\api\workspace_projects.py","298","@router.get(""/{workspace}/clients/{client_name}/projects"")"
"INFO","Processing Center route decorator","workers\insyt_processing_worker\app\api\workspace_projects.py","340","@router.post(""/registry/workspace-projects/create"")"
"INFO","Processing Center route decorator","workers\insyt_processing_worker\app\api\workspace_projects.py","397","@router.post(""/{workspace}/projects/create"")"
"REVIEW","Direct source native/text/preview/metadata path literal","workers\insyt_processing_worker\app\api\workspace_projects.py","484","f""{project_root}/source/metadata/.keep"","
"REVIEW","Direct source native/text/preview/metadata path literal","workers\insyt_processing_worker\app\api\workspace_projects.py","485","f""{project_root}/source/native/.keep"","
"REVIEW","Direct source native/text/preview/metadata path literal","workers\insyt_processing_worker\app\api\workspace_projects.py","487","f""{project_root}/source/text/.keep"","
"INFO","Project base path helper usage","workers\insyt_processing_worker\app\api\workspace_project_create.py","6","build_project_base_path,"
"REVIEW","Direct source native/text/preview/metadata path literal","workers\insyt_processing_worker\app\api\workspace_project_create.py","24","""source/native"","
"REVIEW","Direct source native/text/preview/metadata path literal","workers\insyt_processing_worker\app\api\workspace_project_create.py","25","""source/text"","
"REVIEW","Direct source native/text/preview/metadata path literal","workers\insyt_processing_worker\app\api\workspace_project_create.py","26","""source/metadata"","
"REVIEW","Direct source native/text/preview/metadata path literal","workers\insyt_processing_worker\app\api\workspace_project_create.py","28","""source/preview"","
"REVIEW","Direct APC upload path literal","workers\insyt_processing_worker\app\api\workspace_project_create.py","29","""source/processing_center/uploads"","
"REVIEW","Direct APC jobs/staged/reports/archive path literal","workers\insyt_processing_worker\app\api\workspace_project_create.py","31","""processing_center/jobs"","
"REVIEW","Direct APC jobs/staged/reports/archive path literal","workers\insyt_processing_worker\app\api\workspace_project_create.py","32","""processing_center/staged"","
"REVIEW","Direct APC jobs/staged/reports/archive path literal","workers\insyt_processing_worker\app\api\workspace_project_create.py","33","""processing_center/reports"","
"REVIEW","Direct APC jobs/staged/reports/archive path literal","workers\insyt_processing_worker\app\api\workspace_project_create.py","34","""processing_center/archive"","
"REVIEW","Direct APC jobs/staged/reports/archive path literal","workers\insyt_processing_worker\app\api\workspace_project_create.py","35","""processing_center/removed"","
"INFO","Processing Center route decorator","workers\insyt_processing_worker\app\api\workspace_project_create.py","94","@router.post(""/{workspace}/projects/create"")"
"INFO","Project base path helper usage","workers\insyt_processing_worker\app\api\workspace_project_create.py","116","project_root = build_project_base_path("
"INFO","Processing Center route decorator","workers\insyt_processing_worker\app\api\workspace_project_create.py","176","@router.post(""/{workspace}/projects/ensure-folders"")"
"INFO","Project base path helper usage","workers\insyt_processing_worker\app\api\workspace_project_create.py","198","project_root = build_project_base_path("
"INFO","Processing Center route decorator","workers\insyt_processing_worker\app\api\workspace_protocols.py","24","@router.get(""/{workspace}/projects/{project_id}/protocol"")"
"INFO","Processing Center route decorator","workers\insyt_processing_worker\app\api\workspace_protocols.py","194","@router.post(""/{workspace}/projects/{project_id}/protocol"")"
"INFO","Processing Center route decorator","workers\insyt_processing_worker\app\routes\merge_dedupe.py","46","@router.post(""/merge-dedupe"")"
"INFO","Processing Center route decorator","workers\insyt_processing_worker\app\routes\tools_merge_dedupe.py","175","@router.post(""/captured-entities/merge-selected-headers"")"
"INFO","Processing Center route decorator","workers\insyt_processing_worker\app\routes\tools_merge_dedupe.py","324","@router.post(""/merge-dedupe/import-captured-entities"")"
"REVIEW","Direct source native/text/preview/metadata path literal","workers\insyt_processing_worker\app\services\batch_service.py","91","prefix = f""{client_id}/{project_id}/source/native/"""
"REVIEW","Direct source native/text/preview/metadata path literal","workers\insyt_processing_worker\app\services\batch_service.py","93","prefix = f""{project_id}/source/native/"""
"REVIEW","Project display/storage conversion logic","workers\insyt_processing_worker\app\services\batch_service.py","545",".replace("" "", ""_"")"
"REVIEW","Direct source native/text/preview/metadata path literal","workers\insyt_processing_worker\app\services\summary_text_service.py","9","""/source/native/"","
"REVIEW","Direct source native/text/preview/metadata path literal","workers\insyt_processing_worker\app\services\summary_text_service.py","10","""/source/text/"","
"REVIEW","Direct source native/text/preview/metadata path literal","workers\insyt_processing_worker\app\services\summary_text_service.py","36","if ""/source/native/"" not in native_blob_name:"
"INFO","Project base path helper usage","workers\insyt_processing_worker\app\workers\processing_worker.py","25","from apc.azure_layout import AzureRoutingConfig"
"INFO","Project base path helper usage","workers\insyt_processing_worker\app\workers\processing_worker.py","220","def _routing_from_payload(payload: dict[str, Any]) -> AzureRoutingConfig:"
"INFO","Project base path helper usage","workers\insyt_processing_worker\app\workers\processing_worker.py","221","return AzureRoutingConfig.from_args("
"INFO","Project base path helper usage","workers\insyt_processing_worker\app\workers\processing_worker.py","364","""routing_prefix"": routing.prefix,"
"REVIEW","Project display/storage conversion logic","_legacy_app_backup\page.tsx","307","subtitle={`Create and manage batches for ${projectId.replaceAll(""_"", "" "")}.`}"
"REVIEW","Project display/storage conversion logic","_legacy_app_backup\page.tsx","578","subtitle={`Batch status for ${projectId.replaceAll(""_"", "" "")}.`}"
"REVIEW","Project display/storage conversion logic","_legacy_app_backup\files\page.tsx","100","subtitle={`All project files for ${projectId.replaceAll(""_"", "" "")}.`}"
"REVIEW","Project display/storage conversion logic","_legacy_app_backup\projects\page.tsx","27","name: projectId.replaceAll(""_"", "" ""),"
"REVIEW","Project display/storage conversion logic","_legacy_app_backup\review\page.tsx","106","title={batchId.replaceAll(""_"", "" "")}"
"REVIEW","Project display/storage conversion logic","_legacy_app_backup\review\page.tsx","107","subtitle={`Documents available for ${projectId.replaceAll(""_"", "" "")}.`}"
"REVIEW","Project display/storage conversion logic","_legacy_app_backup\search-folders\page.tsx","158","subtitle={`Create text or regex search folders for ${projectId.replaceAll(""_"", "" "")}.`}"
"REVIEW","Project display/storage conversion logic","_legacy_app_backup\user-access\page.tsx","298","label={project.replaceAll(""_"", "" "")}"
"REVIEW","Project display/storage conversion logic","_legacy_app_backup\user-access\page.tsx","404",".map((project) => project.replaceAll(""_"", "" ""))"
"REVIEW","Project display/storage conversion logic","_legacy_deploy_frontend_backup\src\app\batches\page.tsx","307","subtitle={`Create and manage batches for ${projectId.replaceAll(""_"", "" "")}.`}"
"REVIEW","Project display/storage conversion logic","_legacy_deploy_frontend_backup\src\app\batches\page.tsx","578","subtitle={`Batch status for ${projectId.replaceAll(""_"", "" "")}.`}"
"REVIEW","Project display/storage conversion logic","_legacy_deploy_frontend_backup\src\app\capture\batch-management\page.tsx","349","subtitle={`Create and manage batches for ${projectId.replaceAll(""_"", "" "")}.`}"
"REVIEW","Project display/storage conversion logic","_legacy_deploy_frontend_backup\src\app\capture\batch-management\page.tsx","786","subtitle={`Batch status for ${projectId.replaceAll(""_"", "" "")}.`}"
"REVIEW","Project display/storage conversion logic","_legacy_deploy_frontend_backup\src\app\capture\clients\page.tsx","150","{project.project_id.replaceAll(""_"", "" "")}"
"REVIEW","Project display/storage conversion logic","_legacy_deploy_frontend_backup\src\app\capture\new-project\page.tsx","308","{project.replaceAll(""_"", "" "")}"
"REVIEW","Project display/storage conversion logic","_legacy_deploy_frontend_backup\src\app\capture\new-project\page.tsx","371","{project.replaceAll(""_"", "" "")}"
"REVIEW","Project display/storage conversion logic","_legacy_deploy_frontend_backup\src\app\capture\search-folders\page.tsx","158","subtitle={`Create text or regex search folders for ${projectId.replaceAll(""_"", "" "")}.`}"
"REVIEW","Project display/storage conversion logic","_legacy_deploy_frontend_backup\src\app\capture\user-access\page.tsx","332","label={project.replaceAll(""_"", "" "")}"
"REVIEW","Project display/storage conversion logic","_legacy_deploy_frontend_backup\src\app\capture\user-access\page.tsx","438",".map((project) => project.replaceAll(""_"", "" ""))"
"REVIEW","Project display/storage conversion logic","_legacy_deploy_frontend_backup\src\app\search-folders\page.tsx","158","subtitle={`Create text or regex search folders for ${projectId.replaceAll(""_"", "" "")}.`}"
