2026-06-14T14:36:02.690 [Information] Host Status: {
  "id": "insyt-apc-worker-prod-v2",
  "state": "Running",
  "version": "4.1048.200.4",
  "versionDetails": "4.1048.200-dev.4.0+dfc109ad0152e6166b1a6d7a95f64a7459da96b3",
  "platformVersion": "108.0.7.82",
  "instanceId": "efd72d504497c861fc81eaea63d24d481f51aeea64f8edb875731e3159ad3490",
  "computerName": "ln0xsdlwk000919",
  "processUptime": 4160776,
  "functionAppContentEditingState": "Unknown",
  "extensionBundle": {
    "id": "Microsoft.Azure.Functions.ExtensionBundle",
    "version": "4.35.0"
  }
}
2026-06-14T14:36:02.780 [Information] Host Status: {
  "id": "insyt-apc-worker-prod-v2",
  "state": "Running",
  "version": "4.1048.200.4",
  "versionDetails": "4.1048.200-dev.4.0+dfc109ad0152e6166b1a6d7a95f64a7459da96b3",
  "platformVersion": "108.0.7.82",
  "instanceId": "efd72d504497c861fc81eaea63d24d481f51aeea64f8edb875731e3159ad3490",
  "computerName": "ln0xsdlwk000919",
  "processUptime": 4160868,
  "functionAppContentEditingState": "Unknown",
  "extensionBundle": {
    "id": "Microsoft.Azure.Functions.ExtensionBundle",
    "version": "4.35.0"
  }
}
2026-06-14T14:36:03.372 [Information] Request [532c9f1c-55a8-4b4f-8036-aab0f1ae5dfd] PUT https://insytprodstorage.blob.core.windows.net/azure-webjobs-hosts/locks/insyt-apc-worker-prod-v2/host?comp=lease
x-ms-lease-action:renew
x-ms-lease-id:efd72d50-4497-c861-fc81-eaea63d24d48
x-ms-version:2024-11-04
Accept:application/xml
x-ms-client-request-id:532c9f1c-55a8-4b4f-8036-aab0f1ae5dfd
x-ms-return-client-request-id:true
User-Agent:azsdk-net-Storage.Blobs/12.22.1 (.NET 8.0.26; Debian GNU/Linux 12 (bookworm))
x-ms-date:Sun, 14 Jun 2026 14:36:03 GMT
Authorization:REDACTED
client assembly: Azure.Storage.Blobs
2026-06-14T14:36:03.404 [Information] Response [532c9f1c-55a8-4b4f-8036-aab0f1ae5dfd] 200 OK (00.0s)
ETag:"0x8DECA18AD96A4B6"
Server:Windows-Azure-Blob/1.0 Microsoft-HTTPAPI/2.0
x-ms-request-id:19bd459d-901e-00c1-2a0b-fcaa6e000000
x-ms-client-request-id:532c9f1c-55a8-4b4f-8036-aab0f1ae5dfd
x-ms-version:2024-11-04
x-ms-lease-id:efd72d50-4497-c861-fc81-eaea63d24d48
Date:Sun, 14 Jun 2026 14:36:02 GMT
Content-Length:0
Last-Modified:Sun, 14 Jun 2026 13:27:27 GMT
2026-06-14T14:36:10.089 [Information] Executing StatusCodeResult, setting HTTP status code 200
2026-06-14T14:36:10.989 [Information] Request [c69f0c41-22f8-4567-8309-2337e3a78471] GET https://insytprodstorage.queue.core.windows.net/apc-processing-jobs/messages?numofmessages=16&visibilitytimeout=600
x-ms-version:2025-11-05
Accept:application/xml
x-ms-client-request-id:c69f0c41-22f8-4567-8309-2337e3a78471
x-ms-return-client-request-id:true
User-Agent:azsdk-net-Storage.Queues/12.24.0 (.NET 8.0.26; Debian GNU/Linux 12 (bookworm))
x-ms-date:Sun, 14 Jun 2026 14:36:10 GMT
Authorization:REDACTED
client assembly: Azure.Storage.Queues
2026-06-14T14:36:11.024 [Information] Response [c69f0c41-22f8-4567-8309-2337e3a78471] 200 OK (00.0s)
Cache-Control:no-cache
Transfer-Encoding:chunked
Server:Windows-Azure-Queue/1.0 Microsoft-HTTPAPI/2.0
x-ms-request-id:eecc787e-7003-00c9-4f0b-fcb061000000
x-ms-client-request-id:c69f0c41-22f8-4567-8309-2337e3a78471
x-ms-version:2025-11-05
Date:Sun, 14 Jun 2026 14:36:10 GMT
Content-Type:application/xml
2026-06-14T14:36:15.369 [Information] Request [f6bfc094-3f80-4eee-91eb-be1898ff26d8] PUT https://insytprodstorage.blob.core.windows.net/azure-webjobs-hosts/locks/insyt-apc-worker-prod-v2/host?comp=lease
x-ms-lease-action:renew
x-ms-lease-id:efd72d50-4497-c861-fc81-eaea63d24d48
x-ms-version:2024-11-04
Accept:application/xml
x-ms-client-request-id:f6bfc094-3f80-4eee-91eb-be1898ff26d8
x-ms-return-client-request-id:true
User-Agent:azsdk-net-Storage.Blobs/12.22.1 (.NET 8.0.26; Debian GNU/Linux 12 (bookworm))
x-ms-date:Sun, 14 Jun 2026 14:36:15 GMT
Authorization:REDACTED
client assembly: Azure.Storage.Blobs
2026-06-14T14:36:15.402 [Information] Response [f6bfc094-3f80-4eee-91eb-be1898ff26d8] 200 OK (00.0s)
ETag:"0x8DECA18AD96A4B6"
Server:Windows-Azure-Blob/1.0 Microsoft-HTTPAPI/2.0
x-ms-request-id:19bd6b59-901e-00c1-6c0b-fcaa6e000000
x-ms-client-request-id:f6bfc094-3f80-4eee-91eb-be1898ff26d8
x-ms-version:2024-11-04
x-ms-lease-id:efd72d50-4497-c861-fc81-eaea63d24d48
Date:Sun, 14 Jun 2026 14:36:14 GMT
Content-Length:0
Last-Modified:Sun, 14 Jun 2026 13:27:27 GMT
2026-06-14T14:36:20.147 [Information] Executing StatusCodeResult, setting HTTP status code 200
2026-06-14T14:36:27.377 [Information] Request [f4844864-4738-403e-8aaa-9ab8a7d9c913] PUT https://insytprodstorage.blob.core.windows.net/azure-webjobs-hosts/locks/insyt-apc-worker-prod-v2/host?comp=lease
x-ms-lease-action:renew
x-ms-lease-id:efd72d50-4497-c861-fc81-eaea63d24d48
x-ms-version:2024-11-04
Accept:application/xml
x-ms-client-request-id:f4844864-4738-403e-8aaa-9ab8a7d9c913
x-ms-return-client-request-id:true
User-Agent:azsdk-net-Storage.Blobs/12.22.1 (.NET 8.0.26; Debian GNU/Linux 12 (bookworm))
x-ms-date:Sun, 14 Jun 2026 14:36:27 GMT
Authorization:REDACTED
client assembly: Azure.Storage.Blobs
2026-06-14T14:36:27.411 [Information] Response [f4844864-4738-403e-8aaa-9ab8a7d9c913] 200 OK (00.0s)
ETag:"0x8DECA18AD96A4B6"
Server:Windows-Azure-Blob/1.0 Microsoft-HTTPAPI/2.0
x-ms-request-id:19bd9821-901e-00c1-550b-fcaa6e000000
x-ms-client-request-id:f4844864-4738-403e-8aaa-9ab8a7d9c913
x-ms-version:2024-11-04
x-ms-lease-id:efd72d50-4497-c861-fc81-eaea63d24d48
Date:Sun, 14 Jun 2026 14:36:26 GMT
Content-Length:0
Last-Modified:Sun, 14 Jun 2026 13:27:27 GMT
2026-06-14T14:36:30.195 [Information] Executing StatusCodeResult, setting HTTP status code 200
2026-06-14T14:36:32.073 [Information] Request [d0eba61d-507f-4a63-95bb-3b73644c124c] GET https://insytprodstorage.blob.core.windows.net/?comp=list&maxresults=1
x-ms-version:2024-11-04
Accept:application/xml
x-ms-client-request-id:d0eba61d-507f-4a63-95bb-3b73644c124c
x-ms-return-client-request-id:true
User-Agent:azsdk-net-Storage.Blobs/12.22.1 (.NET 8.0.26; Debian GNU/Linux 12 (bookworm))
x-ms-date:Sun, 14 Jun 2026 14:36:32 GMT
Authorization:REDACTED
client assembly: Azure.Storage.Blobs
2026-06-14T14:36:32.105 [Information] Response [d0eba61d-507f-4a63-95bb-3b73644c124c] 200 OK (00.0s)
Transfer-Encoding:chunked
Server:Windows-Azure-Blob/1.0 Microsoft-HTTPAPI/2.0
x-ms-request-id:19bda6b1-901e-00c1-0c0b-fcaa6e000000
x-ms-client-request-id:d0eba61d-507f-4a63-95bb-3b73644c124c
x-ms-version:2024-11-04
Date:Sun, 14 Jun 2026 14:36:31 GMT
Content-Type:application/xml
2026-06-14T14:36:31.854 [Information] Initializing Warmup Extension.
2026-06-14T14:36:31.900 [Information] Initializing Host. OperationId: 'dd13c1b5-4851-4e7d-bd63-ea000230b1e9'.
2026-06-14T14:36:31.903 [Information] Host initialization: ConsecutiveErrors=0, StartupCount=1, OperationId=dd13c1b5-4851-4e7d-bd63-ea000230b1e9
2026-06-14T14:36:31.921 [Information] ScriptJobHostOptions
{
  "FileWatchingEnabled": true,
  "FileLoggingMode": "DebugOnly",
  "FunctionTimeout": "00:30:00",
  "TelemetryMode": "ApplicationInsights"
}
2026-06-14T14:36:31.921 [Information] LoggerFilterOptions
{
  "MinLevel": "None",
  "Rules": [
    {
      "ProviderName": null,
      "CategoryName": null,
      "LogLevel": "Warning",
      "Filter": null
    },
    {
      "ProviderName": null,
      "CategoryName": null,
      "LogLevel": null,
      "Filter": "<AddFilter>b__0"
    },
    {
      "ProviderName": "Microsoft.Azure.WebJobs.Script.WebHost.Diagnostics.WebHostSystemLoggerProvider",
      "CategoryName": null,
      "LogLevel": "None",
      "Filter": null
    },
    {
      "ProviderName": "Microsoft.Azure.WebJobs.Script.WebHost.Diagnostics.WebHostSystemLoggerProvider",
      "CategoryName": null,
      "LogLevel": null,
      "Filter": "<AddFilter>b__0"
    },
    {
      "ProviderName": null,
      "CategoryName": null,
      "LogLevel": null,
      "Filter": "<AddFilter>b__0"
    },
    {
      "ProviderName": null,
      "CategoryName": "Host.Results",
      "LogLevel": "Information",
      "Filter": null
    },
    {
      "ProviderName": null,
      "CategoryName": "Host.Aggregator",
      "LogLevel": "Information",
      "Filter": null
    },
    {
      "ProviderName": null,
      "CategoryName": "Function.apc_processing_queue_worker",
      "LogLevel": "Information",
      "Filter": null
    },
    {
      "ProviderName": null,
      "CategoryName": null,
      "LogLevel": "Information",
      "Filter": null
    },
    {
      "ProviderName": "Microsoft.Azure.WebJobs.Script.WebHost.Diagnostics.SystemLoggerProvider",
      "CategoryName": null,
      "LogLevel": "None",
      "Filter": null
    },
    {
      "ProviderName": "Microsoft.Azure.WebJobs.Script.WebHost.Diagnostics.SystemLoggerProvider",
      "CategoryName": null,
      "LogLevel": null,
      "Filter": "<AddFilter>b__0"
    }
  ]
}
2026-06-14T14:36:31.921 [Information] HttpWorkerOptions
{
  "Type": 0,
  "Description": null,
  "Arguments": null,
  "Port": 45157,
  "IsPortManuallySet": false,
  "EnableForwardingHttpRequest": false,
  "EnableProxyingHttpRequest": false,
  "InitializationTimeout": "00:00:30",
  "CustomRoutesEnabled": false,
  "Http": null
}
2026-06-14T14:36:31.921 [Information] FunctionResultAggregatorOptions
{
  "BatchSize": 1000,
  "FlushTimeout": "00:00:30",
  "IsEnabled": true
}
2026-06-14T14:36:31.921 [Information] ConcurrencyOptions
{
  "DynamicConcurrencyEnabled": false,
  "MaximumFunctionConcurrency": 500,
  "CPUThreshold": 0.8,
  "SnapshotPersistenceEnabled": true
}
2026-06-14T14:36:31.921 [Information] QueuesOptions
{
  "BatchSize": 16,
  "NewBatchThreshold": 16,
  "MaxPollingInterval": "00:01:00",
  "MaxDequeueCount": 3,
  "VisibilityTimeout": "00:10:00",
  "MessageEncoding": "None"
}
2026-06-14T14:36:31.921 [Information] SingletonOptions
{
  "LockPeriod": "00:00:15",
  "ListenerLockPeriod": "00:01:00",
  "LockAcquisitionTimeout": "10675199.02:48:05.4775807",
  "LockAcquisitionPollingInterval": "00:00:05",
  "ListenerLockRecoveryPollingInterval": "00:01:00"
}
2026-06-14T14:36:31.921 [Information] TimerTriggerPlatformOptions
{
  "NonCronScheduleBehavior": 0
}
2026-06-14T14:36:31.921 [Information] ScaleOptions
{
  "ScaleMetricsMaxAge": "00:02:00",
  "ScaleMetricsSampleInterval": "00:00:10",
  "MetricsPurgeEnabled": true,
  "IsTargetScalingEnabled": true,
  "IsRuntimeScalingEnabled": false
}
2026-06-14T14:36:31.921 [Information] Starting JobHost
2026-06-14T14:36:31.922 [Information] Starting Host (HostId=insyt-apc-worker-prod-v2, InstanceId=3a765b24-b9c5-4581-bb98-7aa5bf0af743, Version=4.1048.200.4, ProcessId=26, AppDomainId=1, InDebugMode=True, InDiagnosticMode=False, FunctionsExtensionVersion=~4)
2026-06-14T14:36:31.925 [Information] Loading functions metadata
2026-06-14T14:36:31.927 [Information] Reading functions metadata (Custom)
2026-06-14T14:36:31.930 [Information] 0 functions found (Custom)
2026-06-14T14:36:31.930 [Information] 1 functions loaded
2026-06-14T14:36:31.939 [Information] Generating 1 job function(s)
2026-06-14T14:36:31.940 [Information] Worker process started and initialized.
2026-06-14T14:36:32.050 [Information] Found the following functions:
Host.Functions.apc_processing_queue_worker
2026-06-14T14:36:32.055 [Information] HttpOptions
{
  "DynamicThrottlesEnabled": false,
  "EnableChunkedRequestBinding": false,
  "MaxConcurrentRequests": -1,
  "MaxOutstandingRequests": -1,
  "RoutePrefix": "api"
}
2026-06-14T14:36:32.055 [Information] Initializing function HTTP routes
No HTTP routes mapped
2026-06-14T14:36:32.056 [Information] Host initialized (133ms)
2026-06-14T14:36:32.061 [Information] Host started (139ms)
2026-06-14T14:36:32.061 [Information] Job host started
2026-06-14T14:36:32.086 [Information] Request [f423d827-4382-4874-9283-2dd9ae7b5567] GET https://insytprodstorage.queue.core.windows.net/apc-processing-jobs?comp=metadata
x-ms-version:2025-11-05
Accept:application/xml
x-ms-client-request-id:f423d827-4382-4874-9283-2dd9ae7b5567
x-ms-return-client-request-id:true
User-Agent:azsdk-net-Storage.Queues/12.24.0 (.NET 8.0.26; Debian GNU/Linux 12 (bookworm))
x-ms-date:Sun, 14 Jun 2026 14:36:32 GMT
Authorization:REDACTED
client assembly: Azure.Storage.Queues
2026-06-14T14:36:32.607 [Information] Response [f423d827-4382-4874-9283-2dd9ae7b5567] 200 OK (00.5s)
Cache-Control:no-cache
Server:Windows-Azure-Queue/1.0 Microsoft-HTTPAPI/2.0
x-ms-request-id:36cdb5c7-5003-002a-370b-fcd29c000000
x-ms-client-request-id:f423d827-4382-4874-9283-2dd9ae7b5567
x-ms-version:2025-11-05
x-ms-approximate-messages-count:0
Date:Sun, 14 Jun 2026 14:36:32 GMT
Content-Length:0
2026-06-14T14:36:32.632 [Information] Request [f423d827-4382-4874-9283-2dd9ae7b5567] GET https://insytprodstorage.queue.core.windows.net/apc-processing-jobs/messages?numofmessages=16&visibilitytimeout=600
x-ms-version:2025-11-05
Accept:application/xml
x-ms-client-request-id:f423d827-4382-4874-9283-2dd9ae7b5567
x-ms-return-client-request-id:true
User-Agent:azsdk-net-Storage.Queues/12.24.0 (.NET 8.0.26; Debian GNU/Linux 12 (bookworm))
x-ms-date:Sun, 14 Jun 2026 14:36:32 GMT
Authorization:REDACTED
client assembly: Azure.Storage.Queues
2026-06-14T14:36:32.663 [Information] Response [f423d827-4382-4874-9283-2dd9ae7b5567] 200 OK (00.0s)
Cache-Control:no-cache
Transfer-Encoding:chunked
Server:Windows-Azure-Queue/1.0 Microsoft-HTTPAPI/2.0
x-ms-request-id:36cdb5e4-5003-002a-500b-fcd29c000000
x-ms-client-request-id:f423d827-4382-4874-9283-2dd9ae7b5567
x-ms-version:2025-11-05
Date:Sun, 14 Jun 2026 14:36:32 GMT
Content-Type:application/xml
2026-06-14T14:36:32.782 [Information] Request [25c90d3b-b1b7-4b02-b22f-978e7841f21f] GET https://insytprodstorage.queue.core.windows.net/apc-processing-jobs/messages?numofmessages=16&visibilitytimeout=600
x-ms-version:2025-11-05
Accept:application/xml
x-ms-client-request-id:25c90d3b-b1b7-4b02-b22f-978e7841f21f
x-ms-return-client-request-id:true
User-Agent:azsdk-net-Storage.Queues/12.24.0 (.NET 8.0.26; Debian GNU/Linux 12 (bookworm))
x-ms-date:Sun, 14 Jun 2026 14:36:32 GMT
Authorization:REDACTED
client assembly: Azure.Storage.Queues
2026-06-14T14:36:32.813 [Information] Response [25c90d3b-b1b7-4b02-b22f-978e7841f21f] 200 OK (00.0s)
Cache-Control:no-cache
Transfer-Encoding:chunked
Server:Windows-Azure-Queue/1.0 Microsoft-HTTPAPI/2.0
x-ms-request-id:36cdb617-5003-002a-010b-fcd29c000000
x-ms-client-request-id:25c90d3b-b1b7-4b02-b22f-978e7841f21f
x-ms-version:2025-11-05
Date:Sun, 14 Jun 2026 14:36:32 GMT
Content-Type:application/xml
2026-06-14T14:36:33.010 [Information] Request [ab607a3e-5e49-4acc-b049-781216378d47] GET https://insytprodstorage.queue.core.windows.net/apc-processing-jobs/messages?numofmessages=16&visibilitytimeout=600
x-ms-version:2025-11-05
Accept:application/xml
x-ms-client-request-id:ab607a3e-5e49-4acc-b049-781216378d47
x-ms-return-client-request-id:true
User-Agent:azsdk-net-Storage.Queues/12.24.0 (.NET 8.0.26; Debian GNU/Linux 12 (bookworm))
x-ms-date:Sun, 14 Jun 2026 14:36:33 GMT
Authorization:REDACTED
client assembly: Azure.Storage.Queues
2026-06-14T14:36:33.045 [Information] Response [ab607a3e-5e49-4acc-b049-781216378d47] 200 OK (00.0s)
Cache-Control:no-cache
Transfer-Encoding:chunked
Server:Windows-Azure-Queue/1.0 Microsoft-HTTPAPI/2.0
x-ms-request-id:36cdb661-5003-002a-4a0b-fcd29c000000
x-ms-client-request-id:ab607a3e-5e49-4acc-b049-781216378d47
x-ms-version:2025-11-05
Date:Sun, 14 Jun 2026 14:36:32 GMT
Content-Type:application/xml
2026-06-14T14:36:33.309 [Information] Request [a2fdd4dc-8352-4603-8a6a-f16c1a764e1d] GET https://insytprodstorage.queue.core.windows.net/apc-processing-jobs/messages?numofmessages=16&visibilitytimeout=600
x-ms-version:2025-11-05
Accept:application/xml
x-ms-client-request-id:a2fdd4dc-8352-4603-8a6a-f16c1a764e1d
x-ms-return-client-request-id:true
User-Agent:azsdk-net-Storage.Queues/12.24.0 (.NET 8.0.26; Debian GNU/Linux 12 (bookworm))
x-ms-date:Sun, 14 Jun 2026 14:36:33 GMT
Authorization:REDACTED
client assembly: Azure.Storage.Queues
2026-06-14T14:36:33.340 [Information] Response [a2fdd4dc-8352-4603-8a6a-f16c1a764e1d] 200 OK (00.0s)
Cache-Control:no-cache
Transfer-Encoding:chunked
Server:Windows-Azure-Queue/1.0 Microsoft-HTTPAPI/2.0
x-ms-request-id:36cdb6c2-5003-002a-250b-fcd29c000000
x-ms-client-request-id:a2fdd4dc-8352-4603-8a6a-f16c1a764e1d
x-ms-version:2025-11-05
Date:Sun, 14 Jun 2026 14:36:33 GMT
Content-Type:application/xml
2026-06-14T14:36:33.898 [Information] Request [ddf6606e-02c3-4c9b-a41e-fdafdc07e651] GET https://insytprodstorage.queue.core.windows.net/apc-processing-jobs/messages?numofmessages=16&visibilitytimeout=600
x-ms-version:2025-11-05
Accept:application/xml
x-ms-client-request-id:ddf6606e-02c3-4c9b-a41e-fdafdc07e651
x-ms-return-client-request-id:true
User-Agent:azsdk-net-Storage.Queues/12.24.0 (.NET 8.0.26; Debian GNU/Linux 12 (bookworm))
x-ms-date:Sun, 14 Jun 2026 14:36:33 GMT
Authorization:REDACTED
client assembly: Azure.Storage.Queues
2026-06-14T14:36:33.930 [Information] Response [ddf6606e-02c3-4c9b-a41e-fdafdc07e651] 200 OK (00.0s)
Cache-Control:no-cache
Transfer-Encoding:chunked
Server:Windows-Azure-Queue/1.0 Microsoft-HTTPAPI/2.0
x-ms-request-id:36cdb7ac-5003-002a-7c0b-fcd29c000000
x-ms-client-request-id:ddf6606e-02c3-4c9b-a41e-fdafdc07e651
x-ms-version:2025-11-05
Date:Sun, 14 Jun 2026 14:36:33 GMT
Content-Type:application/xml
2026-06-14T14:36:34.918 [Information] Request [030f026f-a6b8-40e4-9ce6-084bfc69fcab] GET https://insytprodstorage.queue.core.windows.net/apc-processing-jobs/messages?numofmessages=16&visibilitytimeout=600
x-ms-version:2025-11-05
Accept:application/xml
x-ms-client-request-id:030f026f-a6b8-40e4-9ce6-084bfc69fcab
x-ms-return-client-request-id:true
User-Agent:azsdk-net-Storage.Queues/12.24.0 (.NET 8.0.26; Debian GNU/Linux 12 (bookworm))
x-ms-date:Sun, 14 Jun 2026 14:36:34 GMT
Authorization:REDACTED
client assembly: Azure.Storage.Queues
2026-06-14T14:36:34.948 [Information] Response [030f026f-a6b8-40e4-9ce6-084bfc69fcab] 200 OK (00.0s)
Cache-Control:no-cache
Transfer-Encoding:chunked
Server:Windows-Azure-Queue/1.0 Microsoft-HTTPAPI/2.0
x-ms-request-id:36cdb931-5003-002a-730b-fcd29c000000
x-ms-client-request-id:030f026f-a6b8-40e4-9ce6-084bfc69fcab
x-ms-version:2025-11-05
Date:Sun, 14 Jun 2026 14:36:34 GMT
Content-Type:application/xml
2026-06-14T14:36:36.631 [Information] Request [fd86488b-34b9-4a80-ba56-eb62a48f0281] GET https://insytprodstorage.queue.core.windows.net/apc-processing-jobs/messages?numofmessages=16&visibilitytimeout=600
x-ms-version:2025-11-05
Accept:application/xml
x-ms-client-request-id:fd86488b-34b9-4a80-ba56-eb62a48f0281
x-ms-return-client-request-id:true
User-Agent:azsdk-net-Storage.Queues/12.24.0 (.NET 8.0.26; Debian GNU/Linux 12 (bookworm))
x-ms-date:Sun, 14 Jun 2026 14:36:36 GMT
Authorization:REDACTED
client assembly: Azure.Storage.Queues
2026-06-14T14:36:36.662 [Information] Response [fd86488b-34b9-4a80-ba56-eb62a48f0281] 200 OK (00.0s)
Cache-Control:no-cache
Transfer-Encoding:chunked
Server:Windows-Azure-Queue/1.0 Microsoft-HTTPAPI/2.0
x-ms-request-id:36cdbbdb-5003-002a-740b-fcd29c000000
x-ms-client-request-id:fd86488b-34b9-4a80-ba56-eb62a48f0281
x-ms-version:2025-11-05
Date:Sun, 14 Jun 2026 14:36:36 GMT
Content-Type:application/xml
2026-06-14T14:36:36.928 [Information] Request [568f51d9-d37e-43af-925f-b0b66b2035df] HEAD https://insytprodstorage.blob.core.windows.net/azure-webjobs-hosts/locks/insyt-apc-worker-prod-v2/host
x-ms-version:2024-11-04
Accept:application/xml
x-ms-client-request-id:568f51d9-d37e-43af-925f-b0b66b2035df
x-ms-return-client-request-id:true
User-Agent:azsdk-net-Storage.Blobs/12.22.1 (.NET 8.0.26; Debian GNU/Linux 12 (bookworm))
x-ms-date:Sun, 14 Jun 2026 14:36:36 GMT
Authorization:REDACTED
client assembly: Azure.Storage.Blobs
2026-06-14T14:36:37.109 [Information] Response [568f51d9-d37e-43af-925f-b0b66b2035df] 200 OK (00.2s)
Accept-Ranges:bytes
ETag:"0x8DECA18AD96A4B6"
Server:Windows-Azure-Blob/1.0 Microsoft-HTTPAPI/2.0
x-ms-request-id:d9278215-501e-002a-040b-fcd29c000000
x-ms-client-request-id:568f51d9-d37e-43af-925f-b0b66b2035df
x-ms-version:2024-11-04
x-ms-version-id:REDACTED
x-ms-is-current-version:REDACTED
x-ms-meta-FunctionInstance:REDACTED
x-ms-creation-time:Sun, 14 Jun 2026 12:57:45 GMT
x-ms-lease-status:locked
x-ms-lease-state:leased
x-ms-lease-duration:fixed
x-ms-blob-type:BlockBlob
x-ms-server-encrypted:true
x-ms-access-tier:Hot
x-ms-access-tier-inferred:true
Date:Sun, 14 Jun 2026 14:36:37 GMT
Content-Length:0
Content-Type:application/octet-stream
Content-MD5:1B2M2Y8AsgTpgAmY7PhCfg==
Last-Modified:Sun, 14 Jun 2026 13:27:27 GMT
2026-06-14T14:36:37.435 [Information] Request [b359ef97-b831-420a-9574-6d1b05f990f6] GET https://insytprodstorage.blob.core.windows.net/?comp=list&maxresults=1
x-ms-version:2024-11-04
Accept:application/xml
x-ms-client-request-id:b359ef97-b831-420a-9574-6d1b05f990f6
x-ms-return-client-request-id:true
User-Agent:azsdk-net-Storage.Blobs/12.22.1 (.NET 8.0.26; Debian GNU/Linux 12 (bookworm))
x-ms-date:Sun, 14 Jun 2026 14:36:37 GMT
Authorization:REDACTED
client assembly: Azure.Storage.Blobs
2026-06-14T14:36:37.467 [Information] Response [b359ef97-b831-420a-9574-6d1b05f990f6] 200 OK (00.0s)
Transfer-Encoding:chunked
Server:Windows-Azure-Blob/1.0 Microsoft-HTTPAPI/2.0
x-ms-request-id:d92782ee-501e-002a-490b-fcd29c000000
x-ms-client-request-id:b359ef97-b831-420a-9574-6d1b05f990f6
x-ms-version:2024-11-04
Date:Sun, 14 Jun 2026 14:36:37 GMT
Content-Type:application/xml
2026-06-14T14:36:39.373 [Information] Request [efce97df-b9ba-4cff-99ac-dbb739fd5613] PUT https://insytprodstorage.blob.core.windows.net/azure-webjobs-hosts/locks/insyt-apc-worker-prod-v2/host?comp=lease
x-ms-lease-action:renew
x-ms-lease-id:efd72d50-4497-c861-fc81-eaea63d24d48
x-ms-version:2024-11-04
Accept:application/xml
x-ms-client-request-id:efce97df-b9ba-4cff-99ac-dbb739fd5613
x-ms-return-client-request-id:true
User-Agent:azsdk-net-Storage.Blobs/12.22.1 (.NET 8.0.26; Debian GNU/Linux 12 (bookworm))
x-ms-date:Sun, 14 Jun 2026 14:36:39 GMT
Authorization:REDACTED
client assembly: Azure.Storage.Blobs
2026-06-14T14:36:39.406 [Information] Response [efce97df-b9ba-4cff-99ac-dbb739fd5613] 200 OK (00.0s)
ETag:"0x8DECA18AD96A4B6"
Server:Windows-Azure-Blob/1.0 Microsoft-HTTPAPI/2.0
x-ms-request-id:19bdbdba-901e-00c1-560b-fcaa6e000000
x-ms-client-request-id:efce97df-b9ba-4cff-99ac-dbb739fd5613
x-ms-version:2024-11-04
x-ms-lease-id:efd72d50-4497-c861-fc81-eaea63d24d48
Date:Sun, 14 Jun 2026 14:36:38 GMT
Content-Length:0
Last-Modified:Sun, 14 Jun 2026 13:27:27 GMT
2026-06-14T14:36:40.069 [Information] Request [b842dfa8-af50-4eda-920d-7b5c33bcae50] GET https://insytprodstorage.queue.core.windows.net/apc-processing-jobs/messages?numofmessages=16&visibilitytimeout=600
x-ms-version:2025-11-05
Accept:application/xml
x-ms-client-request-id:b842dfa8-af50-4eda-920d-7b5c33bcae50
x-ms-return-client-request-id:true
User-Agent:azsdk-net-Storage.Queues/12.24.0 (.NET 8.0.26; Debian GNU/Linux 12 (bookworm))
x-ms-date:Sun, 14 Jun 2026 14:36:40 GMT
Authorization:REDACTED
client assembly: Azure.Storage.Queues
2026-06-14T14:36:40.100 [Information] Response [b842dfa8-af50-4eda-920d-7b5c33bcae50] 200 OK (00.0s)
Cache-Control:no-cache
Transfer-Encoding:chunked
Server:Windows-Azure-Queue/1.0 Microsoft-HTTPAPI/2.0
x-ms-request-id:36cdc0b9-5003-002a-010b-fcd29c000000
x-ms-client-request-id:b842dfa8-af50-4eda-920d-7b5c33bcae50
x-ms-version:2025-11-05
Date:Sun, 14 Jun 2026 14:36:40 GMT
Content-Type:application/xml
2026-06-14T14:36:40.262 [Information] Executing StatusCodeResult, setting HTTP status code 200
2026-06-14T14:36:41.919 [Information] Request [6707bd8d-82c0-47b8-89cc-e6cee95df542] HEAD https://insytprodstorage.blob.core.windows.net/azure-webjobs-hosts/locks/insyt-apc-worker-prod-v2/host
x-ms-version:2024-11-04
Accept:application/xml
x-ms-client-request-id:6707bd8d-82c0-47b8-89cc-e6cee95df542
x-ms-return-client-request-id:true
User-Agent:azsdk-net-Storage.Blobs/12.22.1 (.NET 8.0.26; Debian GNU/Linux 12 (bookworm))
x-ms-date:Sun, 14 Jun 2026 14:36:41 GMT
Authorization:REDACTED
client assembly: Azure.Storage.Blobs
2026-06-14T14:36:41.951 [Information] Response [6707bd8d-82c0-47b8-89cc-e6cee95df542] 200 OK (00.0s)
Accept-Ranges:bytes
ETag:"0x8DECA18AD96A4B6"
Server:Windows-Azure-Blob/1.0 Microsoft-HTTPAPI/2.0
x-ms-request-id:d9278d0f-501e-002a-7a0b-fcd29c000000
x-ms-client-request-id:6707bd8d-82c0-47b8-89cc-e6cee95df542
x-ms-version:2024-11-04
x-ms-version-id:REDACTED
x-ms-is-current-version:REDACTED
x-ms-meta-FunctionInstance:REDACTED
x-ms-creation-time:Sun, 14 Jun 2026 12:57:45 GMT
x-ms-lease-status:locked
x-ms-lease-state:leased
x-ms-lease-duration:fixed
x-ms-blob-type:BlockBlob
x-ms-server-encrypted:true
x-ms-access-tier:Hot
x-ms-access-tier-inferred:true
Date:Sun, 14 Jun 2026 14:36:41 GMT
Content-Length:0
Content-Type:application/octet-stream
Content-MD5:1B2M2Y8AsgTpgAmY7PhCfg==
Last-Modified:Sun, 14 Jun 2026 13:27:27 GMT
2026-06-14T14:36:46.289 [Information] Request [405357ff-3c30-43c1-bd6a-a6f9e605d7a6] GET https://insytprodstorage.queue.core.windows.net/apc-processing-jobs/messages?numofmessages=16&visibilitytimeout=600
x-ms-version:2025-11-05
Accept:application/xml
x-ms-client-request-id:405357ff-3c30-43c1-bd6a-a6f9e605d7a6
x-ms-return-client-request-id:true
User-Agent:azsdk-net-Storage.Queues/12.24.0 (.NET 8.0.26; Debian GNU/Linux 12 (bookworm))
x-ms-date:Sun, 14 Jun 2026 14:36:46 GMT
Authorization:REDACTED
client assembly: Azure.Storage.Queues
2026-06-14T14:36:46.321 [Information] Response [405357ff-3c30-43c1-bd6a-a6f9e605d7a6] 200 OK (00.0s)
Cache-Control:no-cache
Transfer-Encoding:chunked
Server:Windows-Azure-Queue/1.0 Microsoft-HTTPAPI/2.0
x-ms-request-id:36cdce1b-5003-002a-800b-fcd29c000000
x-ms-client-request-id:405357ff-3c30-43c1-bd6a-a6f9e605d7a6
x-ms-version:2025-11-05
Date:Sun, 14 Jun 2026 14:36:46 GMT
Content-Type:application/xml
2026-06-14T14:36:46.918 [Information] Request [b0b4a2e9-8a99-482b-860e-0a2d080e2300] HEAD https://insytprodstorage.blob.core.windows.net/azure-webjobs-hosts/locks/insyt-apc-worker-prod-v2/host
x-ms-version:2024-11-04
Accept:application/xml
x-ms-client-request-id:b0b4a2e9-8a99-482b-860e-0a2d080e2300
x-ms-return-client-request-id:true
User-Agent:azsdk-net-Storage.Blobs/12.22.1 (.NET 8.0.26; Debian GNU/Linux 12 (bookworm))
x-ms-date:Sun, 14 Jun 2026 14:36:46 GMT
Authorization:REDACTED
client assembly: Azure.Storage.Blobs
2026-06-14T14:36:46.951 [Information] Response [b0b4a2e9-8a99-482b-860e-0a2d080e2300] 200 OK (00.0s)
Accept-Ranges:bytes
ETag:"0x8DECA18AD96A4B6"
Server:Windows-Azure-Blob/1.0 Microsoft-HTTPAPI/2.0
x-ms-request-id:d9279b96-501e-002a-3c0b-fcd29c000000
x-ms-client-request-id:b0b4a2e9-8a99-482b-860e-0a2d080e2300
x-ms-version:2024-11-04
x-ms-version-id:REDACTED
x-ms-is-current-version:REDACTED
x-ms-meta-FunctionInstance:REDACTED
x-ms-creation-time:Sun, 14 Jun 2026 12:57:45 GMT
x-ms-lease-status:locked
x-ms-lease-state:leased
x-ms-lease-duration:fixed
x-ms-blob-type:BlockBlob
x-ms-server-encrypted:true
x-ms-access-tier:Hot
x-ms-access-tier-inferred:true
Date:Sun, 14 Jun 2026 14:36:46 GMT
Content-Length:0
Content-Type:application/octet-stream
Content-MD5:1B2M2Y8AsgTpgAmY7PhCfg==
Last-Modified:Sun, 14 Jun 2026 13:27:27 GMT
2026-06-14T14:36:50.328 [Information] Executing StatusCodeResult, setting HTTP status code 200
2026-06-14T14:36:51.373 [Information] Request [d63696d3-c92f-4f98-a363-acbbb962f885] PUT https://insytprodstorage.blob.core.windows.net/azure-webjobs-hosts/locks/insyt-apc-worker-prod-v2/host?comp=lease
x-ms-lease-action:renew
x-ms-lease-id:efd72d50-4497-c861-fc81-eaea63d24d48
x-ms-version:2024-11-04
Accept:application/xml
x-ms-client-request-id:d63696d3-c92f-4f98-a363-acbbb962f885
x-ms-return-client-request-id:true
User-Agent:azsdk-net-Storage.Blobs/12.22.1 (.NET 8.0.26; Debian GNU/Linux 12 (bookworm))
x-ms-date:Sun, 14 Jun 2026 14:36:51 GMT
Authorization:REDACTED
client assembly: Azure.Storage.Blobs
2026-06-14T14:36:51.406 [Information] Response [d63696d3-c92f-4f98-a363-acbbb962f885] 200 OK (00.0s)
ETag:"0x8DECA18AD96A4B6"
Server:Windows-Azure-Blob/1.0 Microsoft-HTTPAPI/2.0
x-ms-request-id:19bde1ff-901e-00c1-5b0b-fcaa6e000000
x-ms-client-request-id:d63696d3-c92f-4f98-a363-acbbb962f885
x-ms-version:2024-11-04
x-ms-lease-id:efd72d50-4497-c861-fc81-eaea63d24d48
Date:Sun, 14 Jun 2026 14:36:50 GMT
Content-Length:0
Last-Modified:Sun, 14 Jun 2026 13:27:27 GMT
2026-06-14T14:36:51.919 [Information] Request [a6f9d5dd-efc6-4c94-b748-8c9bb9f17e16] HEAD https://insytprodstorage.blob.core.windows.net/azure-webjobs-hosts/locks/insyt-apc-worker-prod-v2/host
x-ms-version:2024-11-04
Accept:application/xml
x-ms-client-request-id:a6f9d5dd-efc6-4c94-b748-8c9bb9f17e16
x-ms-return-client-request-id:true
User-Agent:azsdk-net-Storage.Blobs/12.22.1 (.NET 8.0.26; Debian GNU/Linux 12 (bookworm))
x-ms-date:Sun, 14 Jun 2026 14:36:51 GMT
Authorization:REDACTED
client assembly: Azure.Storage.Blobs
2026-06-14T14:36:51.952 [Information] Response [a6f9d5dd-efc6-4c94-b748-8c9bb9f17e16] 200 OK (00.0s)
Accept-Ranges:bytes
ETag:"0x8DECA18AD96A4B6"
Server:Windows-Azure-Blob/1.0 Microsoft-HTTPAPI/2.0
x-ms-request-id:d927ab28-501e-002a-130b-fcd29c000000
x-ms-client-request-id:a6f9d5dd-efc6-4c94-b748-8c9bb9f17e16
x-ms-version:2024-11-04
x-ms-version-id:REDACTED
x-ms-is-current-version:REDACTED
x-ms-meta-FunctionInstance:REDACTED
x-ms-creation-time:Sun, 14 Jun 2026 12:57:45 GMT
x-ms-lease-status:locked
x-ms-lease-state:leased
x-ms-lease-duration:fixed
x-ms-blob-type:BlockBlob
x-ms-server-encrypted:true
x-ms-access-tier:Hot
x-ms-access-tier-inferred:true
Date:Sun, 14 Jun 2026 14:36:51 GMT
Content-Length:0
Content-Type:application/octet-stream
Content-MD5:1B2M2Y8AsgTpgAmY7PhCfg==
Last-Modified:Sun, 14 Jun 2026 13:27:27 GMT
2026-06-14T14:36:56.917 [Information] Request [227eef41-9fd9-488d-b4ca-cdc124eaff54] HEAD https://insytprodstorage.blob.core.windows.net/azure-webjobs-hosts/locks/insyt-apc-worker-prod-v2/host
x-ms-version:2024-11-04
Accept:application/xml
x-ms-client-request-id:227eef41-9fd9-488d-b4ca-cdc124eaff54
x-ms-return-client-request-id:true
User-Agent:azsdk-net-Storage.Blobs/12.22.1 (.NET 8.0.26; Debian GNU/Linux 12 (bookworm))
x-ms-date:Sun, 14 Jun 2026 14:36:56 GMT
Authorization:REDACTED
client assembly: Azure.Storage.Blobs
2026-06-14T14:36:56.949 [Information] Response [227eef41-9fd9-488d-b4ca-cdc124eaff54] 200 OK (00.0s)
Accept-Ranges:bytes
ETag:"0x8DECA18AD96A4B6"
Server:Windows-Azure-Blob/1.0 Microsoft-HTTPAPI/2.0
x-ms-request-id:d927b804-501e-002a-630b-fcd29c000000
x-ms-client-request-id:227eef41-9fd9-488d-b4ca-cdc124eaff54
x-ms-version:2024-11-04
x-ms-version-id:REDACTED
x-ms-is-current-version:REDACTED
x-ms-meta-FunctionInstance:REDACTED
x-ms-creation-time:Sun, 14 Jun 2026 12:57:45 GMT
x-ms-lease-status:locked
x-ms-lease-state:leased
x-ms-lease-duration:fixed
x-ms-blob-type:BlockBlob
x-ms-server-encrypted:true
x-ms-access-tier:Hot
x-ms-access-tier-inferred:true
Date:Sun, 14 Jun 2026 14:36:56 GMT
Content-Length:0
Content-Type:application/octet-stream
Content-MD5:1B2M2Y8AsgTpgAmY7PhCfg==
Last-Modified:Sun, 14 Jun 2026 13:27:27 GMT
2026-06-14T14:36:57.113 [Information] Request [873044d6-9e1f-4a04-81b2-4710fc8548f7] GET https://insytprodstorage.queue.core.windows.net/apc-processing-jobs/messages?numofmessages=16&visibilitytimeout=600
x-ms-version:2025-11-05
Accept:application/xml
x-ms-client-request-id:873044d6-9e1f-4a04-81b2-4710fc8548f7
x-ms-return-client-request-id:true
User-Agent:azsdk-net-Storage.Queues/12.24.0 (.NET 8.0.26; Debian GNU/Linux 12 (bookworm))
x-ms-date:Sun, 14 Jun 2026 14:36:57 GMT
Authorization:REDACTED
client assembly: Azure.Storage.Queues
2026-06-14T14:36:57.144 [Information] Response [873044d6-9e1f-4a04-81b2-4710fc8548f7] 200 OK (00.0s)
Cache-Control:no-cache
Transfer-Encoding:chunked
Server:Windows-Azure-Queue/1.0 Microsoft-HTTPAPI/2.0
x-ms-request-id:36cdde68-5003-002a-130b-fcd29c000000
x-ms-client-request-id:873044d6-9e1f-4a04-81b2-4710fc8548f7
x-ms-version:2025-11-05
Date:Sun, 14 Jun 2026 14:36:57 GMT
Content-Type:application/xml
2026-06-14T14:37:00.371 [Information] Executing StatusCodeResult, setting HTTP status code 200
2026-06-14T14:37:01.918 [Information] Request [2c9e1c09-0902-416c-a3b2-cad52946a849] HEAD https://insytprodstorage.blob.core.windows.net/azure-webjobs-hosts/locks/insyt-apc-worker-prod-v2/host
x-ms-version:2024-11-04
Accept:application/xml
x-ms-client-request-id:2c9e1c09-0902-416c-a3b2-cad52946a849
x-ms-return-client-request-id:true
User-Agent:azsdk-net-Storage.Blobs/12.22.1 (.NET 8.0.26; Debian GNU/Linux 12 (bookworm))
x-ms-date:Sun, 14 Jun 2026 14:37:01 GMT
Authorization:REDACTED
client assembly: Azure.Storage.Blobs
2026-06-14T14:37:01.951 [Information] Response [2c9e1c09-0902-416c-a3b2-cad52946a849] 200 OK (00.0s)
Accept-Ranges:bytes
ETag:"0x8DECA18AD96A4B6"
Server:Windows-Azure-Blob/1.0 Microsoft-HTTPAPI/2.0
x-ms-request-id:d927c59a-501e-002a-460b-fcd29c000000
x-ms-client-request-id:2c9e1c09-0902-416c-a3b2-cad52946a849
x-ms-version:2024-11-04
x-ms-version-id:REDACTED
x-ms-is-current-version:REDACTED
x-ms-meta-FunctionInstance:REDACTED
x-ms-creation-time:Sun, 14 Jun 2026 12:57:45 GMT
x-ms-lease-status:locked
x-ms-lease-state:leased
x-ms-lease-duration:fixed
x-ms-blob-type:BlockBlob
x-ms-server-encrypted:true
x-ms-access-tier:Hot
x-ms-access-tier-inferred:true
Date:Sun, 14 Jun 2026 14:37:01 GMT
Content-Length:0
Content-Type:application/octet-stream
Content-MD5:1B2M2Y8AsgTpgAmY7PhCfg==
Last-Modified:Sun, 14 Jun 2026 13:27:27 GMT
2026-06-14T14:37:06.917 [Information] Request [ab091959-ae94-42be-b500-c0197ed9756b] HEAD https://insytprodstorage.blob.core.windows.net/azure-webjobs-hosts/locks/insyt-apc-worker-prod-v2/host
x-ms-version:2024-11-04
Accept:application/xml
x-ms-client-request-id:ab091959-ae94-42be-b500-c0197ed9756b
x-ms-return-client-request-id:true
User-Agent:azsdk-net-Storage.Blobs/12.22.1 (.NET 8.0.26; Debian GNU/Linux 12 (bookworm))
x-ms-date:Sun, 14 Jun 2026 14:37:06 GMT
Authorization:REDACTED
client assembly: Azure.Storage.Blobs
2026-06-14T14:37:06.950 [Information] Response [ab091959-ae94-42be-b500-c0197ed9756b] 200 OK (00.0s)
Accept-Ranges:bytes
ETag:"0x8DECA18AD96A4B6"
Server:Windows-Azure-Blob/1.0 Microsoft-HTTPAPI/2.0
x-ms-request-id:d927d150-501e-002a-0b0b-fcd29c000000
x-ms-client-request-id:ab091959-ae94-42be-b500-c0197ed9756b
x-ms-version:2024-11-04
x-ms-version-id:REDACTED
x-ms-is-current-version:REDACTED
x-ms-meta-FunctionInstance:REDACTED
x-ms-creation-time:Sun, 14 Jun 2026 12:57:45 GMT
x-ms-lease-status:unlocked
x-ms-lease-state:expired
x-ms-blob-type:BlockBlob
x-ms-server-encrypted:true
x-ms-access-tier:Hot
x-ms-access-tier-inferred:true
Date:Sun, 14 Jun 2026 14:37:06 GMT
Content-Length:0
Content-Type:application/octet-stream
Content-MD5:1B2M2Y8AsgTpgAmY7PhCfg==
Last-Modified:Sun, 14 Jun 2026 13:27:27 GMT
2026-06-14T14:37:06.951 [Information] Request [b316a5d9-8bc1-4f34-9cd4-d37ff61cd881] PUT https://insytprodstorage.blob.core.windows.net/azure-webjobs-hosts/locks/insyt-apc-worker-prod-v2/host?comp=lease
x-ms-lease-action:acquire
x-ms-version:2024-11-04
Accept:application/xml
x-ms-lease-duration:15
x-ms-proposed-lease-id:efd72d504497c861fc81eaea63d24d48
x-ms-client-request-id:b316a5d9-8bc1-4f34-9cd4-d37ff61cd881
x-ms-return-client-request-id:true
User-Agent:azsdk-net-Storage.Blobs/12.22.1 (.NET 8.0.26; Debian GNU/Linux 12 (bookworm))
x-ms-date:Sun, 14 Jun 2026 14:37:06 GMT
Authorization:REDACTED
client assembly: Azure.Storage.Blobs
2026-06-14T14:37:06.985 [Information] Response [b316a5d9-8bc1-4f34-9cd4-d37ff61cd881] 201 Created (00.0s)
ETag:"0x8DECA18AD96A4B6"
Server:Windows-Azure-Blob/1.0 Microsoft-HTTPAPI/2.0
x-ms-request-id:d927d161-501e-002a-180b-fcd29c000000
x-ms-client-request-id:b316a5d9-8bc1-4f34-9cd4-d37ff61cd881
x-ms-version:2024-11-04
x-ms-lease-id:efd72d50-4497-c861-fc81-eaea63d24d48
Date:Sun, 14 Jun 2026 14:37:06 GMT
Content-Length:0
Last-Modified:Sun, 14 Jun 2026 13:27:27 GMT
2026-06-14T14:37:06.987 [Information] Request [3094c905-6eb8-4953-ae1d-08e59c714bb1] HEAD https://insytprodstorage.blob.core.windows.net/azure-webjobs-hosts/locks/insyt-apc-worker-prod-v2/host
x-ms-version:2024-11-04
Accept:application/xml
x-ms-client-request-id:3094c905-6eb8-4953-ae1d-08e59c714bb1
x-ms-return-client-request-id:true
User-Agent:azsdk-net-Storage.Blobs/12.22.1 (.NET 8.0.26; Debian GNU/Linux 12 (bookworm))
x-ms-date:Sun, 14 Jun 2026 14:37:06 GMT
Authorization:REDACTED
client assembly: Azure.Storage.Blobs
2026-06-14T14:37:07.019 [Information] Response [3094c905-6eb8-4953-ae1d-08e59c714bb1] 200 OK (00.0s)
Accept-Ranges:bytes
ETag:"0x8DECA18AD96A4B6"
Server:Windows-Azure-Blob/1.0 Microsoft-HTTPAPI/2.0
x-ms-request-id:d927d178-501e-002a-2c0b-fcd29c000000
x-ms-client-request-id:3094c905-6eb8-4953-ae1d-08e59c714bb1
x-ms-version:2024-11-04
x-ms-version-id:REDACTED
x-ms-is-current-version:REDACTED
x-ms-meta-FunctionInstance:REDACTED
x-ms-creation-time:Sun, 14 Jun 2026 12:57:45 GMT
x-ms-lease-status:locked
x-ms-lease-state:leased
x-ms-lease-duration:fixed
x-ms-blob-type:BlockBlob
x-ms-server-encrypted:true
x-ms-access-tier:Hot
x-ms-access-tier-inferred:true
Date:Sun, 14 Jun 2026 14:37:06 GMT
Content-Length:0
Content-Type:application/octet-stream
Content-MD5:1B2M2Y8AsgTpgAmY7PhCfg==
Last-Modified:Sun, 14 Jun 2026 13:27:27 GMT
2026-06-14T14:37:07.020 [Information] Request [4e5eab07-a69b-44ee-8572-93d6e0d86fde] PUT https://insytprodstorage.blob.core.windows.net/azure-webjobs-hosts/locks/insyt-apc-worker-prod-v2/host?comp=metadata
x-ms-meta-FunctionInstance:REDACTED
x-ms-lease-id:efd72d50-4497-c861-fc81-eaea63d24d48
x-ms-version:2024-11-04
Accept:application/xml
x-ms-client-request-id:4e5eab07-a69b-44ee-8572-93d6e0d86fde
x-ms-return-client-request-id:true
User-Agent:azsdk-net-Storage.Blobs/12.22.1 (.NET 8.0.26; Debian GNU/Linux 12 (bookworm))
x-ms-date:Sun, 14 Jun 2026 14:37:07 GMT
Authorization:REDACTED
client assembly: Azure.Storage.Blobs
2026-06-14T14:37:07.058 [Information] Response [4e5eab07-a69b-44ee-8572-93d6e0d86fde] 200 OK (00.0s)
ETag:"0x8DECA2268E017D6"
Server:Windows-Azure-Blob/1.0 Microsoft-HTTPAPI/2.0
x-ms-request-id:d927d189-501e-002a-3b0b-fcd29c000000
x-ms-client-request-id:4e5eab07-a69b-44ee-8572-93d6e0d86fde
x-ms-version:2024-11-04
x-ms-version-id:REDACTED
x-ms-request-server-encrypted:true
Date:Sun, 14 Jun 2026 14:37:06 GMT
Content-Length:0
Last-Modified:Sun, 14 Jun 2026 14:37:07 GMT
2026-06-14T14:37:07.060 [Information] Host lock lease acquired by instance ID 'efd72d504497c861fc81eaea63d24d48'.
2026-06-14T14:37:07.469 [Information] Request [4ec9e574-fa30-4202-9eed-e8f31cc4efff] GET https://insytprodstorage.blob.core.windows.net/?comp=list&maxresults=1
x-ms-version:2024-11-04
Accept:application/xml
x-ms-client-request-id:4ec9e574-fa30-4202-9eed-e8f31cc4efff
x-ms-return-client-request-id:true
User-Agent:azsdk-net-Storage.Blobs/12.22.1 (.NET 8.0.26; Debian GNU/Linux 12 (bookworm))
x-ms-date:Sun, 14 Jun 2026 14:37:07 GMT
Authorization:REDACTED
client assembly: Azure.Storage.Blobs
2026-06-14T14:37:07.502 [Information] Response [4ec9e574-fa30-4202-9eed-e8f31cc4efff] 200 OK (00.0s)
Transfer-Encoding:chunked
Server:Windows-Azure-Blob/1.0 Microsoft-HTTPAPI/2.0
x-ms-request-id:d927d2bf-501e-002a-3e0b-fcd29c000000
x-ms-client-request-id:4ec9e574-fa30-4202-9eed-e8f31cc4efff
x-ms-version:2024-11-04
Date:Sun, 14 Jun 2026 14:37:07 GMT
Content-Type:application/xml
2026-06-14T14:37:10.431 [Information] Executing StatusCodeResult, setting HTTP status code 200
2026-06-14T14:37:19.061 [Information] Request [4bc9889c-1893-4faf-be2c-e94451a341af] PUT https://insytprodstorage.blob.core.windows.net/azure-webjobs-hosts/locks/insyt-apc-worker-prod-v2/host?comp=lease
x-ms-lease-action:renew
x-ms-lease-id:efd72d50-4497-c861-fc81-eaea63d24d48
x-ms-version:2024-11-04
Accept:application/xml
x-ms-client-request-id:4bc9889c-1893-4faf-be2c-e94451a341af
x-ms-return-client-request-id:true
User-Agent:azsdk-net-Storage.Blobs/12.22.1 (.NET 8.0.26; Debian GNU/Linux 12 (bookworm))
x-ms-date:Sun, 14 Jun 2026 14:37:19 GMT
Authorization:REDACTED
client assembly: Azure.Storage.Blobs
2026-06-14T14:37:19.095 [Information] Response [4bc9889c-1893-4faf-be2c-e94451a341af] 200 OK (00.0s)
ETag:"0x8DECA2268E017D6"
Server:Windows-Azure-Blob/1.0 Microsoft-HTTPAPI/2.0
x-ms-request-id:d927ede9-501e-002a-410b-fcd29c000000
x-ms-client-request-id:4bc9889c-1893-4faf-be2c-e94451a341af
x-ms-version:2024-11-04
x-ms-lease-id:efd72d50-4497-c861-fc81-eaea63d24d48
Date:Sun, 14 Jun 2026 14:37:19 GMT
Content-Length:0
Last-Modified:Sun, 14 Jun 2026 14:37:07 GMT
2026-06-14T14:37:20.471 [Information] Executing StatusCodeResult, setting HTTP status code 200
2026-06-14T14:37:25.438 [Information] Request [bea7a6ce-9ccf-4230-b2ac-7aca69b39428] GET https://insytprodstorage.queue.core.windows.net/apc-processing-jobs/messages?numofmessages=16&visibilitytimeout=600
x-ms-version:2025-11-05
Accept:application/xml
x-ms-client-request-id:bea7a6ce-9ccf-4230-b2ac-7aca69b39428
x-ms-return-client-request-id:true
User-Agent:azsdk-net-Storage.Queues/12.24.0 (.NET 8.0.26; Debian GNU/Linux 12 (bookworm))
x-ms-date:Sun, 14 Jun 2026 14:37:25 GMT
Authorization:REDACTED
client assembly: Azure.Storage.Queues
2026-06-14T14:37:25.469 [Information] Response [bea7a6ce-9ccf-4230-b2ac-7aca69b39428] 200 OK (00.0s)
Cache-Control:no-cache
Transfer-Encoding:chunked
Server:Windows-Azure-Queue/1.0 Microsoft-HTTPAPI/2.0
x-ms-request-id:36ce03aa-5003-002a-560b-fcd29c000000
x-ms-client-request-id:bea7a6ce-9ccf-4230-b2ac-7aca69b39428
x-ms-version:2025-11-05
Date:Sun, 14 Jun 2026 14:37:25 GMT
Content-Type:application/xml
2026-06-14T14:37:30.520 [Information] Executing StatusCodeResult, setting HTTP status code 200
2026-06-14T14:37:31.061 [Information] Request [705e1cf8-ff08-42ad-950c-65a307890af2] PUT https://insytprodstorage.blob.core.windows.net/azure-webjobs-hosts/locks/insyt-apc-worker-prod-v2/host?comp=lease
x-ms-lease-action:renew
x-ms-lease-id:efd72d50-4497-c861-fc81-eaea63d24d48
x-ms-version:2024-11-04
Accept:application/xml
x-ms-client-request-id:705e1cf8-ff08-42ad-950c-65a307890af2
x-ms-return-client-request-id:true
User-Agent:azsdk-net-Storage.Blobs/12.22.1 (.NET 8.0.26; Debian GNU/Linux 12 (bookworm))
x-ms-date:Sun, 14 Jun 2026 14:37:31 GMT
Authorization:REDACTED
client assembly: Azure.Storage.Blobs
2026-06-14T14:37:31.094 [Information] Response [705e1cf8-ff08-42ad-950c-65a307890af2] 200 OK (00.0s)
ETag:"0x8DECA2268E017D6"
Server:Windows-Azure-Blob/1.0 Microsoft-HTTPAPI/2.0
x-ms-request-id:d9280a9c-501e-002a-270b-fcd29c000000
x-ms-client-request-id:705e1cf8-ff08-42ad-950c-65a307890af2
x-ms-version:2024-11-04
x-ms-lease-id:efd72d50-4497-c861-fc81-eaea63d24d48
Date:Sun, 14 Jun 2026 14:37:30 GMT
Content-Length:0
Last-Modified:Sun, 14 Jun 2026 14:37:07 GMT
2026-06-14T14:37:37.501 [Information] Request [3df497fd-e913-49af-803e-bbc8ccfd2060] GET https://insytprodstorage.blob.core.windows.net/?comp=list&maxresults=1
x-ms-version:2024-11-04
Accept:application/xml
x-ms-client-request-id:3df497fd-e913-49af-803e-bbc8ccfd2060
x-ms-return-client-request-id:true
User-Agent:azsdk-net-Storage.Blobs/12.22.1 (.NET 8.0.26; Debian GNU/Linux 12 (bookworm))
x-ms-date:Sun, 14 Jun 2026 14:37:37 GMT
Authorization:REDACTED
client assembly: Azure.Storage.Blobs
2026-06-14T14:37:37.533 [Information] Response [3df497fd-e913-49af-803e-bbc8ccfd2060] 200 OK (00.0s)
Transfer-Encoding:chunked
Server:Windows-Azure-Blob/1.0 Microsoft-HTTPAPI/2.0
x-ms-request-id:d9281923-501e-002a-5d0b-fcd29c000000
x-ms-client-request-id:3df497fd-e913-49af-803e-bbc8ccfd2060
x-ms-version:2024-11-04
Date:Sun, 14 Jun 2026 14:37:37 GMT
Content-Type:application/xml
2026-06-14T14:37:40.559 [Information] Executing StatusCodeResult, setting HTTP status code 200
2026-06-14T14:37:43.062 [Information] Request [95a9c4d9-3d2f-47e6-bae4-46573228dfcf] PUT https://insytprodstorage.blob.core.windows.net/azure-webjobs-hosts/locks/insyt-apc-worker-prod-v2/host?comp=lease
x-ms-lease-action:renew
x-ms-lease-id:efd72d50-4497-c861-fc81-eaea63d24d48
x-ms-version:2024-11-04
Accept:application/xml
x-ms-client-request-id:95a9c4d9-3d2f-47e6-bae4-46573228dfcf
x-ms-return-client-request-id:true
User-Agent:azsdk-net-Storage.Blobs/12.22.1 (.NET 8.0.26; Debian GNU/Linux 12 (bookworm))
x-ms-date:Sun, 14 Jun 2026 14:37:43 GMT
Authorization:REDACTED
client assembly: Azure.Storage.Blobs
2026-06-14T14:37:43.094 [Information] Response [95a9c4d9-3d2f-47e6-bae4-46573228dfcf] 200 OK (00.0s)
ETag:"0x8DECA2268E017D6"
Server:Windows-Azure-Blob/1.0 Microsoft-HTTPAPI/2.0
x-ms-request-id:d92825fd-501e-002a-3a0b-fcd29c000000
x-ms-client-request-id:95a9c4d9-3d2f-47e6-bae4-46573228dfcf
x-ms-version:2024-11-04
x-ms-lease-id:efd72d50-4497-c861-fc81-eaea63d24d48
Date:Sun, 14 Jun 2026 14:37:42 GMT
Content-Length:0
Last-Modified:Sun, 14 Jun 2026 14:37:07 GMT
2026-06-14T14:37:50.612 [Information] Executing StatusCodeResult, setting HTTP status code 200
2026-06-14T14:37:55.061 [Information] Request [63d5eb95-9a67-42f0-ad0d-c1bf77508829] PUT https://insytprodstorage.blob.core.windows.net/azure-webjobs-hosts/locks/insyt-apc-worker-prod-v2/host?comp=lease
x-ms-lease-action:renew
x-ms-lease-id:efd72d50-4497-c861-fc81-eaea63d24d48
x-ms-version:2024-11-04
Accept:application/xml
x-ms-client-request-id:63d5eb95-9a67-42f0-ad0d-c1bf77508829
x-ms-return-client-request-id:true
User-Agent:azsdk-net-Storage.Blobs/12.22.1 (.NET 8.0.26; Debian GNU/Linux 12 (bookworm))
x-ms-date:Sun, 14 Jun 2026 14:37:55 GMT
Authorization:REDACTED
client assembly: Azure.Storage.Blobs
2026-06-14T14:37:55.095 [Information] Response [63d5eb95-9a67-42f0-ad0d-c1bf77508829] 200 OK (00.0s)
ETag:"0x8DECA2268E017D6"
Server:Windows-Azure-Blob/1.0 Microsoft-HTTPAPI/2.0
x-ms-request-id:d9284362-501e-002a-180b-fcd29c000000
x-ms-client-request-id:63d5eb95-9a67-42f0-ad0d-c1bf77508829
x-ms-version:2024-11-04
x-ms-lease-id:efd72d50-4497-c861-fc81-eaea63d24d48
Date:Sun, 14 Jun 2026 14:37:54 GMT
Content-Length:0
Last-Modified:Sun, 14 Jun 2026 14:37:07 GMT
2026-06-14T14:38:00.664 [Information] Executing StatusCodeResult, setting HTTP status code 200
2026-06-14T14:38:07.061 [Information] Request [76b94f7f-dbd4-4326-ad9d-ac0dd91cd23a] PUT https://insytprodstorage.blob.core.windows.net/azure-webjobs-hosts/locks/insyt-apc-worker-prod-v2/host?comp=lease
x-ms-lease-action:renew
x-ms-lease-id:efd72d50-4497-c861-fc81-eaea63d24d48
x-ms-version:2024-11-04
Accept:application/xml
x-ms-client-request-id:76b94f7f-dbd4-4326-ad9d-ac0dd91cd23a
x-ms-return-client-request-id:true
User-Agent:azsdk-net-Storage.Blobs/12.22.1 (.NET 8.0.26; Debian GNU/Linux 12 (bookworm))
x-ms-date:Sun, 14 Jun 2026 14:38:07 GMT
Authorization:REDACTED
client assembly: Azure.Storage.Blobs
2026-06-14T14:38:07.095 [Information] Response [76b94f7f-dbd4-4326-ad9d-ac0dd91cd23a] 200 OK (00.0s)
ETag:"0x8DECA2268E017D6"
Server:Windows-Azure-Blob/1.0 Microsoft-HTTPAPI/2.0
x-ms-request-id:d9285f7c-501e-002a-200b-fcd29c000000
x-ms-client-request-id:76b94f7f-dbd4-4326-ad9d-ac0dd91cd23a
x-ms-version:2024-11-04
x-ms-lease-id:efd72d50-4497-c861-fc81-eaea63d24d48
Date:Sun, 14 Jun 2026 14:38:06 GMT
Content-Length:0
Last-Modified:Sun, 14 Jun 2026 14:37:07 GMT
2026-06-14T14:38:07.535 [Information] Request [a94e479b-14db-4ca5-847e-53442f6783a7] GET https://insytprodstorage.blob.core.windows.net/?comp=list&maxresults=1
x-ms-version:2024-11-04
Accept:application/xml
x-ms-client-request-id:a94e479b-14db-4ca5-847e-53442f6783a7
x-ms-return-client-request-id:true
User-Agent:azsdk-net-Storage.Blobs/12.22.1 (.NET 8.0.26; Debian GNU/Linux 12 (bookworm))
x-ms-date:Sun, 14 Jun 2026 14:38:07 GMT
Authorization:REDACTED
client assembly: Azure.Storage.Blobs
2026-06-14T14:38:07.568 [Information] Response [a94e479b-14db-4ca5-847e-53442f6783a7] 200 OK (00.0s)
Transfer-Encoding:chunked
Server:Windows-Azure-Blob/1.0 Microsoft-HTTPAPI/2.0
x-ms-request-id:d92860e5-501e-002a-630b-fcd29c000000
x-ms-client-request-id:a94e479b-14db-4ca5-847e-53442f6783a7
x-ms-version:2024-11-04
Date:Sun, 14 Jun 2026 14:38:07 GMT
Content-Type:application/xml
2026-06-14T14:38:10.709 [Information] Executing StatusCodeResult, setting HTTP status code 200
2026-06-14T14:38:19.065 [Information] Request [642be2b9-642e-4505-8b9b-aab942b805d0] PUT https://insytprodstorage.blob.core.windows.net/azure-webjobs-hosts/locks/insyt-apc-worker-prod-v2/host?comp=lease
x-ms-lease-action:renew
x-ms-lease-id:efd72d50-4497-c861-fc81-eaea63d24d48
x-ms-version:2024-11-04
Accept:application/xml
x-ms-client-request-id:642be2b9-642e-4505-8b9b-aab942b805d0
x-ms-return-client-request-id:true
User-Agent:azsdk-net-Storage.Blobs/12.22.1 (.NET 8.0.26; Debian GNU/Linux 12 (bookworm))
x-ms-date:Sun, 14 Jun 2026 14:38:19 GMT
Authorization:REDACTED
client assembly: Azure.Storage.Blobs
2026-06-14T14:38:19.097 [Information] Response [642be2b9-642e-4505-8b9b-aab942b805d0] 200 OK (00.0s)
ETag:"0x8DECA2268E017D6"
Server:Windows-Azure-Blob/1.0 Microsoft-HTTPAPI/2.0
x-ms-request-id:d9287b80-501e-002a-730b-fcd29c000000
x-ms-client-request-id:642be2b9-642e-4505-8b9b-aab942b805d0
x-ms-version:2024-11-04
x-ms-lease-id:efd72d50-4497-c861-fc81-eaea63d24d48
Date:Sun, 14 Jun 2026 14:38:18 GMT
Content-Length:0
Last-Modified:Sun, 14 Jun 2026 14:37:07 GMT
2026-06-14T14:38:20.771 [Information] Executing StatusCodeResult, setting HTTP status code 200
2026-06-14T14:38:21.773 [Information] Request [c96d15e8-8716-47ae-bef7-141d63f17f68] GET https://insytprodstorage.queue.core.windows.net/apc-processing-jobs/messages?numofmessages=16&visibilitytimeout=600
x-ms-version:2025-11-05
Accept:application/xml
x-ms-client-request-id:c96d15e8-8716-47ae-bef7-141d63f17f68
x-ms-return-client-request-id:true
User-Agent:azsdk-net-Storage.Queues/12.24.0 (.NET 8.0.26; Debian GNU/Linux 12 (bookworm))
x-ms-date:Sun, 14 Jun 2026 14:38:21 GMT
Authorization:REDACTED
client assembly: Azure.Storage.Queues
2026-06-14T14:38:21.806 [Information] Response [c96d15e8-8716-47ae-bef7-141d63f17f68] 200 OK (00.0s)
Cache-Control:no-cache
Transfer-Encoding:chunked
Server:Windows-Azure-Queue/1.0 Microsoft-HTTPAPI/2.0
x-ms-request-id:36ce50bc-5003-002a-370b-fcd29c000000
x-ms-client-request-id:c96d15e8-8716-47ae-bef7-141d63f17f68
x-ms-version:2025-11-05
Date:Sun, 14 Jun 2026 14:38:21 GMT
Content-Type:application/xml
2026-06-14T14:38:30.810 [Information] Executing StatusCodeResult, setting HTTP status code 200
2026-06-14T14:38:31.065 [Information] Request [7616860b-c86c-4cbd-8ade-f9547d6d25fa] PUT https://insytprodstorage.blob.core.windows.net/azure-webjobs-hosts/locks/insyt-apc-worker-prod-v2/host?comp=lease
x-ms-lease-action:renew
x-ms-lease-id:efd72d50-4497-c861-fc81-eaea63d24d48
x-ms-version:2024-11-04
Accept:application/xml
x-ms-client-request-id:7616860b-c86c-4cbd-8ade-f9547d6d25fa
x-ms-return-client-request-id:true
User-Agent:azsdk-net-Storage.Blobs/12.22.1 (.NET 8.0.26; Debian GNU/Linux 12 (bookworm))
x-ms-date:Sun, 14 Jun 2026 14:38:31 GMT
Authorization:REDACTED
client assembly: Azure.Storage.Blobs
2026-06-14T14:38:31.097 [Information] Response [7616860b-c86c-4cbd-8ade-f9547d6d25fa] 200 OK (00.0s)
ETag:"0x8DECA2268E017D6"
Server:Windows-Azure-Blob/1.0 Microsoft-HTTPAPI/2.0
x-ms-request-id:d92898ad-501e-002a-170b-fcd29c000000
x-ms-client-request-id:7616860b-c86c-4cbd-8ade-f9547d6d25fa
x-ms-version:2024-11-04
x-ms-lease-id:efd72d50-4497-c861-fc81-eaea63d24d48
Date:Sun, 14 Jun 2026 14:38:30 GMT
Content-Length:0
Last-Modified:Sun, 14 Jun 2026 14:37:07 GMT
2026-06-14T14:38:37.569 [Information] Request [a8762e6d-69ac-4add-9a89-da66fcc3fa42] GET https://insytprodstorage.blob.core.windows.net/?comp=list&maxresults=1
x-ms-version:2024-11-04
Accept:application/xml
x-ms-client-request-id:a8762e6d-69ac-4add-9a89-da66fcc3fa42
x-ms-return-client-request-id:true
User-Agent:azsdk-net-Storage.Blobs/12.22.1 (.NET 8.0.26; Debian GNU/Linux 12 (bookworm))
x-ms-date:Sun, 14 Jun 2026 14:38:37 GMT
Authorization:REDACTED
client assembly: Azure.Storage.Blobs
2026-06-14T14:38:37.602 [Information] Response [a8762e6d-69ac-4add-9a89-da66fcc3fa42] 200 OK (00.0s)
Transfer-Encoding:chunked
Server:Windows-Azure-Blob/1.0 Microsoft-HTTPAPI/2.0
x-ms-request-id:d928a98e-501e-002a-040b-fcd29c000000
x-ms-client-request-id:a8762e6d-69ac-4add-9a89-da66fcc3fa42
x-ms-version:2024-11-04
Date:Sun, 14 Jun 2026 14:38:37 GMT
Content-Type:application/xml
2026-06-14T14:38:40.871 [Information] Executing StatusCodeResult, setting HTTP status code 200
2026-06-14T14:38:43.065 [Information] Request [40d98118-1023-4778-b627-daa575001da6] PUT https://insytprodstorage.blob.core.windows.net/azure-webjobs-hosts/locks/insyt-apc-worker-prod-v2/host?comp=lease
x-ms-lease-action:renew
x-ms-lease-id:efd72d50-4497-c861-fc81-eaea63d24d48
x-ms-version:2024-11-04
Accept:application/xml
x-ms-client-request-id:40d98118-1023-4778-b627-daa575001da6
x-ms-return-client-request-id:true
User-Agent:azsdk-net-Storage.Blobs/12.22.1 (.NET 8.0.26; Debian GNU/Linux 12 (bookworm))
x-ms-date:Sun, 14 Jun 2026 14:38:43 GMT
Authorization:REDACTED
client assembly: Azure.Storage.Blobs
2026-06-14T14:38:43.098 [Information] Response [40d98118-1023-4778-b627-daa575001da6] 200 OK (00.0s)
ETag:"0x8DECA2268E017D6"
Server:Windows-Azure-Blob/1.0 Microsoft-HTTPAPI/2.0
x-ms-request-id:d928b610-501e-002a-580b-fcd29c000000
x-ms-client-request-id:40d98118-1023-4778-b627-daa575001da6
x-ms-version:2024-11-04
x-ms-lease-id:efd72d50-4497-c861-fc81-eaea63d24d48
Date:Sun, 14 Jun 2026 14:38:42 GMT
Content-Length:0
Last-Modified:Sun, 14 Jun 2026 14:37:07 GMT
2026-06-14T14:38:50.916 [Information] Executing StatusCodeResult, setting HTTP status code 200
2026-06-14T14:38:55.064 [Information] Request [507cee32-fe5e-4eda-bf18-c0db54c242b0] PUT https://insytprodstorage.blob.core.windows.net/azure-webjobs-hosts/locks/insyt-apc-worker-prod-v2/host?comp=lease
x-ms-lease-action:renew
x-ms-lease-id:efd72d50-4497-c861-fc81-eaea63d24d48
x-ms-version:2024-11-04
Accept:application/xml
x-ms-client-request-id:507cee32-fe5e-4eda-bf18-c0db54c242b0
x-ms-return-client-request-id:true
User-Agent:azsdk-net-Storage.Blobs/12.22.1 (.NET 8.0.26; Debian GNU/Linux 12 (bookworm))
x-ms-date:Sun, 14 Jun 2026 14:38:55 GMT
Authorization:REDACTED
client assembly: Azure.Storage.Blobs
2026-06-14T14:38:55.097 [Information] Response [507cee32-fe5e-4eda-bf18-c0db54c242b0] 200 OK (00.0s)
ETag:"0x8DECA2268E017D6"
Server:Windows-Azure-Blob/1.0 Microsoft-HTTPAPI/2.0
x-ms-request-id:d928d1e9-501e-002a-330b-fcd29c000000
x-ms-client-request-id:507cee32-fe5e-4eda-bf18-c0db54c242b0
x-ms-version:2024-11-04
x-ms-lease-id:efd72d50-4497-c861-fc81-eaea63d24d48
Date:Sun, 14 Jun 2026 14:38:54 GMT
Content-Length:0
Last-Modified:Sun, 14 Jun 2026 14:37:07 GMT
2026-06-14T14:39:00.957 [Information] Executing StatusCodeResult, setting HTTP status code 200
2026-06-14T14:39:07.061 [Information] Request [2a6b9852-571c-4c4d-89ed-0fec77782fa6] PUT https://insytprodstorage.blob.core.windows.net/azure-webjobs-hosts/locks/insyt-apc-worker-prod-v2/host?comp=lease
x-ms-lease-action:renew
x-ms-lease-id:efd72d50-4497-c861-fc81-eaea63d24d48
x-ms-version:2024-11-04
Accept:application/xml
x-ms-client-request-id:2a6b9852-571c-4c4d-89ed-0fec77782fa6
x-ms-return-client-request-id:true
User-Agent:azsdk-net-Storage.Blobs/12.22.1 (.NET 8.0.26; Debian GNU/Linux 12 (bookworm))
x-ms-date:Sun, 14 Jun 2026 14:39:07 GMT
Authorization:REDACTED
client assembly: Azure.Storage.Blobs
2026-06-14T14:39:07.094 [Information] Response [2a6b9852-571c-4c4d-89ed-0fec77782fa6] 200 OK (00.0s)
ETag:"0x8DECA2268E017D6"
Server:Windows-Azure-Blob/1.0 Microsoft-HTTPAPI/2.0
x-ms-request-id:d928f128-501e-002a-350b-fcd29c000000
x-ms-client-request-id:2a6b9852-571c-4c4d-89ed-0fec77782fa6
x-ms-version:2024-11-04
x-ms-lease-id:efd72d50-4497-c861-fc81-eaea63d24d48
Date:Sun, 14 Jun 2026 14:39:06 GMT
Content-Length:0
Last-Modified:Sun, 14 Jun 2026 14:37:07 GMT
2026-06-14T14:39:07.601 [Information] Request [ba217e08-9701-406f-be60-2ebf79b50d2f] GET https://insytprodstorage.blob.core.windows.net/?comp=list&maxresults=1
x-ms-version:2024-11-04
Accept:application/xml
x-ms-client-request-id:ba217e08-9701-406f-be60-2ebf79b50d2f
x-ms-return-client-request-id:true
User-Agent:azsdk-net-Storage.Blobs/12.22.1 (.NET 8.0.26; Debian GNU/Linux 12 (bookworm))
x-ms-date:Sun, 14 Jun 2026 14:39:07 GMT
Authorization:REDACTED
client assembly: Azure.Storage.Blobs
2026-06-14T14:39:07.634 [Information] Response [ba217e08-9701-406f-be60-2ebf79b50d2f] 200 OK (00.0s)
Transfer-Encoding:chunked
Server:Windows-Azure-Blob/1.0 Microsoft-HTTPAPI/2.0
x-ms-request-id:d928f297-501e-002a-740b-fcd29c000000
x-ms-client-request-id:ba217e08-9701-406f-be60-2ebf79b50d2f
x-ms-version:2024-11-04
Date:Sun, 14 Jun 2026 14:39:07 GMT
Content-Type:application/xml
2026-06-14T14:39:11.003 [Information] Executing StatusCodeResult, setting HTTP status code 200
2026-06-14T14:39:19.061 [Information] Request [9487b4f1-6181-4a5c-b4f8-2e03653d785d] PUT https://insytprodstorage.blob.core.windows.net/azure-webjobs-hosts/locks/insyt-apc-worker-prod-v2/host?comp=lease
x-ms-lease-action:renew
x-ms-lease-id:efd72d50-4497-c861-fc81-eaea63d24d48
x-ms-version:2024-11-04
Accept:application/xml
x-ms-client-request-id:9487b4f1-6181-4a5c-b4f8-2e03653d785d
x-ms-return-client-request-id:true
User-Agent:azsdk-net-Storage.Blobs/12.22.1 (.NET 8.0.26; Debian GNU/Linux 12 (bookworm))
x-ms-date:Sun, 14 Jun 2026 14:39:19 GMT
Authorization:REDACTED
client assembly: Azure.Storage.Blobs
2026-06-14T14:39:19.094 [Information] Response [9487b4f1-6181-4a5c-b4f8-2e03653d785d] 200 OK (00.0s)
ETag:"0x8DECA2268E017D6"
Server:Windows-Azure-Blob/1.0 Microsoft-HTTPAPI/2.0
x-ms-request-id:d9291029-501e-002a-7b0b-fcd29c000000
x-ms-client-request-id:9487b4f1-6181-4a5c-b4f8-2e03653d785d
x-ms-version:2024-11-04
x-ms-lease-id:efd72d50-4497-c861-fc81-eaea63d24d48
Date:Sun, 14 Jun 2026 14:39:18 GMT
Content-Length:0
Last-Modified:Sun, 14 Jun 2026 14:37:07 GMT
2026-06-14T14:39:21.058 [Information] Executing StatusCodeResult, setting HTTP status code 200
2026-06-14T14:39:21.806 [Information] Request [fd0e7a47-f7fb-4969-b920-3a910b76154b] GET https://insytprodstorage.queue.core.windows.net/apc-processing-jobs/messages?numofmessages=16&visibilitytimeout=600
x-ms-version:2025-11-05
Accept:application/xml
x-ms-client-request-id:fd0e7a47-f7fb-4969-b920-3a910b76154b
x-ms-return-client-request-id:true
User-Agent:azsdk-net-Storage.Queues/12.24.0 (.NET 8.0.26; Debian GNU/Linux 12 (bookworm))
x-ms-date:Sun, 14 Jun 2026 14:39:21 GMT
Authorization:REDACTED
client assembly: Azure.Storage.Queues
2026-06-14T14:39:21.840 [Information] Response [fd0e7a47-f7fb-4969-b920-3a910b76154b] 200 OK (00.0s)
Cache-Control:no-cache
Transfer-Encoding:chunked
Server:Windows-Azure-Queue/1.0 Microsoft-HTTPAPI/2.0
x-ms-request-id:36cea238-5003-002a-800b-fcd29c000000
x-ms-client-request-id:fd0e7a47-f7fb-4969-b920-3a910b76154b
x-ms-version:2025-11-05
Date:Sun, 14 Jun 2026 14:39:21 GMT
Content-Type:application/xml
2026-06-14T14:39:31.062 [Information] Request [45aeb433-5f1e-4222-9d26-11ff1cf9c768] PUT https://insytprodstorage.blob.core.windows.net/azure-webjobs-hosts/locks/insyt-apc-worker-prod-v2/host?comp=lease
x-ms-lease-action:renew
x-ms-lease-id:efd72d50-4497-c861-fc81-eaea63d24d48
x-ms-version:2024-11-04
Accept:application/xml
x-ms-client-request-id:45aeb433-5f1e-4222-9d26-11ff1cf9c768
x-ms-return-client-request-id:true
User-Agent:azsdk-net-Storage.Blobs/12.22.1 (.NET 8.0.26; Debian GNU/Linux 12 (bookworm))
x-ms-date:Sun, 14 Jun 2026 14:39:31 GMT
Authorization:REDACTED
client assembly: Azure.Storage.Blobs
2026-06-14T14:39:31.095 [Information] Response [45aeb433-5f1e-4222-9d26-11ff1cf9c768] 200 OK (00.0s)
ETag:"0x8DECA2268E017D6"
Server:Windows-Azure-Blob/1.0 Microsoft-HTTPAPI/2.0
x-ms-request-id:d9293205-501e-002a-2d0b-fcd29c000000
x-ms-client-request-id:45aeb433-5f1e-4222-9d26-11ff1cf9c768
x-ms-version:2024-11-04
x-ms-lease-id:efd72d50-4497-c861-fc81-eaea63d24d48
Date:Sun, 14 Jun 2026 14:39:30 GMT
Content-Length:0
Last-Modified:Sun, 14 Jun 2026 14:37:07 GMT
2026-06-14T14:39:31.102 [Information] Executing StatusCodeResult, setting HTTP status code 200
2026-06-14T14:39:37.633 [Information] Request [ec179801-833a-48ce-b5ec-82376494b3ce] GET https://insytprodstorage.blob.core.windows.net/?comp=list&maxresults=1
x-ms-version:2024-11-04
Accept:application/xml
x-ms-client-request-id:ec179801-833a-48ce-b5ec-82376494b3ce
x-ms-return-client-request-id:true
User-Agent:azsdk-net-Storage.Blobs/12.22.1 (.NET 8.0.26; Debian GNU/Linux 12 (bookworm))
x-ms-date:Sun, 14 Jun 2026 14:39:37 GMT
Authorization:REDACTED
client assembly: Azure.Storage.Blobs
2026-06-14T14:39:37.666 [Information] Response [ec179801-833a-48ce-b5ec-82376494b3ce] 200 OK (00.0s)
Transfer-Encoding:chunked
Server:Windows-Azure-Blob/1.0 Microsoft-HTTPAPI/2.0
x-ms-request-id:d92943f7-501e-002a-3a0b-fcd29c000000
x-ms-client-request-id:ec179801-833a-48ce-b5ec-82376494b3ce
x-ms-version:2024-11-04
Date:Sun, 14 Jun 2026 14:39:37 GMT
Content-Type:application/xml
2026-06-14T14:39:41.146 [Information] Executing StatusCodeResult, setting HTTP status code 200
2026-06-14T14:39:43.061 [Information] Request [4888f067-1c63-4189-a653-db332711bbea] PUT https://insytprodstorage.blob.core.windows.net/azure-webjobs-hosts/locks/insyt-apc-worker-prod-v2/host?comp=lease
x-ms-lease-action:renew
x-ms-lease-id:efd72d50-4497-c861-fc81-eaea63d24d48
x-ms-version:2024-11-04
Accept:application/xml
x-ms-client-request-id:4888f067-1c63-4189-a653-db332711bbea
x-ms-return-client-request-id:true
User-Agent:azsdk-net-Storage.Blobs/12.22.1 (.NET 8.0.26; Debian GNU/Linux 12 (bookworm))
x-ms-date:Sun, 14 Jun 2026 14:39:43 GMT
Authorization:REDACTED
client assembly: Azure.Storage.Blobs
2026-06-14T14:39:43.094 [Information] Response [4888f067-1c63-4189-a653-db332711bbea] 200 OK (00.0s)
ETag:"0x8DECA2268E017D6"
Server:Windows-Azure-Blob/1.0 Microsoft-HTTPAPI/2.0
x-ms-request-id:d92951e1-501e-002a-800b-fcd29c000000
x-ms-client-request-id:4888f067-1c63-4189-a653-db332711bbea
x-ms-version:2024-11-04
x-ms-lease-id:efd72d50-4497-c861-fc81-eaea63d24d48
Date:Sun, 14 Jun 2026 14:39:42 GMT
Content-Length:0
Last-Modified:Sun, 14 Jun 2026 14:37:07 GMT
2026-06-14T14:39:51.244 [Information] Executing StatusCodeResult, setting HTTP status code 200
2026-06-14T14:39:55.062 [Information] Request [72df5480-0687-4c13-8936-9e9b665107a9] PUT https://insytprodstorage.blob.core.windows.net/azure-webjobs-hosts/locks/insyt-apc-worker-prod-v2/host?comp=lease
x-ms-lease-action:renew
x-ms-lease-id:efd72d50-4497-c861-fc81-eaea63d24d48
x-ms-version:2024-11-04
Accept:application/xml
x-ms-client-request-id:72df5480-0687-4c13-8936-9e9b665107a9
x-ms-return-client-request-id:true
User-Agent:azsdk-net-Storage.Blobs/12.22.1 (.NET 8.0.26; Debian GNU/Linux 12 (bookworm))
x-ms-date:Sun, 14 Jun 2026 14:39:55 GMT
Authorization:REDACTED
client assembly: Azure.Storage.Blobs
2026-06-14T14:39:55.094 [Information] Response [72df5480-0687-4c13-8936-9e9b665107a9] 200 OK (00.0s)
ETag:"0x8DECA2268E017D6"
Server:Windows-Azure-Blob/1.0 Microsoft-HTTPAPI/2.0
x-ms-request-id:d92971ac-501e-002a-490b-fcd29c000000
x-ms-client-request-id:72df5480-0687-4c13-8936-9e9b665107a9
x-ms-version:2024-11-04
x-ms-lease-id:efd72d50-4497-c861-fc81-eaea63d24d48
Date:Sun, 14 Jun 2026 14:39:54 GMT
Content-Length:0
Last-Modified:Sun, 14 Jun 2026 14:37:07 GMT
2026-06-14T14:40:01.305 [Information] Executing StatusCodeResult, setting HTTP status code 200
2026-06-14T14:40:07.061 [Information] Request [bc5eaed7-1989-4340-91f3-f547bd10486a] PUT https://insytprodstorage.blob.core.windows.net/azure-webjobs-hosts/locks/insyt-apc-worker-prod-v2/host?comp=lease
x-ms-lease-action:renew
x-ms-lease-id:efd72d50-4497-c861-fc81-eaea63d24d48
x-ms-version:2024-11-04
Accept:application/xml
x-ms-client-request-id:bc5eaed7-1989-4340-91f3-f547bd10486a
x-ms-return-client-request-id:true
User-Agent:azsdk-net-Storage.Blobs/12.22.1 (.NET 8.0.26; Debian GNU/Linux 12 (bookworm))
x-ms-date:Sun, 14 Jun 2026 14:40:07 GMT
Authorization:REDACTED
client assembly: Azure.Storage.Blobs
2026-06-14T14:40:07.095 [Information] Response [bc5eaed7-1989-4340-91f3-f547bd10486a] 200 OK (00.0s)
ETag:"0x8DECA2268E017D6"
Server:Windows-Azure-Blob/1.0 Microsoft-HTTPAPI/2.0
x-ms-request-id:d92990e3-501e-002a-5f0b-fcd29c000000
x-ms-client-request-id:bc5eaed7-1989-4340-91f3-f547bd10486a
x-ms-version:2024-11-04
x-ms-lease-id:efd72d50-4497-c861-fc81-eaea63d24d48
Date:Sun, 14 Jun 2026 14:40:06 GMT
Content-Length:0
Last-Modified:Sun, 14 Jun 2026 14:37:07 GMT
2026-06-14T14:40:07.667 [Information] Request [ad2f7ab2-2625-4315-9b6f-74f4d50d4ad2] GET https://insytprodstorage.blob.core.windows.net/?comp=list&maxresults=1
x-ms-version:2024-11-04
Accept:application/xml
x-ms-client-request-id:ad2f7ab2-2625-4315-9b6f-74f4d50d4ad2
x-ms-return-client-request-id:true
User-Agent:azsdk-net-Storage.Blobs/12.22.1 (.NET 8.0.26; Debian GNU/Linux 12 (bookworm))
x-ms-date:Sun, 14 Jun 2026 14:40:07 GMT
Authorization:REDACTED
client assembly: Azure.Storage.Blobs
2026-06-14T14:40:07.699 [Information] Response [ad2f7ab2-2625-4315-9b6f-74f4d50d4ad2] 200 OK (00.0s)
Transfer-Encoding:chunked
Server:Windows-Azure-Blob/1.0 Microsoft-HTTPAPI/2.0
x-ms-request-id:d9299238-501e-002a-0c0b-fcd29c000000
x-ms-client-request-id:ad2f7ab2-2625-4315-9b6f-74f4d50d4ad2
x-ms-version:2024-11-04
Date:Sun, 14 Jun 2026 14:40:07 GMT
Content-Type:application/xml
2026-06-14T14:40:11.359 [Information] Executing StatusCodeResult, setting HTTP status code 200
2026-06-14T14:40:19.066 [Information] Request [e7638730-adee-4b2b-a974-2fb30869a44b] PUT https://insytprodstorage.blob.core.windows.net/azure-webjobs-hosts/locks/insyt-apc-worker-prod-v2/host?comp=lease
x-ms-lease-action:renew
x-ms-lease-id:efd72d50-4497-c861-fc81-eaea63d24d48
x-ms-version:2024-11-04
Accept:application/xml
x-ms-client-request-id:e7638730-adee-4b2b-a974-2fb30869a44b
x-ms-return-client-request-id:true
User-Agent:azsdk-net-Storage.Blobs/12.22.1 (.NET 8.0.26; Debian GNU/Linux 12 (bookworm))
x-ms-date:Sun, 14 Jun 2026 14:40:19 GMT
Authorization:REDACTED
client assembly: Azure.Storage.Blobs
2026-06-14T14:40:19.099 [Information] Response [e7638730-adee-4b2b-a974-2fb30869a44b] 200 OK (00.0s)
ETag:"0x8DECA2268E017D6"
Server:Windows-Azure-Blob/1.0 Microsoft-HTTPAPI/2.0
x-ms-request-id:d929af27-501e-002a-620b-fcd29c000000
x-ms-client-request-id:e7638730-adee-4b2b-a974-2fb30869a44b
x-ms-version:2024-11-04
x-ms-lease-id:efd72d50-4497-c861-fc81-eaea63d24d48
Date:Sun, 14 Jun 2026 14:40:18 GMT
Content-Length:0
Last-Modified:Sun, 14 Jun 2026 14:37:07 GMT
2026-06-14T14:40:21.422 [Information] Executing StatusCodeResult, setting HTTP status code 200
2026-06-14T14:40:21.841 [Information] Request [7418305e-f558-4f16-95a0-c2759d7bc0b5] GET https://insytprodstorage.queue.core.windows.net/apc-processing-jobs/messages?numofmessages=16&visibilitytimeout=600
x-ms-version:2025-11-05
Accept:application/xml
x-ms-client-request-id:7418305e-f558-4f16-95a0-c2759d7bc0b5
x-ms-return-client-request-id:true
User-Agent:azsdk-net-Storage.Queues/12.24.0 (.NET 8.0.26; Debian GNU/Linux 12 (bookworm))
x-ms-date:Sun, 14 Jun 2026 14:40:21 GMT
Authorization:REDACTED
client assembly: Azure.Storage.Queues
2026-06-14T14:40:21.889 [Information] Response [7418305e-f558-4f16-95a0-c2759d7bc0b5] 200 OK (00.0s)
Cache-Control:no-cache
Transfer-Encoding:chunked
Server:Windows-Azure-Queue/1.0 Microsoft-HTTPAPI/2.0
x-ms-request-id:36cef1a3-5003-002a-460b-fcd29c000000
x-ms-client-request-id:7418305e-f558-4f16-95a0-c2759d7bc0b5
x-ms-version:2025-11-05
Date:Sun, 14 Jun 2026 14:40:21 GMT
Content-Type:application/xml
2026-06-14T14:40:21.900 [Information] Executing 'Functions.apc_processing_queue_worker' (Reason='New queue message detected on 'apc-processing-jobs'.', Id=ec91efe3-92e0-44f6-ba81-234dc0398db9)
2026-06-14T14:40:21.904 [Information] Trigger Details: MessageId: 4fb38447-1855-4edc-86fe-26651ad44839, DequeueCount: 1, InsertedOn: 2026-06-14T14:39:51.000+00:00
2026-06-14T14:40:21.909 [Information] Request [9302a260-7bce-4a01-af7a-c52c787b6a74] GET https://insytprodstorage.queue.core.windows.net/apc-processing-jobs/messages?numofmessages=16&visibilitytimeout=600
x-ms-version:2025-11-05
Accept:application/xml
x-ms-client-request-id:9302a260-7bce-4a01-af7a-c52c787b6a74
x-ms-return-client-request-id:true
User-Agent:azsdk-net-Storage.Queues/12.24.0 (.NET 8.0.26; Debian GNU/Linux 12 (bookworm))
x-ms-date:Sun, 14 Jun 2026 14:40:21 GMT
Authorization:REDACTED
client assembly: Azure.Storage.Queues
2026-06-14T14:40:21.917 [Information] APC processing worker received queue message.
2026-06-14T14:40:21.917 [Information] {"job_id": "JOB-58C828FC68F8439E", "workspace": "capture", "client": "Client Demo2", "project": "Project Demo2", "matter_id": "Project Demo2-AZURE-RUN", "doc_prefix": "INSYT", "enable_ocr_dry_run": true, "enable_live_ocr": false, "azure_write": true, "overwrite": true, "clean_staging": false, "auto_archive_uploads": true, "requested_by": "Nathaniel", "requested_at": "2026-06-14T14:39:50.776838+00:00", "request_blob_path": "capture/Client Demo2/Project Demo2/processing_center/jobs/JOB-58C828FC68F8439E/request.json", "status_blob_path": "capture/Client Demo2/Project Demo2/processing_center/jobs/JOB-58C828FC68F8439E/status.json", "cancel_blob_path": "capture/Client Demo2/Project Demo2/processing_center/jobs/JOB-58C828FC68F8439E/cancel_request.json"}
2026-06-14T14:40:21.917 [Information] No environment configuration found.
2026-06-14T14:40:21.940 [Information] Response [9302a260-7bce-4a01-af7a-c52c787b6a74] 200 OK (00.0s)
Cache-Control:no-cache
Transfer-Encoding:chunked
Server:Windows-Azure-Queue/1.0 Microsoft-HTTPAPI/2.0
x-ms-request-id:36cef1ae-5003-002a-4f0b-fcd29c000000
x-ms-client-request-id:9302a260-7bce-4a01-af7a-c52c787b6a74
x-ms-version:2025-11-05
Date:Sun, 14 Jun 2026 14:40:21 GMT
Content-Type:application/xml
2026-06-14T14:40:21.984 [Information] ManagedIdentityCredential will use App Service managed identity
2026-06-14T14:40:21.985 [Information] Request URL: 'http://169.254.129.6:8081/msi/token?api-version=2019-08-01&resource=REDACTED'
Request method: 'GET'
Request headers:
    'X-IDENTITY-HEADER': 'REDACTED'
    'Metadata': 'REDACTED'
    'User-Agent': 'azsdk-python-identity/1.25.3 Python/3.12.13 (Linux-6.6.138.1-1.azl3-x86_64-with-glibc2.36)'
No body was attached to the request
2026-06-14T14:40:22.042 [Information] Request [ca9d338a-2dba-443c-b99c-50e02250112b] GET https://insytprodstorage.queue.core.windows.net/apc-processing-jobs/messages?numofmessages=16&visibilitytimeout=600
x-ms-version:2025-11-05
Accept:application/xml
x-ms-client-request-id:ca9d338a-2dba-443c-b99c-50e02250112b
x-ms-return-client-request-id:true
User-Agent:azsdk-net-Storage.Queues/12.24.0 (.NET 8.0.26; Debian GNU/Linux 12 (bookworm))
x-ms-date:Sun, 14 Jun 2026 14:40:22 GMT
Authorization:REDACTED
client assembly: Azure.Storage.Queues
2026-06-14T14:40:22.072 [Information] Response [ca9d338a-2dba-443c-b99c-50e02250112b] 200 OK (00.0s)
Cache-Control:no-cache
Transfer-Encoding:chunked
Server:Windows-Azure-Queue/1.0 Microsoft-HTTPAPI/2.0
x-ms-request-id:36cef1d8-5003-002a-750b-fcd29c000000
x-ms-client-request-id:ca9d338a-2dba-443c-b99c-50e02250112b
x-ms-version:2025-11-05
Date:Sun, 14 Jun 2026 14:40:21 GMT
Content-Type:application/xml
2026-06-14T14:40:22.280 [Information] Request [03806be1-ab87-4fe9-aa44-58b0d96ce926] GET https://insytprodstorage.queue.core.windows.net/apc-processing-jobs/messages?numofmessages=16&visibilitytimeout=600
x-ms-version:2025-11-05
Accept:application/xml
x-ms-client-request-id:03806be1-ab87-4fe9-aa44-58b0d96ce926
x-ms-return-client-request-id:true
User-Agent:azsdk-net-Storage.Queues/12.24.0 (.NET 8.0.26; Debian GNU/Linux 12 (bookworm))
x-ms-date:Sun, 14 Jun 2026 14:40:22 GMT
Authorization:REDACTED
client assembly: Azure.Storage.Queues
2026-06-14T14:40:22.313 [Information] Response [03806be1-ab87-4fe9-aa44-58b0d96ce926] 200 OK (00.0s)
Cache-Control:no-cache
Transfer-Encoding:chunked
Server:Windows-Azure-Queue/1.0 Microsoft-HTTPAPI/2.0
x-ms-request-id:36cef223-5003-002a-390b-fcd29c000000
x-ms-client-request-id:03806be1-ab87-4fe9-aa44-58b0d96ce926
x-ms-version:2025-11-05
Date:Sun, 14 Jun 2026 14:40:22 GMT
Content-Type:application/xml
2026-06-14T14:40:22.610 [Information] Request [9b656e21-bf26-4da4-9b65-945cf47d90d5] GET https://insytprodstorage.queue.core.windows.net/apc-processing-jobs/messages?numofmessages=16&visibilitytimeout=600
x-ms-version:2025-11-05
Accept:application/xml
x-ms-client-request-id:9b656e21-bf26-4da4-9b65-945cf47d90d5
x-ms-return-client-request-id:true
User-Agent:azsdk-net-Storage.Queues/12.24.0 (.NET 8.0.26; Debian GNU/Linux 12 (bookworm))
x-ms-date:Sun, 14 Jun 2026 14:40:22 GMT
Authorization:REDACTED
client assembly: Azure.Storage.Queues
2026-06-14T14:40:22.642 [Information] Response [9b656e21-bf26-4da4-9b65-945cf47d90d5] 200 OK (00.0s)
Cache-Control:no-cache
Transfer-Encoding:chunked
Server:Windows-Azure-Queue/1.0 Microsoft-HTTPAPI/2.0
x-ms-request-id:36cef282-5003-002a-120b-fcd29c000000
x-ms-client-request-id:9b656e21-bf26-4da4-9b65-945cf47d90d5
x-ms-version:2025-11-05
Date:Sun, 14 Jun 2026 14:40:22 GMT
Content-Type:application/xml
2026-06-14T14:40:23.076 [Information] Request [a88cb678-7bc3-4e5b-83e7-f660f5a1e73d] GET https://insytprodstorage.queue.core.windows.net/apc-processing-jobs/messages?numofmessages=16&visibilitytimeout=600
x-ms-version:2025-11-05
Accept:application/xml
x-ms-client-request-id:a88cb678-7bc3-4e5b-83e7-f660f5a1e73d
x-ms-return-client-request-id:true
User-Agent:azsdk-net-Storage.Queues/12.24.0 (.NET 8.0.26; Debian GNU/Linux 12 (bookworm))
x-ms-date:Sun, 14 Jun 2026 14:40:23 GMT
Authorization:REDACTED
client assembly: Azure.Storage.Queues
2026-06-14T14:40:23.101 [Information] Response status: 200
Response headers:
    'Content-Type': 'application/json; charset=utf-8'
    'Date': 'Sun, 14 Jun 2026 14:40:22 GMT'
    'Server': 'Kestrel'
    'Transfer-Encoding': 'chunked'
    'X-CORRELATION-ID': 'REDACTED'
2026-06-14T14:40:23.102 [Information] DefaultAzureCredential acquired a token from ManagedIdentityCredential
2026-06-14T14:40:23.103 [Information] Request URL: 'https://insytprodstorage.blob.core.windows.net/insyt-capture/capture/Client%20Demo2/Project%20Demo2/processing_center/jobs/JOB-58C828FC68F8439E/status.json'
Request method: 'GET'
Request headers:
    'x-ms-range': 'REDACTED'
    'x-ms-version': 'REDACTED'
    'Accept': 'application/xml'
    'User-Agent': 'azsdk-python-storage-blob/12.30.0 Python/3.12.13 (Linux-6.6.138.1-1.azl3-x86_64-with-glibc2.36)'
    'x-ms-date': 'REDACTED'
    'x-ms-client-request-id': 'f8ddd41e-67fe-11f1-8bea-c6d42bd80672'
    'Authorization': 'REDACTED'
No body was attached to the request
2026-06-14T14:40:23.107 [Information] Response [a88cb678-7bc3-4e5b-83e7-f660f5a1e73d] 200 OK (00.0s)
Cache-Control:no-cache
Transfer-Encoding:chunked
Server:Windows-Azure-Queue/1.0 Microsoft-HTTPAPI/2.0
x-ms-request-id:36cef305-5003-002a-0b0b-fcd29c000000
x-ms-client-request-id:a88cb678-7bc3-4e5b-83e7-f660f5a1e73d
x-ms-version:2025-11-05
Date:Sun, 14 Jun 2026 14:40:22 GMT
Content-Type:application/xml
2026-06-14T14:40:23.427 [Information] Response status: 206
Response headers:
    'Content-Length': '712'
    'Content-Type': 'application/json'
    'Content-Range': 'REDACTED'
    'Last-Modified': 'Sun, 14 Jun 2026 14:39:51 GMT'
    'Accept-Ranges': 'REDACTED'
    'ETag': '"0x8DECA22CAA3B31B"'
    'Server': 'Windows-Azure-Blob/1.0 Microsoft-HTTPAPI/2.0'
    'x-ms-request-id': '529a990f-701e-00c9-120b-fcb061000000'
    'x-ms-client-request-id': 'f8ddd41e-67fe-11f1-8bea-c6d42bd80672'
    'x-ms-version': 'REDACTED'
    'x-ms-version-id': 'REDACTED'
    'x-ms-is-current-version': 'REDACTED'
    'x-ms-creation-time': 'REDACTED'
    'x-ms-blob-content-md5': 'REDACTED'
    'x-ms-lease-status': 'REDACTED'
    'x-ms-lease-state': 'REDACTED'
    'x-ms-blob-type': 'REDACTED'
    'x-ms-server-encrypted': 'REDACTED'
    'x-ms-access-tier': 'REDACTED'
    'x-ms-access-tier-inferred': 'REDACTED'
    'Date': 'Sun, 14 Jun 2026 14:40:23 GMT'
2026-06-14T14:40:23.433 [Information] No environment configuration found.
2026-06-14T14:40:23.433 [Information] ManagedIdentityCredential will use App Service managed identity
2026-06-14T14:40:23.433 [Information] Request URL: 'http://169.254.129.6:8081/msi/token?api-version=2019-08-01&resource=REDACTED'
Request method: 'GET'
Request headers:
    'X-IDENTITY-HEADER': 'REDACTED'
    'Metadata': 'REDACTED'
    'User-Agent': 'azsdk-python-identity/1.25.3 Python/3.12.13 (Linux-6.6.138.1-1.azl3-x86_64-with-glibc2.36)'
No body was attached to the request
2026-06-14T14:40:23.451 [Information] Response status: 200
Response headers:
    'Content-Type': 'application/json; charset=utf-8'
    'Date': 'Sun, 14 Jun 2026 14:40:22 GMT'
    'Server': 'Kestrel'
    'Transfer-Encoding': 'chunked'
    'X-CORRELATION-ID': 'REDACTED'
2026-06-14T14:40:23.452 [Information] DefaultAzureCredential acquired a token from ManagedIdentityCredential
2026-06-14T14:40:23.452 [Information] Request URL: 'https://insytprodstorage.blob.core.windows.net/insyt-capture/capture/Client%20Demo2/Project%20Demo2/processing_center/jobs/JOB-58C828FC68F8439E/status.json'
Request method: 'PUT'
Request headers:
    'Content-Length': '835'
    'x-ms-blob-type': 'REDACTED'
    'x-ms-blob-content-type': 'REDACTED'
    'x-ms-version': 'REDACTED'
    'Content-Type': 'application/octet-stream'
    'Accept': 'application/xml'
    'User-Agent': 'azsdk-python-storage-blob/12.30.0 Python/3.12.13 (Linux-6.6.138.1-1.azl3-x86_64-with-glibc2.36)'
    'x-ms-date': 'REDACTED'
    'x-ms-client-request-id': 'f9baa3e4-67fe-11f1-8bea-c6d42bd80672'
    'Authorization': 'REDACTED'
A body is sent with the request
2026-06-14T14:40:23.623 [Information] Response status: 201
Response headers:
    'Content-Length': '0'
    'Content-MD5': 'REDACTED'
    'Last-Modified': 'Sun, 14 Jun 2026 14:40:23 GMT'
    'ETag': '"0x8DECA22DE09AD6E"'
    'Server': 'Windows-Azure-Blob/1.0 Microsoft-HTTPAPI/2.0'
    'x-ms-request-id': '0e4e2fc8-b01e-00a4-720b-fc042a000000'
    'x-ms-client-request-id': 'f9baa3e4-67fe-11f1-8bea-c6d42bd80672'
    'x-ms-version': 'REDACTED'
    'x-ms-content-crc64': 'REDACTED'
    'x-ms-request-server-encrypted': 'REDACTED'
    'x-ms-version-id': 'REDACTED'
    'Date': 'Sun, 14 Jun 2026 14:40:23 GMT'
2026-06-14T14:40:23.623 [Information] No environment configuration found.
2026-06-14T14:40:23.623 [Information] ManagedIdentityCredential will use App Service managed identity
2026-06-14T14:40:23.626 [Information] Request URL: 'http://169.254.129.6:8081/msi/token?api-version=2019-08-01&resource=REDACTED'
Request method: 'GET'
Request headers:
    'X-IDENTITY-HEADER': 'REDACTED'
    'Metadata': 'REDACTED'
    'User-Agent': 'azsdk-python-identity/1.25.3 Python/3.12.13 (Linux-6.6.138.1-1.azl3-x86_64-with-glibc2.36)'
No body was attached to the request
2026-06-14T14:40:23.641 [Information] Response status: 200
Response headers:
    'Content-Type': 'application/json; charset=utf-8'
    'Date': 'Sun, 14 Jun 2026 14:40:23 GMT'
    'Server': 'Kestrel'
    'Transfer-Encoding': 'chunked'
    'X-CORRELATION-ID': 'REDACTED'
2026-06-14T14:40:23.641 [Information] DefaultAzureCredential acquired a token from ManagedIdentityCredential
2026-06-14T14:40:23.641 [Information] Request URL: 'https://insytprodstorage.blob.core.windows.net/insyt-capture/capture/Client%20Demo2/Project%20Demo2/processing_center/jobs/JOB-58C828FC68F8439E/cancel_request.json'
Request method: 'GET'
Request headers:
    'x-ms-range': 'REDACTED'
    'x-ms-version': 'REDACTED'
    'Accept': 'application/xml'
    'User-Agent': 'azsdk-python-storage-blob/12.30.0 Python/3.12.13 (Linux-6.6.138.1-1.azl3-x86_64-with-glibc2.36)'
    'x-ms-date': 'REDACTED'
    'x-ms-client-request-id': 'f9d83698-67fe-11f1-8bea-c6d42bd80672'
    'Authorization': 'REDACTED'
No body was attached to the request
2026-06-14T14:40:23.845 [Information] Response status: 404
Response headers:
    'Content-Length': '215'
    'Content-Type': 'application/xml'
    'Server': 'Windows-Azure-Blob/1.0 Microsoft-HTTPAPI/2.0'
    'x-ms-request-id': '7a042755-501e-0083-5e0b-fc13ee000000'
    'x-ms-client-request-id': 'f9d83698-67fe-11f1-8bea-c6d42bd80672'
    'x-ms-version': 'REDACTED'
    'x-ms-error-code': 'BlobNotFound'
    'Date': 'Sun, 14 Jun 2026 14:40:23 GMT'
2026-06-14T14:40:23.845 [Information] No environment configuration found.
2026-06-14T14:40:23.850 [Information] ManagedIdentityCredential will use App Service managed identity
2026-06-14T14:40:23.853 [Information] Request URL: 'http://169.254.129.6:8081/msi/token?api-version=2019-08-01&resource=REDACTED'
Request method: 'GET'
Request headers:
    'X-IDENTITY-HEADER': 'REDACTED'
    'Metadata': 'REDACTED'
    'User-Agent': 'azsdk-python-identity/1.25.3 Python/3.12.13 (Linux-6.6.138.1-1.azl3-x86_64-with-glibc2.36)'
No body was attached to the request
2026-06-14T14:40:23.868 [Information] Response status: 200
Response headers:
    'Content-Type': 'application/json; charset=utf-8'
    'Date': 'Sun, 14 Jun 2026 14:40:23 GMT'
    'Server': 'Kestrel'
    'Transfer-Encoding': 'chunked'
    'X-CORRELATION-ID': 'REDACTED'
2026-06-14T14:40:23.869 [Information] DefaultAzureCredential acquired a token from ManagedIdentityCredential
2026-06-14T14:40:23.869 [Information] Request URL: 'https://insytprodstorage.blob.core.windows.net/insyt-capture/capture/Client%20Demo2/Project%20Demo2/processing_center/jobs/JOB-58C828FC68F8439E/status.json'
Request method: 'GET'
Request headers:
    'x-ms-range': 'REDACTED'
    'x-ms-version': 'REDACTED'
    'Accept': 'application/xml'
    'User-Agent': 'azsdk-python-storage-blob/12.30.0 Python/3.12.13 (Linux-6.6.138.1-1.azl3-x86_64-with-glibc2.36)'
    'x-ms-date': 'REDACTED'
    'x-ms-client-request-id': 'f9fabcf4-67fe-11f1-8bea-c6d42bd80672'
    'Authorization': 'REDACTED'
No body was attached to the request
2026-06-14T14:40:24.038 [Information] Response status: 206
Response headers:
    'Content-Length': '835'
    'Content-Type': 'application/json'
    'Content-Range': 'REDACTED'
    'Last-Modified': 'Sun, 14 Jun 2026 14:40:23 GMT'
    'Accept-Ranges': 'REDACTED'
    'ETag': '"0x8DECA22DE09AD6E"'
    'Server': 'Windows-Azure-Blob/1.0 Microsoft-HTTPAPI/2.0'
    'x-ms-request-id': '82876fce-901e-00ee-6e0b-fca7a5000000'
    'x-ms-client-request-id': 'f9fabcf4-67fe-11f1-8bea-c6d42bd80672'
    'x-ms-version': 'REDACTED'
    'x-ms-version-id': 'REDACTED'
    'x-ms-is-current-version': 'REDACTED'
    'x-ms-creation-time': 'REDACTED'
    'x-ms-blob-content-md5': 'REDACTED'
    'x-ms-lease-status': 'REDACTED'
    'x-ms-lease-state': 'REDACTED'
    'x-ms-blob-type': 'REDACTED'
    'x-ms-server-encrypted': 'REDACTED'
    'x-ms-access-tier': 'REDACTED'
    'x-ms-access-tier-inferred': 'REDACTED'
    'Date': 'Sun, 14 Jun 2026 14:40:23 GMT'
2026-06-14T14:40:24.039 [Information] No environment configuration found.
2026-06-14T14:40:24.040 [Information] ManagedIdentityCredential will use App Service managed identity
2026-06-14T14:40:24.076 [Information] Request URL: 'http://169.254.129.6:8081/msi/token?api-version=2019-08-01&resource=REDACTED'
Request method: 'GET'
Request headers:
    'X-IDENTITY-HEADER': 'REDACTED'
    'Metadata': 'REDACTED'
    'User-Agent': 'azsdk-python-identity/1.25.3 Python/3.12.13 (Linux-6.6.138.1-1.azl3-x86_64-with-glibc2.36)'
No body was attached to the request
2026-06-14T14:40:24.098 [Information] Response status: 200
Response headers:
    'Content-Type': 'application/json; charset=utf-8'
    'Date': 'Sun, 14 Jun 2026 14:40:23 GMT'
    'Server': 'Kestrel'
    'Transfer-Encoding': 'chunked'
    'X-CORRELATION-ID': 'REDACTED'
2026-06-14T14:40:24.098 [Information] DefaultAzureCredential acquired a token from ManagedIdentityCredential
2026-06-14T14:40:24.099 [Information] Request URL: 'https://insytprodstorage.blob.core.windows.net/insyt-capture/capture/Client%20Demo2/Project%20Demo2/processing_center/jobs/JOB-58C828FC68F8439E/status.json'
Request method: 'PUT'
Request headers:
    'Content-Length': '945'
    'x-ms-blob-type': 'REDACTED'
    'x-ms-blob-content-type': 'REDACTED'
    'x-ms-version': 'REDACTED'
    'Content-Type': 'application/octet-stream'
    'Accept': 'application/xml'
    'User-Agent': 'azsdk-python-storage-blob/12.30.0 Python/3.12.13 (Linux-6.6.138.1-1.azl3-x86_64-with-glibc2.36)'
    'x-ms-date': 'REDACTED'
    'x-ms-client-request-id': 'fa1cb8cc-67fe-11f1-8bea-c6d42bd80672'
    'Authorization': 'REDACTED'
A body is sent with the request
2026-06-14T14:40:24.126 [Information] Request [455f43cf-f53e-445e-93ee-970f40e9a0e1] GET https://insytprodstorage.queue.core.windows.net/apc-processing-jobs/messages?numofmessages=16&visibilitytimeout=600
x-ms-version:2025-11-05
Accept:application/xml
x-ms-client-request-id:455f43cf-f53e-445e-93ee-970f40e9a0e1
x-ms-return-client-request-id:true
User-Agent:azsdk-net-Storage.Queues/12.24.0 (.NET 8.0.26; Debian GNU/Linux 12 (bookworm))
x-ms-date:Sun, 14 Jun 2026 14:40:24 GMT
Authorization:REDACTED
client assembly: Azure.Storage.Queues
2026-06-14T14:40:24.159 [Information] Response [455f43cf-f53e-445e-93ee-970f40e9a0e1] 200 OK (00.0s)
Cache-Control:no-cache
Transfer-Encoding:chunked
Server:Windows-Azure-Queue/1.0 Microsoft-HTTPAPI/2.0
x-ms-request-id:36cef453-5003-002a-490b-fcd29c000000
x-ms-client-request-id:455f43cf-f53e-445e-93ee-970f40e9a0e1
x-ms-version:2025-11-05
Date:Sun, 14 Jun 2026 14:40:23 GMT
Content-Type:application/xml
2026-06-14T14:40:24.326 [Information] Response status: 201
Response headers:
    'Content-Length': '0'
    'Content-MD5': 'REDACTED'
    'Last-Modified': 'Sun, 14 Jun 2026 14:40:24 GMT'
    'ETag': '"0x8DECA22DE7504CC"'
    'Server': 'Windows-Azure-Blob/1.0 Microsoft-HTTPAPI/2.0'
    'x-ms-request-id': 'bbbfba5c-301e-004e-0a0b-fc2304000000'
    'x-ms-client-request-id': 'fa1cb8cc-67fe-11f1-8bea-c6d42bd80672'
    'x-ms-version': 'REDACTED'
    'x-ms-content-crc64': 'REDACTED'
    'x-ms-request-server-encrypted': 'REDACTED'
    'x-ms-version-id': 'REDACTED'
    'Date': 'Sun, 14 Jun 2026 14:40:24 GMT'
2026-06-14T14:40:24.328 [Information] No environment configuration found.
2026-06-14T14:40:24.329 [Information] ManagedIdentityCredential will use App Service managed identity
2026-06-14T14:40:24.330 [Information] No environment configuration found.
2026-06-14T14:40:24.332 [Information] ManagedIdentityCredential will use App Service managed identity
2026-06-14T14:40:24.332 [Information] Request URL: 'http://169.254.129.6:8081/msi/token?api-version=2019-08-01&resource=REDACTED'
Request method: 'GET'
Request headers:
    'X-IDENTITY-HEADER': 'REDACTED'
    'Metadata': 'REDACTED'
    'User-Agent': 'azsdk-python-identity/1.25.3 Python/3.12.13 (Linux-6.6.138.1-1.azl3-x86_64-with-glibc2.36)'
No body was attached to the request
2026-06-14T14:40:24.441 [Information] Response status: 200
Response headers:
    'Content-Type': 'application/json; charset=utf-8'
    'Date': 'Sun, 14 Jun 2026 14:40:23 GMT'
    'Server': 'Kestrel'
    'Transfer-Encoding': 'chunked'
    'X-CORRELATION-ID': 'REDACTED'
2026-06-14T14:40:24.441 [Information] DefaultAzureCredential acquired a token from ManagedIdentityCredential
2026-06-14T14:40:24.441 [Information] Request URL: 'https://insytprodstorage.blob.core.windows.net/insyt-capture?restype=REDACTED&comp=REDACTED&prefix=REDACTED'
Request method: 'GET'
Request headers:
    'x-ms-version': 'REDACTED'
    'Accept': 'application/xml'
    'User-Agent': 'azsdk-python-storage-blob/12.30.0 Python/3.12.13 (Linux-6.6.138.1-1.azl3-x86_64-with-glibc2.36)'
    'x-ms-date': 'REDACTED'
    'x-ms-client-request-id': 'fa4427a4-67fe-11f1-8bea-c6d42bd80672'
    'Authorization': 'REDACTED'
No body was attached to the request
2026-06-14T14:40:24.617 [Information] Response status: 200
Response headers:
    'Transfer-Encoding': 'chunked'
    'Content-Type': 'application/xml'
    'Server': 'Windows-Azure-Blob/1.0 Microsoft-HTTPAPI/2.0'
    'x-ms-request-id': '7d680c29-b01e-000d-690b-fcc558000000'
    'x-ms-client-request-id': 'fa4427a4-67fe-11f1-8bea-c6d42bd80672'
    'x-ms-version': 'REDACTED'
    'Date': 'Sun, 14 Jun 2026 14:40:23 GMT'
2026-06-14T14:40:24.619 [Information] Request URL: 'https://insytprodstorage.blob.core.windows.net/insyt-capture/capture/Client%20Demo2/Project%20Demo2/source/processing_center/uploads/Test005_Spreadsheet_Data.txt'
Request method: 'GET'
Request headers:
    'x-ms-range': 'REDACTED'
    'x-ms-version': 'REDACTED'
    'Accept': 'application/xml'
    'User-Agent': 'azsdk-python-storage-blob/12.30.0 Python/3.12.13 (Linux-6.6.138.1-1.azl3-x86_64-with-glibc2.36)'
    'x-ms-date': 'REDACTED'
    'x-ms-client-request-id': 'fa6fded0-67fe-11f1-8bea-c6d42bd80672'
    'Authorization': 'REDACTED'
No body was attached to the request
2026-06-14T14:40:24.656 [Information] Response status: 206
Response headers:
    'Content-Length': '57'
    'Content-Type': 'text/plain'
    'Content-Range': 'REDACTED'
    'Last-Modified': 'Sun, 14 Jun 2026 14:39:26 GMT'
    'Accept-Ranges': 'REDACTED'
    'ETag': '"0x8DECA22BC2A94FC"'
    'Server': 'Windows-Azure-Blob/1.0 Microsoft-HTTPAPI/2.0'
    'x-ms-request-id': '7d680c4b-b01e-000d-080b-fcc558000000'
    'x-ms-client-request-id': 'fa6fded0-67fe-11f1-8bea-c6d42bd80672'
    'x-ms-version': 'REDACTED'
    'x-ms-version-id': 'REDACTED'
    'x-ms-is-current-version': 'REDACTED'
    'x-ms-creation-time': 'REDACTED'
    'x-ms-blob-content-md5': 'REDACTED'
    'x-ms-lease-status': 'REDACTED'
    'x-ms-lease-state': 'REDACTED'
    'x-ms-blob-type': 'REDACTED'
    'x-ms-server-encrypted': 'REDACTED'
    'x-ms-access-tier': 'REDACTED'
    'x-ms-access-tier-inferred': 'REDACTED'
    'Date': 'Sun, 14 Jun 2026 14:40:24 GMT'
2026-06-14T14:40:24.656 [Information] No environment configuration found.
2026-06-14T14:40:24.656 [Information] ManagedIdentityCredential will use App Service managed identity
2026-06-14T14:40:24.657 [Information] No environment configuration found.
2026-06-14T14:40:24.661 [Information] ManagedIdentityCredential will use App Service managed identity
2026-06-14T14:40:24.663 [Information] Request URL: 'http://169.254.129.6:8081/msi/token?api-version=2019-08-01&resource=REDACTED'
Request method: 'GET'
Request headers:
    'X-IDENTITY-HEADER': 'REDACTED'
    'Metadata': 'REDACTED'
    'User-Agent': 'azsdk-python-identity/1.25.3 Python/3.12.13 (Linux-6.6.138.1-1.azl3-x86_64-with-glibc2.36)'
No body was attached to the request
2026-06-14T14:40:24.674 [Information] Response status: 200
Response headers:
    'Content-Type': 'application/json; charset=utf-8'
    'Date': 'Sun, 14 Jun 2026 14:40:24 GMT'
    'Server': 'Kestrel'
    'Transfer-Encoding': 'chunked'
    'X-CORRELATION-ID': 'REDACTED'
2026-06-14T14:40:24.675 [Information] DefaultAzureCredential acquired a token from ManagedIdentityCredential
2026-06-14T14:40:24.675 [Information] Request URL: 'https://insytprodstorage.blob.core.windows.net/insyt-capture/capture/Client%20Demo2/Project%20Demo2/processing_center/index/processed_hash_index.json'
Request method: 'GET'
Request headers:
    'x-ms-range': 'REDACTED'
    'x-ms-version': 'REDACTED'
    'Accept': 'application/xml'
    'User-Agent': 'azsdk-python-storage-blob/12.30.0 Python/3.12.13 (Linux-6.6.138.1-1.azl3-x86_64-with-glibc2.36)'
    'x-ms-date': 'REDACTED'
    'x-ms-client-request-id': 'fa75fee6-67fe-11f1-8bea-c6d42bd80672'
    'Authorization': 'REDACTED'
No body was attached to the request
2026-06-14T14:40:24.875 [Information] Response status: 206
Response headers:
    'Content-Length': '10811'
    'Content-Type': 'application/json'
    'Content-Range': 'REDACTED'
    'Last-Modified': 'Sun, 14 Jun 2026 14:27:37 GMT'
    'Accept-Ranges': 'REDACTED'
    'ETag': '"0x8DECA211570A892"'
    'Server': 'Windows-Azure-Blob/1.0 Microsoft-HTTPAPI/2.0'
    'x-ms-request-id': 'd73781a1-901e-008c-610b-fc6582000000'
    'x-ms-client-request-id': 'fa75fee6-67fe-11f1-8bea-c6d42bd80672'
    'x-ms-version': 'REDACTED'
    'x-ms-version-id': 'REDACTED'
    'x-ms-is-current-version': 'REDACTED'
    'x-ms-creation-time': 'REDACTED'
    'x-ms-blob-content-md5': 'REDACTED'
    'x-ms-lease-status': 'REDACTED'
    'x-ms-lease-state': 'REDACTED'
    'x-ms-blob-type': 'REDACTED'
    'x-ms-server-encrypted': 'REDACTED'
    'x-ms-access-tier': 'REDACTED'
    'x-ms-access-tier-inferred': 'REDACTED'
    'Date': 'Sun, 14 Jun 2026 14:40:24 GMT'
2026-06-14T14:40:24.999 [Information] No environment configuration found.
2026-06-14T14:40:25.000 [Information] ManagedIdentityCredential will use App Service managed identity
2026-06-14T14:40:25.001 [Information] No environment configuration found.
2026-06-14T14:40:25.001 [Information] ManagedIdentityCredential will use App Service managed identity
2026-06-14T14:40:25.002 [Information] No environment configuration found.
2026-06-14T14:40:25.003 [Information] ManagedIdentityCredential will use App Service managed identity
2026-06-14T14:40:25.005 [Information] No environment configuration found.
2026-06-14T14:40:25.008 [Information] ManagedIdentityCredential will use App Service managed identity
2026-06-14T14:40:25.008 [Information] No environment configuration found.
2026-06-14T14:40:25.008 [Information] ManagedIdentityCredential will use App Service managed identity
2026-06-14T14:40:25.009 [Information] No environment configuration found.
2026-06-14T14:40:25.009 [Information] ManagedIdentityCredential will use App Service managed identity
2026-06-14T14:40:25.009 [Information] Request URL: 'http://169.254.129.6:8081/msi/token?api-version=2019-08-01&resource=REDACTED'
Request method: 'GET'
Request headers:
    'X-IDENTITY-HEADER': 'REDACTED'
    'Metadata': 'REDACTED'
    'User-Agent': 'azsdk-python-identity/1.25.3 Python/3.12.13 (Linux-6.6.138.1-1.azl3-x86_64-with-glibc2.36)'
No body was attached to the request
2026-06-14T14:40:25.025 [Information] Response status: 200
Response headers:
    'Content-Type': 'application/json; charset=utf-8'
    'Date': 'Sun, 14 Jun 2026 14:40:24 GMT'
    'Server': 'Kestrel'
    'Transfer-Encoding': 'chunked'
    'X-CORRELATION-ID': 'REDACTED'
2026-06-14T14:40:25.026 [Information] DefaultAzureCredential acquired a token from ManagedIdentityCredential
2026-06-14T14:40:25.026 [Information] Request URL: 'https://insytprodstorage.blob.core.windows.net/insyt-capture/capture/Client%20Demo2/Project%20Demo2/processing_center/index/processed_hash_index.json'
Request method: 'GET'
Request headers:
    'x-ms-range': 'REDACTED'
    'x-ms-version': 'REDACTED'
    'Accept': 'application/xml'
    'User-Agent': 'azsdk-python-storage-blob/12.30.0 Python/3.12.13 (Linux-6.6.138.1-1.azl3-x86_64-with-glibc2.36)'
    'x-ms-date': 'REDACTED'
    'x-ms-client-request-id': 'faab0e42-67fe-11f1-8bea-c6d42bd80672'
    'Authorization': 'REDACTED'
No body was attached to the request
2026-06-14T14:40:25.203 [Information] Response status: 206
Response headers:
    'Content-Length': '10811'
    'Content-Type': 'application/json'
    'Content-Range': 'REDACTED'
    'Last-Modified': 'Sun, 14 Jun 2026 14:27:37 GMT'
    'Accept-Ranges': 'REDACTED'
    'ETag': '"0x8DECA211570A892"'
    'Server': 'Windows-Azure-Blob/1.0 Microsoft-HTTPAPI/2.0'
    'x-ms-request-id': '68d4bd2b-901e-0057-6b0b-fca3bf000000'
    'x-ms-client-request-id': 'faab0e42-67fe-11f1-8bea-c6d42bd80672'
    'x-ms-version': 'REDACTED'
    'x-ms-version-id': 'REDACTED'
    'x-ms-is-current-version': 'REDACTED'
    'x-ms-creation-time': 'REDACTED'
    'x-ms-blob-content-md5': 'REDACTED'
    'x-ms-lease-status': 'REDACTED'
    'x-ms-lease-state': 'REDACTED'
    'x-ms-blob-type': 'REDACTED'
    'x-ms-server-encrypted': 'REDACTED'
    'x-ms-access-tier': 'REDACTED'
    'x-ms-access-tier-inferred': 'REDACTED'
    'Date': 'Sun, 14 Jun 2026 14:40:24 GMT'
2026-06-14T14:40:25.205 [Information] Request URL: 'http://169.254.129.6:8081/msi/token?api-version=2019-08-01&resource=REDACTED'
Request method: 'GET'
Request headers:
    'X-IDENTITY-HEADER': 'REDACTED'
    'Metadata': 'REDACTED'
    'User-Agent': 'azsdk-python-identity/1.25.3 Python/3.12.13 (Linux-6.6.138.1-1.azl3-x86_64-with-glibc2.36)'
No body was attached to the request
2026-06-14T14:40:25.222 [Information] Response status: 200
Response headers:
    'Content-Type': 'application/json; charset=utf-8'
    'Date': 'Sun, 14 Jun 2026 14:40:24 GMT'
    'Server': 'Kestrel'
    'Transfer-Encoding': 'chunked'
    'X-CORRELATION-ID': 'REDACTED'
2026-06-14T14:40:25.224 [Information] DefaultAzureCredential acquired a token from ManagedIdentityCredential
2026-06-14T14:40:25.224 [Information] Request URL: 'https://insytprodstorage.blob.core.windows.net/insyt-capture/capture/Client%20Demo2/Project%20Demo2/processing_center/index/processed_hash_index.json'
Request method: 'PUT'
Request headers:
    'Content-Length': '10811'
    'x-ms-blob-type': 'REDACTED'
    'x-ms-blob-content-type': 'REDACTED'
    'x-ms-version': 'REDACTED'
    'Content-Type': 'application/octet-stream'
    'Accept': 'application/xml'
    'User-Agent': 'azsdk-python-storage-blob/12.30.0 Python/3.12.13 (Linux-6.6.138.1-1.azl3-x86_64-with-glibc2.36)'
    'x-ms-date': 'REDACTED'
    'x-ms-client-request-id': 'fac94d26-67fe-11f1-8bea-c6d42bd80672'
    'Authorization': 'REDACTED'
A body is sent with the request
2026-06-14T14:40:25.484 [Information] Response status: 201
Response headers:
    'Content-Length': '0'
    'Content-MD5': 'REDACTED'
    'Last-Modified': 'Sun, 14 Jun 2026 14:40:25 GMT'
    'ETag': '"0x8DECA22DF2585F7"'
    'Server': 'Windows-Azure-Blob/1.0 Microsoft-HTTPAPI/2.0'
    'x-ms-request-id': '511fc7e1-401e-0009-210b-fc485f000000'
    'x-ms-client-request-id': 'fac94d26-67fe-11f1-8bea-c6d42bd80672'
    'x-ms-version': 'REDACTED'
    'x-ms-content-crc64': 'REDACTED'
    'x-ms-request-server-encrypted': 'REDACTED'
    'x-ms-version-id': 'REDACTED'
    'Date': 'Sun, 14 Jun 2026 14:40:25 GMT'
2026-06-14T14:40:25.484 [Information] No environment configuration found.
2026-06-14T14:40:25.486 [Information] ManagedIdentityCredential will use App Service managed identity
2026-06-14T14:40:25.487 [Information] No environment configuration found.
2026-06-14T14:40:25.488 [Information] ManagedIdentityCredential will use App Service managed identity
2026-06-14T14:40:25.488 [Information] Request URL: 'http://169.254.129.6:8081/msi/token?api-version=2019-08-01&resource=REDACTED'
Request method: 'GET'
Request headers:
    'X-IDENTITY-HEADER': 'REDACTED'
    'Metadata': 'REDACTED'
    'User-Agent': 'azsdk-python-identity/1.25.3 Python/3.12.13 (Linux-6.6.138.1-1.azl3-x86_64-with-glibc2.36)'
No body was attached to the request
2026-06-14T14:40:25.571 [Information] Response status: 200
Response headers:
    'Content-Type': 'application/json; charset=utf-8'
    'Date': 'Sun, 14 Jun 2026 14:40:24 GMT'
    'Server': 'Kestrel'
    'Transfer-Encoding': 'chunked'
    'X-CORRELATION-ID': 'REDACTED'
2026-06-14T14:40:25.571 [Information] DefaultAzureCredential acquired a token from ManagedIdentityCredential
2026-06-14T14:40:25.571 [Information] Request URL: 'https://insytreviewstorage.blob.core.windows.net/insyt-capture/capture/Client%20Demo2/Project%20Demo2/processing_center/reports/JOB-A4A6C83562F44A9B/JOB-A4A6C83562F44A9B.summary.json'
Request method: 'PUT'
Request headers:
    'Content-Length': '11407'
    'x-ms-blob-type': 'REDACTED'
    'x-ms-version': 'REDACTED'
    'Content-Type': 'application/octet-stream'
    'Accept': 'application/xml'
    'User-Agent': 'azsdk-python-storage-blob/12.30.0 Python/3.12.13 (Linux-6.6.138.1-1.azl3-x86_64-with-glibc2.36)'
    'x-ms-date': 'REDACTED'
    'x-ms-client-request-id': 'faf47fdc-67fe-11f1-8bea-c6d42bd80672'
    'Authorization': 'REDACTED'
A body is sent with the request
2026-06-14T14:40:25.762 [Information] Request [72d7f290-a228-40e4-a4fe-343dae5e2f13] GET https://insytprodstorage.queue.core.windows.net/apc-processing-jobs/messages?numofmessages=16&visibilitytimeout=600
x-ms-version:2025-11-05
Accept:application/xml
x-ms-client-request-id:72d7f290-a228-40e4-a4fe-343dae5e2f13
x-ms-return-client-request-id:true
User-Agent:azsdk-net-Storage.Queues/12.24.0 (.NET 8.0.26; Debian GNU/Linux 12 (bookworm))
x-ms-date:Sun, 14 Jun 2026 14:40:25 GMT
Authorization:REDACTED
client assembly: Azure.Storage.Queues
2026-06-14T14:40:25.769 [Information] Response status: 201
Response headers:
    'Content-Length': '0'
    'Content-MD5': 'REDACTED'
    'Last-Modified': 'Sun, 14 Jun 2026 14:40:25 GMT'
    'ETag': '"0x8DECA22DF512126"'
    'Server': 'Windows-Azure-Blob/1.0 Microsoft-HTTPAPI/2.0'
    'x-ms-request-id': '7d2556ba-201e-00b0-320b-fc2ae2000000'
    'x-ms-client-request-id': 'faf47fdc-67fe-11f1-8bea-c6d42bd80672'
    'x-ms-version': 'REDACTED'
    'x-ms-content-crc64': 'REDACTED'
    'x-ms-request-server-encrypted': 'REDACTED'
    'Date': 'Sun, 14 Jun 2026 14:40:25 GMT'
2026-06-14T14:40:25.770 [Information] Request URL: 'https://insytreviewstorage.blob.core.windows.net/insyt-capture/capture/Client%20Demo2/Project%20Demo2/processing_center/reports/JOB-A4A6C83562F44A9B/JOB-A4A6C83562F44A9B.summary.txt'
Request method: 'PUT'
Request headers:
    'Content-Length': '2706'
    'x-ms-blob-type': 'REDACTED'
    'x-ms-version': 'REDACTED'
    'Content-Type': 'application/octet-stream'
    'Accept': 'application/xml'
    'User-Agent': 'azsdk-python-storage-blob/12.30.0 Python/3.12.13 (Linux-6.6.138.1-1.azl3-x86_64-with-glibc2.36)'
    'x-ms-date': 'REDACTED'
    'x-ms-client-request-id': 'fb1f890c-67fe-11f1-8bea-c6d42bd80672'
    'Authorization': 'REDACTED'
A body is sent with the request
2026-06-14T14:40:25.793 [Information] Response [72d7f290-a228-40e4-a4fe-343dae5e2f13] 200 OK (00.0s)
Cache-Control:no-cache
Transfer-Encoding:chunked
Server:Windows-Azure-Queue/1.0 Microsoft-HTTPAPI/2.0
x-ms-request-id:36cef654-5003-002a-2b0b-fcd29c000000
x-ms-client-request-id:72d7f290-a228-40e4-a4fe-343dae5e2f13
x-ms-version:2025-11-05
Date:Sun, 14 Jun 2026 14:40:25 GMT
Content-Type:application/xml
2026-06-14T14:40:25.807 [Information] Response status: 201
Response headers:
    'Content-Length': '0'
    'Content-MD5': 'REDACTED'
    'Last-Modified': 'Sun, 14 Jun 2026 14:40:25 GMT'
    'ETag': '"0x8DECA22DF571225"'
    'Server': 'Windows-Azure-Blob/1.0 Microsoft-HTTPAPI/2.0'
    'x-ms-request-id': '7d2556fc-201e-00b0-6d0b-fc2ae2000000'
    'x-ms-client-request-id': 'fb1f890c-67fe-11f1-8bea-c6d42bd80672'
    'x-ms-version': 'REDACTED'
    'x-ms-content-crc64': 'REDACTED'
    'x-ms-request-server-encrypted': 'REDACTED'
    'Date': 'Sun, 14 Jun 2026 14:40:25 GMT'
2026-06-14T14:40:25.808 [Information] Request URL: 'https://insytreviewstorage.blob.core.windows.net/insyt-capture/capture/Client%20Demo2/Project%20Demo2/processing_center/reports/JOB-A4A6C83562F44A9B/JOB-A4A6C83562F44A9B.stages.csv'
Request method: 'PUT'
Request headers:
    'Content-Length': '2849'
    'x-ms-blob-type': 'REDACTED'
    'x-ms-version': 'REDACTED'
    'Content-Type': 'application/octet-stream'
    'Accept': 'application/xml'
    'User-Agent': 'azsdk-python-storage-blob/12.30.0 Python/3.12.13 (Linux-6.6.138.1-1.azl3-x86_64-with-glibc2.36)'
    'x-ms-date': 'REDACTED'
    'x-ms-client-request-id': 'fb2559c2-67fe-11f1-8bea-c6d42bd80672'
    'Authorization': 'REDACTED'
A body is sent with the request
2026-06-14T14:40:25.846 [Information] Response status: 201
Response headers:
    'Content-Length': '0'
    'Content-MD5': 'REDACTED'
    'Last-Modified': 'Sun, 14 Jun 2026 14:40:25 GMT'
    'ETag': '"0x8DECA22DF5CDC21"'
    'Server': 'Windows-Azure-Blob/1.0 Microsoft-HTTPAPI/2.0'
    'x-ms-request-id': '7d255721-201e-00b0-110b-fc2ae2000000'
    'x-ms-client-request-id': 'fb2559c2-67fe-11f1-8bea-c6d42bd80672'
    'x-ms-version': 'REDACTED'
    'x-ms-content-crc64': 'REDACTED'
    'x-ms-request-server-encrypted': 'REDACTED'
    'Date': 'Sun, 14 Jun 2026 14:40:25 GMT'
2026-06-14T14:40:25.848 [Information] Request URL: 'https://insytreviewstorage.blob.core.windows.net/insyt-capture/capture/Client%20Demo2/Project%20Demo2/processing_center/reports/JOB-A4A6C83562F44A9B/JOB-A4A6C83562F44A9B.cost_events_by_meter.csv'
Request method: 'PUT'
Request headers:
    'Content-Length': '418'
    'x-ms-blob-type': 'REDACTED'
    'x-ms-version': 'REDACTED'
    'Content-Type': 'application/octet-stream'
    'Accept': 'application/xml'
    'User-Agent': 'azsdk-python-storage-blob/12.30.0 Python/3.12.13 (Linux-6.6.138.1-1.azl3-x86_64-with-glibc2.36)'
    'x-ms-date': 'REDACTED'
    'x-ms-client-request-id': 'fb2b5b92-67fe-11f1-8bea-c6d42bd80672'
    'Authorization': 'REDACTED'
A body is sent with the request
2026-06-14T14:40:25.884 [Information] Response status: 201
Response headers:
    'Content-Length': '0'
    'Content-MD5': 'REDACTED'
    'Last-Modified': 'Sun, 14 Jun 2026 14:40:25 GMT'
    'ETag': '"0x8DECA22DF62CD29"'
    'Server': 'Windows-Azure-Blob/1.0 Microsoft-HTTPAPI/2.0'
    'x-ms-request-id': '7d255748-201e-00b0-380b-fc2ae2000000'
    'x-ms-client-request-id': 'fb2b5b92-67fe-11f1-8bea-c6d42bd80672'
    'x-ms-version': 'REDACTED'
    'x-ms-content-crc64': 'REDACTED'
    'x-ms-request-server-encrypted': 'REDACTED'
    'Date': 'Sun, 14 Jun 2026 14:40:25 GMT'
2026-06-14T14:40:25.885 [Information] Request URL: 'https://insytreviewstorage.blob.core.windows.net/insyt-capture/capture/Client%20Demo2/Project%20Demo2/processing_center/reports/JOB-A4A6C83562F44A9B/JOB-A4A6C83562F44A9B.files.csv'
Request method: 'PUT'
Request headers:
    'Content-Length': '1295'
    'x-ms-blob-type': 'REDACTED'
    'x-ms-version': 'REDACTED'
    'Content-Type': 'application/octet-stream'
    'Accept': 'application/xml'
    'User-Agent': 'azsdk-python-storage-blob/12.30.0 Python/3.12.13 (Linux-6.6.138.1-1.azl3-x86_64-with-glibc2.36)'
    'x-ms-date': 'REDACTED'
    'x-ms-client-request-id': 'fb3120ae-67fe-11f1-8bea-c6d42bd80672'
    'Authorization': 'REDACTED'
A body is sent with the request
2026-06-14T14:40:25.922 [Information] Response status: 201
Response headers:
    'Content-Length': '0'
    'Content-MD5': 'REDACTED'
    'Last-Modified': 'Sun, 14 Jun 2026 14:40:25 GMT'
    'ETag': '"0x8DECA22DF689724"'
    'Server': 'Windows-Azure-Blob/1.0 Microsoft-HTTPAPI/2.0'
    'x-ms-request-id': '7d255769-201e-00b0-560b-fc2ae2000000'
    'x-ms-client-request-id': 'fb3120ae-67fe-11f1-8bea-c6d42bd80672'
    'x-ms-version': 'REDACTED'
    'x-ms-content-crc64': 'REDACTED'
    'x-ms-request-server-encrypted': 'REDACTED'
    'Date': 'Sun, 14 Jun 2026 14:40:25 GMT'
2026-06-14T14:40:25.923 [Information] Request URL: 'https://insytreviewstorage.blob.core.windows.net/insyt-capture/capture/Client%20Demo2/Project%20Demo2/processing_center/reports/JOB-A4A6C83562F44A9B/JOB-A4A6C83562F44A9B.containers.csv'
Request method: 'PUT'
Request headers:
    'x-ms-blob-type': 'REDACTED'
    'Content-Length': '0'
    'x-ms-version': 'REDACTED'
    'Content-Type': 'application/octet-stream'
    'Accept': 'application/xml'
    'User-Agent': 'azsdk-python-storage-blob/12.30.0 Python/3.12.13 (Linux-6.6.138.1-1.azl3-x86_64-with-glibc2.36)'
    'x-ms-date': 'REDACTED'
    'x-ms-client-request-id': 'fb36e098-67fe-11f1-8bea-c6d42bd80672'
    'Authorization': 'REDACTED'
No body was attached to the request
2026-06-14T14:40:25.959 [Information] Response status: 201
Response headers:
    'Content-Length': '0'
    'Content-MD5': 'REDACTED'
    'Last-Modified': 'Sun, 14 Jun 2026 14:40:25 GMT'
    'ETag': '"0x8DECA22DF6E3A2B"'
    'Server': 'Windows-Azure-Blob/1.0 Microsoft-HTTPAPI/2.0'
    'x-ms-request-id': '7d255782-201e-00b0-6d0b-fc2ae2000000'
    'x-ms-client-request-id': 'fb36e098-67fe-11f1-8bea-c6d42bd80672'
    'x-ms-version': 'REDACTED'
    'x-ms-content-crc64': 'REDACTED'
    'x-ms-request-server-encrypted': 'REDACTED'
    'Date': 'Sun, 14 Jun 2026 14:40:25 GMT'
2026-06-14T14:40:25.960 [Information] Request URL: 'https://insytreviewstorage.blob.core.windows.net/insyt-capture/capture/Client%20Demo2/Project%20Demo2/processing_center/reports/JOB-A4A6C83562F44A9B/JOB-A4A6C83562F44A9B.review_promotion.csv'
Request method: 'PUT'
Request headers:
    'x-ms-blob-type': 'REDACTED'
    'Content-Length': '0'
    'x-ms-version': 'REDACTED'
    'Content-Type': 'application/octet-stream'
    'Accept': 'application/xml'
    'User-Agent': 'azsdk-python-storage-blob/12.30.0 Python/3.12.13 (Linux-6.6.138.1-1.azl3-x86_64-with-glibc2.36)'
    'x-ms-date': 'REDACTED'
    'x-ms-client-request-id': 'fb3c8f66-67fe-11f1-8bea-c6d42bd80672'
    'Authorization': 'REDACTED'
No body was attached to the request
2026-06-14T14:40:25.996 [Information] Response status: 201
Response headers:
    'Content-Length': '0'
    'Content-MD5': 'REDACTED'
    'Last-Modified': 'Sun, 14 Jun 2026 14:40:25 GMT'
    'ETag': '"0x8DECA22DF73DD25"'
    'Server': 'Windows-Azure-Blob/1.0 Microsoft-HTTPAPI/2.0'
    'x-ms-request-id': '7d25579a-201e-00b0-010b-fc2ae2000000'
    'x-ms-client-request-id': 'fb3c8f66-67fe-11f1-8bea-c6d42bd80672'
    'x-ms-version': 'REDACTED'
    'x-ms-content-crc64': 'REDACTED'
    'x-ms-request-server-encrypted': 'REDACTED'
    'Date': 'Sun, 14 Jun 2026 14:40:25 GMT'
2026-06-14T14:40:25.999 [Information] No environment configuration found.
2026-06-14T14:40:26.003 [Information] ManagedIdentityCredential will use App Service managed identity
2026-06-14T14:40:26.003 [Information] Request URL: 'http://169.254.129.6:8081/msi/token?api-version=2019-08-01&resource=REDACTED'
Request method: 'GET'
Request headers:
    'X-IDENTITY-HEADER': 'REDACTED'
    'Metadata': 'REDACTED'
    'User-Agent': 'azsdk-python-identity/1.25.3 Python/3.12.13 (Linux-6.6.138.1-1.azl3-x86_64-with-glibc2.36)'
No body was attached to the request
2026-06-14T14:40:26.019 [Information] Response status: 200
Response headers:
    'Content-Type': 'application/json; charset=utf-8'
    'Date': 'Sun, 14 Jun 2026 14:40:25 GMT'
    'Server': 'Kestrel'
    'Transfer-Encoding': 'chunked'
    'X-CORRELATION-ID': 'REDACTED'
2026-06-14T14:40:26.019 [Information] DefaultAzureCredential acquired a token from ManagedIdentityCredential
2026-06-14T14:40:26.019 [Information] Request URL: 'https://insytprodstorage.blob.core.windows.net/insyt-capture/capture/Client%20Demo2/Project%20Demo2/processing_center/jobs/JOB-58C828FC68F8439E/cancel_request.json'
Request method: 'GET'
Request headers:
    'x-ms-range': 'REDACTED'
    'x-ms-version': 'REDACTED'
    'Accept': 'application/xml'
    'User-Agent': 'azsdk-python-storage-blob/12.30.0 Python/3.12.13 (Linux-6.6.138.1-1.azl3-x86_64-with-glibc2.36)'
    'x-ms-date': 'REDACTED'
    'x-ms-client-request-id': 'fb42aa40-67fe-11f1-8bea-c6d42bd80672'
    'Authorization': 'REDACTED'
No body was attached to the request
2026-06-14T14:40:26.194 [Information] Response status: 404
Response headers:
    'Content-Length': '215'
    'Content-Type': 'application/xml'
    'Server': 'Windows-Azure-Blob/1.0 Microsoft-HTTPAPI/2.0'
    'x-ms-request-id': '006cd0e3-e01e-003f-660b-fcc52f000000'
    'x-ms-client-request-id': 'fb42aa40-67fe-11f1-8bea-c6d42bd80672'
    'x-ms-version': 'REDACTED'
    'x-ms-error-code': 'BlobNotFound'
    'Date': 'Sun, 14 Jun 2026 14:40:25 GMT'
2026-06-14T14:40:26.205 [Information] No environment configuration found.
2026-06-14T14:40:26.205 [Information] ManagedIdentityCredential will use App Service managed identity
2026-06-14T14:40:26.205 [Information] Request URL: 'http://169.254.129.6:8081/msi/token?api-version=2019-08-01&resource=REDACTED'
Request method: 'GET'
Request headers:
    'X-IDENTITY-HEADER': 'REDACTED'
    'Metadata': 'REDACTED'
    'User-Agent': 'azsdk-python-identity/1.25.3 Python/3.12.13 (Linux-6.6.138.1-1.azl3-x86_64-with-glibc2.36)'
No body was attached to the request
2026-06-14T14:40:26.215 [Information] Response status: 200
Response headers:
    'Content-Type': 'application/json; charset=utf-8'
    'Date': 'Sun, 14 Jun 2026 14:40:25 GMT'
    'Server': 'Kestrel'
    'Transfer-Encoding': 'chunked'
    'X-CORRELATION-ID': 'REDACTED'
2026-06-14T14:40:26.215 [Information] DefaultAzureCredential acquired a token from ManagedIdentityCredential
2026-06-14T14:40:26.215 [Information] Request URL: 'https://insytprodstorage.blob.core.windows.net/insyt-capture/capture/Client%20Demo2/Project%20Demo2/processing_center/jobs/JOB-58C828FC68F8439E/status.json'
Request method: 'GET'
Request headers:
    'x-ms-range': 'REDACTED'
    'x-ms-version': 'REDACTED'
    'Accept': 'application/xml'
    'User-Agent': 'azsdk-python-storage-blob/12.30.0 Python/3.12.13 (Linux-6.6.138.1-1.azl3-x86_64-with-glibc2.36)'
    'x-ms-date': 'REDACTED'
    'x-ms-client-request-id': 'fb610d96-67fe-11f1-8bea-c6d42bd80672'
    'Authorization': 'REDACTED'
No body was attached to the request
2026-06-14T14:40:26.524 [Information] Response status: 206
Response headers:
    'Content-Length': '945'
    'Content-Type': 'application/json'
    'Content-Range': 'REDACTED'
    'Last-Modified': 'Sun, 14 Jun 2026 14:40:24 GMT'
    'Accept-Ranges': 'REDACTED'
    'ETag': '"0x8DECA22DE7504CC"'
    'Server': 'Windows-Azure-Blob/1.0 Microsoft-HTTPAPI/2.0'
    'x-ms-request-id': '606482d5-f01e-009a-030b-fc9355000000'
    'x-ms-client-request-id': 'fb610d96-67fe-11f1-8bea-c6d42bd80672'
    'x-ms-version': 'REDACTED'
    'x-ms-version-id': 'REDACTED'
    'x-ms-is-current-version': 'REDACTED'
    'x-ms-creation-time': 'REDACTED'
    'x-ms-blob-content-md5': 'REDACTED'
    'x-ms-lease-status': 'REDACTED'
    'x-ms-lease-state': 'REDACTED'
    'x-ms-blob-type': 'REDACTED'
    'x-ms-server-encrypted': 'REDACTED'
    'x-ms-access-tier': 'REDACTED'
    'x-ms-access-tier-inferred': 'REDACTED'
    'Date': 'Sun, 14 Jun 2026 14:40:25 GMT'
2026-06-14T14:40:26.524 [Information] No environment configuration found.
2026-06-14T14:40:26.526 [Information] ManagedIdentityCredential will use App Service managed identity
2026-06-14T14:40:26.526 [Information] Request URL: 'http://169.254.129.6:8081/msi/token?api-version=2019-08-01&resource=REDACTED'
Request method: 'GET'
Request headers:
    'X-IDENTITY-HEADER': 'REDACTED'
    'Metadata': 'REDACTED'
    'User-Agent': 'azsdk-python-identity/1.25.3 Python/3.12.13 (Linux-6.6.138.1-1.azl3-x86_64-with-glibc2.36)'
No body was attached to the request
2026-06-14T14:40:26.609 [Information] Response status: 200
Response headers:
    'Content-Type': 'application/json; charset=utf-8'
    'Date': 'Sun, 14 Jun 2026 14:40:25 GMT'
    'Server': 'Kestrel'
    'Transfer-Encoding': 'chunked'
    'X-CORRELATION-ID': 'REDACTED'
2026-06-14T14:40:26.609 [Information] DefaultAzureCredential acquired a token from ManagedIdentityCredential
2026-06-14T14:40:26.609 [Information] Request URL: 'https://insytprodstorage.blob.core.windows.net/insyt-capture/capture/Client%20Demo2/Project%20Demo2/processing_center/jobs/JOB-58C828FC68F8439E/status.json'
Request method: 'PUT'
Request headers:
    'Content-Length': '840'
    'x-ms-blob-type': 'REDACTED'
    'x-ms-blob-content-type': 'REDACTED'
    'x-ms-version': 'REDACTED'
    'Content-Type': 'application/octet-stream'
    'Accept': 'application/xml'
    'User-Agent': 'azsdk-python-storage-blob/12.30.0 Python/3.12.13 (Linux-6.6.138.1-1.azl3-x86_64-with-glibc2.36)'
    'x-ms-date': 'REDACTED'
    'x-ms-client-request-id': 'fb92db46-67fe-11f1-8bea-c6d42bd80672'
    'Authorization': 'REDACTED'
A body is sent with the request
2026-06-14T14:40:26.809 [Information] Response status: 201
Response headers:
    'Content-Length': '0'
    'Content-MD5': 'REDACTED'
    'Last-Modified': 'Sun, 14 Jun 2026 14:40:26 GMT'
    'ETag': '"0x8DECA22DFEF2A61"'
    'Server': 'Windows-Azure-Blob/1.0 Microsoft-HTTPAPI/2.0'
    'x-ms-request-id': '7bef1b72-701e-00e6-6c0b-fcbdaa000000'
    'x-ms-client-request-id': 'fb92db46-67fe-11f1-8bea-c6d42bd80672'
    'x-ms-version': 'REDACTED'
    'x-ms-content-crc64': 'REDACTED'
    'x-ms-request-server-encrypted': 'REDACTED'
    'x-ms-version-id': 'REDACTED'
    'Date': 'Sun, 14 Jun 2026 14:40:26 GMT'
2026-06-14T14:40:26.812 [Information] No environment configuration found.
2026-06-14T14:40:26.814 [Information] ManagedIdentityCredential will use App Service managed identity
2026-06-14T14:40:26.814 [Information] Request URL: 'http://169.254.129.6:8081/msi/token?api-version=2019-08-01&resource=REDACTED'
Request method: 'GET'
Request headers:
    'X-IDENTITY-HEADER': 'REDACTED'
    'Metadata': 'REDACTED'
    'User-Agent': 'azsdk-python-identity/1.25.3 Python/3.12.13 (Linux-6.6.138.1-1.azl3-x86_64-with-glibc2.36)'
No body was attached to the request
2026-06-14T14:40:26.830 [Information] Response status: 200
Response headers:
    'Content-Type': 'application/json; charset=utf-8'
    'Date': 'Sun, 14 Jun 2026 14:40:26 GMT'
    'Server': 'Kestrel'
    'Transfer-Encoding': 'chunked'
    'X-CORRELATION-ID': 'REDACTED'
2026-06-14T14:40:26.831 [Information] DefaultAzureCredential acquired a token from ManagedIdentityCredential
2026-06-14T14:40:26.831 [Information] Request URL: 'https://insytprodstorage.blob.core.windows.net/insyt-capture/capture/Client%20Demo2/Project%20Demo2/processing_center/jobs/JOB-58C828FC68F8439E/status.json'
Request method: 'GET'
Request headers:
    'x-ms-range': 'REDACTED'
    'x-ms-version': 'REDACTED'
    'Accept': 'application/xml'
    'User-Agent': 'azsdk-python-storage-blob/12.30.0 Python/3.12.13 (Linux-6.6.138.1-1.azl3-x86_64-with-glibc2.36)'
    'x-ms-date': 'REDACTED'
    'x-ms-client-request-id': 'fbbe8836-67fe-11f1-8bea-c6d42bd80672'
    'Authorization': 'REDACTED'
No body was attached to the request
2026-06-14T14:40:27.008 [Information] Response status: 206
Response headers:
    'Content-Length': '840'
    'Content-Type': 'application/json'
    'Content-Range': 'REDACTED'
    'Last-Modified': 'Sun, 14 Jun 2026 14:40:26 GMT'
    'Accept-Ranges': 'REDACTED'
    'ETag': '"0x8DECA22DFEF2A61"'
    'Server': 'Windows-Azure-Blob/1.0 Microsoft-HTTPAPI/2.0'
    'x-ms-request-id': '22a5d1ae-e01e-0010-120b-fcc8e4000000'
    'x-ms-client-request-id': 'fbbe8836-67fe-11f1-8bea-c6d42bd80672'
    'x-ms-version': 'REDACTED'
    'x-ms-version-id': 'REDACTED'
    'x-ms-is-current-version': 'REDACTED'
    'x-ms-creation-time': 'REDACTED'
    'x-ms-blob-content-md5': 'REDACTED'
    'x-ms-lease-status': 'REDACTED'
    'x-ms-lease-state': 'REDACTED'
    'x-ms-blob-type': 'REDACTED'
    'x-ms-server-encrypted': 'REDACTED'
    'x-ms-access-tier': 'REDACTED'
    'x-ms-access-tier-inferred': 'REDACTED'
    'Date': 'Sun, 14 Jun 2026 14:40:26 GMT'
2026-06-14T14:40:27.010 [Information] No environment configuration found.
2026-06-14T14:40:27.012 [Information] ManagedIdentityCredential will use App Service managed identity
2026-06-14T14:40:27.014 [Information] Request URL: 'http://169.254.129.6:8081/msi/token?api-version=2019-08-01&resource=REDACTED'
Request method: 'GET'
Request headers:
    'X-IDENTITY-HEADER': 'REDACTED'
    'Metadata': 'REDACTED'
    'User-Agent': 'azsdk-python-identity/1.25.3 Python/3.12.13 (Linux-6.6.138.1-1.azl3-x86_64-with-glibc2.36)'
No body was attached to the request
2026-06-14T14:40:27.051 [Information] Response status: 200
Response headers:
    'Content-Type': 'application/json; charset=utf-8'
    'Date': 'Sun, 14 Jun 2026 14:40:26 GMT'
    'Server': 'Kestrel'
    'Transfer-Encoding': 'chunked'
    'X-CORRELATION-ID': 'REDACTED'
2026-06-14T14:40:27.051 [Information] DefaultAzureCredential acquired a token from ManagedIdentityCredential
2026-06-14T14:40:27.051 [Information] Request URL: 'https://insytprodstorage.blob.core.windows.net/insyt-capture/capture/Client%20Demo2/Project%20Demo2/processing_center/jobs/JOB-58C828FC68F8439E/status.json'
Request method: 'PUT'
Request headers:
    'Content-Length': '14562'
    'x-ms-blob-type': 'REDACTED'
    'x-ms-blob-content-type': 'REDACTED'
    'x-ms-version': 'REDACTED'
    'Content-Type': 'application/octet-stream'
    'Accept': 'application/xml'
    'User-Agent': 'azsdk-python-storage-blob/12.30.0 Python/3.12.13 (Linux-6.6.138.1-1.azl3-x86_64-with-glibc2.36)'
    'x-ms-date': 'REDACTED'
    'x-ms-client-request-id': 'fbdcf80c-67fe-11f1-8bea-c6d42bd80672'
    'Authorization': 'REDACTED'
A body is sent with the request
2026-06-14T14:40:27.264 [Information] Response status: 201
Response headers:
    'Content-Length': '0'
    'Content-MD5': 'REDACTED'
    'Last-Modified': 'Sun, 14 Jun 2026 14:40:27 GMT'
    'ETag': '"0x8DECA22E032EC0E"'
    'Server': 'Windows-Azure-Blob/1.0 Microsoft-HTTPAPI/2.0'
    'x-ms-request-id': '9d2e9cbb-c01e-005a-6d0b-fc6b6b000000'
    'x-ms-client-request-id': 'fbdcf80c-67fe-11f1-8bea-c6d42bd80672'
    'x-ms-version': 'REDACTED'
    'x-ms-content-crc64': 'REDACTED'
    'x-ms-request-server-encrypted': 'REDACTED'
    'x-ms-version-id': 'REDACTED'
    'Date': 'Sun, 14 Jun 2026 14:40:26 GMT'
2026-06-14T14:40:27.265 [Information] APC processing worker completed queue message.
2026-06-14T14:40:27.275 [Information] Executed 'Functions.apc_processing_queue_worker' (Succeeded, Id=ec91efe3-92e0-44f6-ba81-234dc0398db9, Duration=5378ms)
2026-06-14T14:40:27.289 [Information] Request [b77bead2-73ff-431b-addf-d542d271e67b] DELETE https://insytprodstorage.queue.core.windows.net/apc-processing-jobs/messages/4fb38447-1855-4edc-86fe-26651ad44839?popreceipt=AgAAAAMAAAAAAAAAXhQrIA383AE%3D
x-ms-version:2025-11-05
Accept:application/xml
x-ms-client-request-id:b77bead2-73ff-431b-addf-d542d271e67b
x-ms-return-client-request-id:true
User-Agent:azsdk-net-Storage.Queues/12.24.0 (.NET 8.0.26; Debian GNU/Linux 12 (bookworm))
x-ms-date:Sun, 14 Jun 2026 14:40:27 GMT
Authorization:REDACTED
client assembly: Azure.Storage.Queues
2026-06-14T14:40:27.322 [Information] Response [b77bead2-73ff-431b-addf-d542d271e67b] 204 No Content (00.0s)
Server:Windows-Azure-Queue/1.0 Microsoft-HTTPAPI/2.0
x-ms-request-id:36cef838-5003-002a-730b-fcd29c000000
x-ms-client-request-id:b77bead2-73ff-431b-addf-d542d271e67b
x-ms-version:2025-11-05
Date:Sun, 14 Jun 2026 14:40:27 GMT
Content-Length:0
2026-06-14T14:40:29.445 [Information] Request [2789294e-d3e8-45e9-bcd6-f23cb645424d] GET https://insytprodstorage.queue.core.windows.net/apc-processing-jobs/messages?numofmessages=16&visibilitytimeout=600
x-ms-version:2025-11-05
Accept:application/xml
x-ms-client-request-id:2789294e-d3e8-45e9-bcd6-f23cb645424d
x-ms-return-client-request-id:true
User-Agent:azsdk-net-Storage.Queues/12.24.0 (.NET 8.0.26; Debian GNU/Linux 12 (bookworm))
x-ms-date:Sun, 14 Jun 2026 14:40:29 GMT
Authorization:REDACTED
client assembly: Azure.Storage.Queues
2026-06-14T14:40:29.477 [Information] Response [2789294e-d3e8-45e9-bcd6-f23cb645424d] 200 OK (00.0s)
Cache-Control:no-cache
Transfer-Encoding:chunked
Server:Windows-Azure-Queue/1.0 Microsoft-HTTPAPI/2.0
x-ms-request-id:36cefaf9-5003-002a-170b-fcd29c000000
x-ms-client-request-id:2789294e-d3e8-45e9-bcd6-f23cb645424d
x-ms-version:2025-11-05
Date:Sun, 14 Jun 2026 14:40:29 GMT
Content-Type:application/xml
2026-06-14T14:40:31.065 [Information] Request [43c7ff81-07c2-4191-b40a-c3a1f0bcd107] PUT https://insytprodstorage.blob.core.windows.net/azure-webjobs-hosts/locks/insyt-apc-worker-prod-v2/host?comp=lease
x-ms-lease-action:renew
x-ms-lease-id:efd72d50-4497-c861-fc81-eaea63d24d48
x-ms-version:2024-11-04
Accept:application/xml
x-ms-client-request-id:43c7ff81-07c2-4191-b40a-c3a1f0bcd107
x-ms-return-client-request-id:true
User-Agent:azsdk-net-Storage.Blobs/12.22.1 (.NET 8.0.26; Debian GNU/Linux 12 (bookworm))
x-ms-date:Sun, 14 Jun 2026 14:40:31 GMT
Authorization:REDACTED
client assembly: Azure.Storage.Blobs
2026-06-14T14:40:31.098 [Information] Response [43c7ff81-07c2-4191-b40a-c3a1f0bcd107] 200 OK (00.0s)
ETag:"0x8DECA2268E017D6"
Server:Windows-Azure-Blob/1.0 Microsoft-HTTPAPI/2.0
x-ms-request-id:d929cfa1-501e-002a-2c0b-fcd29c000000
x-ms-client-request-id:43c7ff81-07c2-4191-b40a-c3a1f0bcd107
x-ms-version:2024-11-04
x-ms-lease-id:efd72d50-4497-c861-fc81-eaea63d24d48
Date:Sun, 14 Jun 2026 14:40:30 GMT
Content-Length:0
Last-Modified:Sun, 14 Jun 2026 14:37:07 GMT
2026-06-14T14:40:31.458 [Information] Executing StatusCodeResult, setting HTTP status code 200
2026-06-14T14:40:35.279 [Information] Request [f7a090e3-90e4-4ca0-a256-4830e3f68959] GET https://insytprodstorage.queue.core.windows.net/apc-processing-jobs/messages?numofmessages=16&visibilitytimeout=600
x-ms-version:2025-11-05
Accept:application/xml
x-ms-client-request-id:f7a090e3-90e4-4ca0-a256-4830e3f68959
x-ms-return-client-request-id:true
User-Agent:azsdk-net-Storage.Queues/12.24.0 (.NET 8.0.26; Debian GNU/Linux 12 (bookworm))
x-ms-date:Sun, 14 Jun 2026 14:40:35 GMT
Authorization:REDACTED
client assembly: Azure.Storage.Queues
2026-06-14T14:40:35.324 [Information] Response [f7a090e3-90e4-4ca0-a256-4830e3f68959] 200 OK (00.0s)
Cache-Control:no-cache
Transfer-Encoding:chunked
Server:Windows-Azure-Queue/1.0 Microsoft-HTTPAPI/2.0
x-ms-request-id:36cf02d6-5003-002a-210b-fcd29c000000
x-ms-client-request-id:f7a090e3-90e4-4ca0-a256-4830e3f68959
x-ms-version:2025-11-05
Date:Sun, 14 Jun 2026 14:40:35 GMT
Content-Type:application/xml
2026-06-14T14:40:37.702 [Information] Request [306bd6d8-050d-4765-abf6-797ee666e2e0] GET https://insytprodstorage.blob.core.windows.net/?comp=list&maxresults=1
x-ms-version:2024-11-04
Accept:application/xml
x-ms-client-request-id:306bd6d8-050d-4765-abf6-797ee666e2e0
x-ms-return-client-request-id:true
User-Agent:azsdk-net-Storage.Blobs/12.22.1 (.NET 8.0.26; Debian GNU/Linux 12 (bookworm))
x-ms-date:Sun, 14 Jun 2026 14:40:37 GMT
Authorization:REDACTED
client assembly: Azure.Storage.Blobs
2026-06-14T14:40:37.734 [Information] Response [306bd6d8-050d-4765-abf6-797ee666e2e0] 200 OK (00.0s)
Transfer-Encoding:chunked
Server:Windows-Azure-Blob/1.0 Microsoft-HTTPAPI/2.0
x-ms-request-id:d929dfab-501e-002a-310b-fcd29c000000
x-ms-client-request-id:306bd6d8-050d-4765-abf6-797ee666e2e0
x-ms-version:2024-11-04
Date:Sun, 14 Jun 2026 14:40:37 GMT
Content-Type:application/xml
2026-06-14T14:40:41.491 [Information] Executing StatusCodeResult, setting HTTP status code 200
2026-06-14T14:40:43.061 [Information] Request [42f356ad-9f9d-483e-b7de-0b8f1438664b] PUT https://insytprodstorage.blob.core.windows.net/azure-webjobs-hosts/locks/insyt-apc-worker-prod-v2/host?comp=lease
x-ms-lease-action:renew
x-ms-lease-id:efd72d50-4497-c861-fc81-eaea63d24d48
x-ms-version:2024-11-04
Accept:application/xml
x-ms-client-request-id:42f356ad-9f9d-483e-b7de-0b8f1438664b
x-ms-return-client-request-id:true
User-Agent:azsdk-net-Storage.Blobs/12.22.1 (.NET 8.0.26; Debian GNU/Linux 12 (bookworm))
x-ms-date:Sun, 14 Jun 2026 14:40:43 GMT
Authorization:REDACTED
client assembly: Azure.Storage.Blobs
2026-06-14T14:40:43.094 [Information] Response [42f356ad-9f9d-483e-b7de-0b8f1438664b] 200 OK (00.0s)
ETag:"0x8DECA2268E017D6"
Server:Windows-Azure-Blob/1.0 Microsoft-HTTPAPI/2.0
x-ms-request-id:d929ed29-501e-002a-780b-fcd29c000000
x-ms-client-request-id:42f356ad-9f9d-483e-b7de-0b8f1438664b
x-ms-version:2024-11-04
x-ms-lease-id:efd72d50-4497-c861-fc81-eaea63d24d48
Date:Sun, 14 Jun 2026 14:40:42 GMT
Content-Length:0
Last-Modified:Sun, 14 Jun 2026 14:37:07 GMT
2026-06-14T14:40:49.413 [Information] Request [de9aa504-4870-43d3-b4f8-bc2165bce0ac] GET https://insytprodstorage.queue.core.windows.net/apc-processing-jobs/messages?numofmessages=16&visibilitytimeout=600
x-ms-version:2025-11-05
Accept:application/xml
x-ms-client-request-id:de9aa504-4870-43d3-b4f8-bc2165bce0ac
x-ms-return-client-request-id:true
User-Agent:azsdk-net-Storage.Queues/12.24.0 (.NET 8.0.26; Debian GNU/Linux 12 (bookworm))
x-ms-date:Sun, 14 Jun 2026 14:40:49 GMT
Authorization:REDACTED
client assembly: Azure.Storage.Queues
2026-06-14T14:40:49.445 [Information] Response [de9aa504-4870-43d3-b4f8-bc2165bce0ac] 200 OK (00.0s)
Cache-Control:no-cache
Transfer-Encoding:chunked
Server:Windows-Azure-Queue/1.0 Microsoft-HTTPAPI/2.0
x-ms-request-id:36cf1811-5003-002a-3e0b-fcd29c000000
x-ms-client-request-id:de9aa504-4870-43d3-b4f8-bc2165bce0ac
x-ms-version:2025-11-05
Date:Sun, 14 Jun 2026 14:40:49 GMT
Content-Type:application/xml
2026-06-14T14:40:51.526 [Information] Executing StatusCodeResult, setting HTTP status code 200
2026-06-14T14:40:55.063 [Information] Request [bcbe163c-19a4-4ed5-95d8-a6be32181f97] PUT https://insytprodstorage.blob.core.windows.net/azure-webjobs-hosts/locks/insyt-apc-worker-prod-v2/host?comp=lease
x-ms-lease-action:renew
x-ms-lease-id:efd72d50-4497-c861-fc81-eaea63d24d48
x-ms-version:2024-11-04
Accept:application/xml
x-ms-client-request-id:bcbe163c-19a4-4ed5-95d8-a6be32181f97
x-ms-return-client-request-id:true
User-Agent:azsdk-net-Storage.Blobs/12.22.1 (.NET 8.0.26; Debian GNU/Linux 12 (bookworm))
x-ms-date:Sun, 14 Jun 2026 14:40:55 GMT
Authorization:REDACTED
client assembly: Azure.Storage.Blobs
2026-06-14T14:40:55.096 [Information] Response [bcbe163c-19a4-4ed5-95d8-a6be32181f97] 200 OK (00.0s)
ETag:"0x8DECA2268E017D6"
Server:Windows-Azure-Blob/1.0 Microsoft-HTTPAPI/2.0
x-ms-request-id:d92a0e23-501e-002a-580b-fcd29c000000
x-ms-client-request-id:bcbe163c-19a4-4ed5-95d8-a6be32181f97
x-ms-version:2024-11-04
x-ms-lease-id:efd72d50-4497-c861-fc81-eaea63d24d48
Date:Sun, 14 Jun 2026 14:40:54 GMT
Content-Length:0
Last-Modified:Sun, 14 Jun 2026 14:37:07 GMT
2026-06-14T14:41:01.564 [Information] Executing StatusCodeResult, setting HTTP status code 200
2026-06-14T14:41:07.062 [Information] Request [7740f10b-a952-48e2-a027-0c4d0aa21007] PUT https://insytprodstorage.blob.core.windows.net/azure-webjobs-hosts/locks/insyt-apc-worker-prod-v2/host?comp=lease
x-ms-lease-action:renew
x-ms-lease-id:efd72d50-4497-c861-fc81-eaea63d24d48
x-ms-version:2024-11-04
Accept:application/xml
x-ms-client-request-id:7740f10b-a952-48e2-a027-0c4d0aa21007
x-ms-return-client-request-id:true
User-Agent:azsdk-net-Storage.Blobs/12.22.1 (.NET 8.0.26; Debian GNU/Linux 12 (bookworm))
x-ms-date:Sun, 14 Jun 2026 14:41:07 GMT
Authorization:REDACTED
client assembly: Azure.Storage.Blobs
2026-06-14T14:41:07.095 [Information] Response [7740f10b-a952-48e2-a027-0c4d0aa21007] 200 OK (00.0s)
ETag:"0x8DECA2268E017D6"
Server:Windows-Azure-Blob/1.0 Microsoft-HTTPAPI/2.0
x-ms-request-id:d92a2f40-501e-002a-490b-fcd29c000000
x-ms-client-request-id:7740f10b-a952-48e2-a027-0c4d0aa21007
x-ms-version:2024-11-04
x-ms-lease-id:efd72d50-4497-c861-fc81-eaea63d24d48
Date:Sun, 14 Jun 2026 14:41:06 GMT
Content-Length:0
Last-Modified:Sun, 14 Jun 2026 14:37:07 GMT
2026-06-14T14:41:07.733 [Information] Request [2c355e97-3abb-42fc-962e-fa08a1694406] GET https://insytprodstorage.blob.core.windows.net/?comp=list&maxresults=1
x-ms-version:2024-11-04
Accept:application/xml
x-ms-client-request-id:2c355e97-3abb-42fc-962e-fa08a1694406
x-ms-return-client-request-id:true
User-Agent:azsdk-net-Storage.Blobs/12.22.1 (.NET 8.0.26; Debian GNU/Linux 12 (bookworm))
x-ms-date:Sun, 14 Jun 2026 14:41:07 GMT
Authorization:REDACTED
client assembly: Azure.Storage.Blobs
2026-06-14T14:41:07.765 [Information] Response [2c355e97-3abb-42fc-962e-fa08a1694406] 200 OK (00.0s)
Transfer-Encoding:chunked
Server:Windows-Azure-Blob/1.0 Microsoft-HTTPAPI/2.0
x-ms-request-id:d92a3085-501e-002a-650b-fcd29c000000
x-ms-client-request-id:2c355e97-3abb-42fc-962e-fa08a1694406
x-ms-version:2024-11-04
Date:Sun, 14 Jun 2026 14:41:07 GMT
Content-Type:application/xml
2026-06-14T14:41:11.609 [Information] Executing StatusCodeResult, setting HTTP status code 200
2026-06-14T14:41:12.887 [Information] Request [8164d6fb-ca61-4725-96a7-92db8eca12e5] GET https://insytprodstorage.queue.core.windows.net/apc-processing-jobs/messages?numofmessages=16&visibilitytimeout=600
x-ms-version:2025-11-05
Accept:application/xml
x-ms-client-request-id:8164d6fb-ca61-4725-96a7-92db8eca12e5
x-ms-return-client-request-id:true
User-Agent:azsdk-net-Storage.Queues/12.24.0 (.NET 8.0.26; Debian GNU/Linux 12 (bookworm))
x-ms-date:Sun, 14 Jun 2026 14:41:12 GMT
Authorization:REDACTED
client assembly: Azure.Storage.Queues
2026-06-14T14:41:12.918 [Information] Response [8164d6fb-ca61-4725-96a7-92db8eca12e5] 200 OK (00.0s)
Cache-Control:no-cache
Transfer-Encoding:chunked
Server:Windows-Azure-Queue/1.0 Microsoft-HTTPAPI/2.0
x-ms-request-id:36cf38e6-5003-002a-070b-fcd29c000000
x-ms-client-request-id:8164d6fb-ca61-4725-96a7-92db8eca12e5
x-ms-version:2025-11-05
Date:Sun, 14 Jun 2026 14:41:12 GMT
Content-Type:application/xml
2026-06-14T14:41:19.062 [Information] Request [d58dd9d5-c1fb-4001-8a95-290b1522c9e1] PUT https://insytprodstorage.blob.core.windows.net/azure-webjobs-hosts/locks/insyt-apc-worker-prod-v2/host?comp=lease
x-ms-lease-action:renew
x-ms-lease-id:efd72d50-4497-c861-fc81-eaea63d24d48
x-ms-version:2024-11-04
Accept:application/xml
x-ms-client-request-id:d58dd9d5-c1fb-4001-8a95-290b1522c9e1
x-ms-return-client-request-id:true
User-Agent:azsdk-net-Storage.Blobs/12.22.1 (.NET 8.0.26; Debian GNU/Linux 12 (bookworm))
x-ms-date:Sun, 14 Jun 2026 14:41:19 GMT
Authorization:REDACTED
client assembly: Azure.Storage.Blobs
2026-06-14T14:41:19.095 [Information] Response [d58dd9d5-c1fb-4001-8a95-290b1522c9e1] 200 OK (00.0s)
ETag:"0x8DECA2268E017D6"
Server:Windows-Azure-Blob/1.0 Microsoft-HTTPAPI/2.0
x-ms-request-id:d92a4e6d-501e-002a-400b-fcd29c000000
x-ms-client-request-id:d58dd9d5-c1fb-4001-8a95-290b1522c9e1
x-ms-version:2024-11-04
x-ms-lease-id:efd72d50-4497-c861-fc81-eaea63d24d48
Date:Sun, 14 Jun 2026 14:41:18 GMT
Content-Length:0
Last-Modified:Sun, 14 Jun 2026 14:37:07 GMT
2026-06-14T14:41:21.654 [Information] Executing StatusCodeResult, setting HTTP status code 200
2026-06-14T14:41:31.061 [Information] Request [f991d711-1097-4470-a7e1-1eb060bc7d4c] PUT https://insytprodstorage.blob.core.windows.net/azure-webjobs-hosts/locks/insyt-apc-worker-prod-v2/host?comp=lease
x-ms-lease-action:renew
x-ms-lease-id:efd72d50-4497-c861-fc81-eaea63d24d48
x-ms-version:2024-11-04
Accept:application/xml
x-ms-client-request-id:f991d711-1097-4470-a7e1-1eb060bc7d4c
x-ms-return-client-request-id:true
User-Agent:azsdk-net-Storage.Blobs/12.22.1 (.NET 8.0.26; Debian GNU/Linux 12 (bookworm))
x-ms-date:Sun, 14 Jun 2026 14:41:31 GMT
Authorization:REDACTED
client assembly: Azure.Storage.Blobs
2026-06-14T14:41:31.094 [Information] Response [f991d711-1097-4470-a7e1-1eb060bc7d4c] 200 OK (00.0s)
ETag:"0x8DECA2268E017D6"
Server:Windows-Azure-Blob/1.0 Microsoft-HTTPAPI/2.0
x-ms-request-id:d92a6c77-501e-002a-450b-fcd29c000000
x-ms-client-request-id:f991d711-1097-4470-a7e1-1eb060bc7d4c
x-ms-version:2024-11-04
x-ms-lease-id:efd72d50-4497-c861-fc81-eaea63d24d48
Date:Sun, 14 Jun 2026 14:41:30 GMT
Content-Length:0
Last-Modified:Sun, 14 Jun 2026 14:37:07 GMT
2026-06-14T14:41:31.684 [Information] Executing StatusCodeResult, setting HTTP status code 200
2026-06-14T14:41:37.765 [Information] Request [de99be17-c5d9-4d81-a554-d22d4e31f567] GET https://insytprodstorage.blob.core.windows.net/?comp=list&maxresults=1
x-ms-version:2024-11-04
Accept:application/xml
x-ms-client-request-id:de99be17-c5d9-4d81-a554-d22d4e31f567
x-ms-return-client-request-id:true
User-Agent:azsdk-net-Storage.Blobs/12.22.1 (.NET 8.0.26; Debian GNU/Linux 12 (bookworm))
x-ms-date:Sun, 14 Jun 2026 14:41:37 GMT
Authorization:REDACTED
client assembly: Azure.Storage.Blobs
2026-06-14T14:41:38.140 [Information] Response [de99be17-c5d9-4d81-a554-d22d4e31f567] 200 OK (00.4s)
Transfer-Encoding:chunked
Server:Windows-Azure-Blob/1.0 Microsoft-HTTPAPI/2.0
x-ms-request-id:529b6eb3-701e-00c9-5f0b-fcb061000000
x-ms-client-request-id:de99be17-c5d9-4d81-a554-d22d4e31f567
x-ms-version:2024-11-04
Date:Sun, 14 Jun 2026 14:41:37 GMT
Content-Type:application/xml
2026-06-14T14:41:41.717 [Information] Executing StatusCodeResult, setting HTTP status code 200
2026-06-14T14:41:43.061 [Information] Request [4e87d293-e3aa-4bc6-b63f-1db7763d8497] PUT https://insytprodstorage.blob.core.windows.net/azure-webjobs-hosts/locks/insyt-apc-worker-prod-v2/host?comp=lease
x-ms-lease-action:renew
x-ms-lease-id:efd72d50-4497-c861-fc81-eaea63d24d48
x-ms-version:2024-11-04
Accept:application/xml
x-ms-client-request-id:4e87d293-e3aa-4bc6-b63f-1db7763d8497
x-ms-return-client-request-id:true
User-Agent:azsdk-net-Storage.Blobs/12.22.1 (.NET 8.0.26; Debian GNU/Linux 12 (bookworm))
x-ms-date:Sun, 14 Jun 2026 14:41:43 GMT
Authorization:REDACTED
client assembly: Azure.Storage.Blobs
2026-06-14T14:41:43.095 [Information] Response [4e87d293-e3aa-4bc6-b63f-1db7763d8497] 200 OK (00.0s)
ETag:"0x8DECA2268E017D6"
Server:Windows-Azure-Blob/1.0 Microsoft-HTTPAPI/2.0
x-ms-request-id:529b7c36-701e-00c9-0a0b-fcb061000000
x-ms-client-request-id:4e87d293-e3aa-4bc6-b63f-1db7763d8497
x-ms-version:2024-11-04
x-ms-lease-id:efd72d50-4497-c861-fc81-eaea63d24d48
Date:Sun, 14 Jun 2026 14:41:42 GMT
Content-Length:0
Last-Modified:Sun, 14 Jun 2026 14:37:07 GMT
2026-06-14T14:41:51.755 [Information] Executing StatusCodeResult, setting HTTP status code 200
2026-06-14T14:41:55.061 [Information] Request [0500250f-d599-4968-9166-d65a1ddc1593] PUT https://insytprodstorage.blob.core.windows.net/azure-webjobs-hosts/locks/insyt-apc-worker-prod-v2/host?comp=lease
x-ms-lease-action:renew
x-ms-lease-id:efd72d50-4497-c861-fc81-eaea63d24d48
x-ms-version:2024-11-04
Accept:application/xml
x-ms-client-request-id:0500250f-d599-4968-9166-d65a1ddc1593
x-ms-return-client-request-id:true
User-Agent:azsdk-net-Storage.Blobs/12.22.1 (.NET 8.0.26; Debian GNU/Linux 12 (bookworm))
x-ms-date:Sun, 14 Jun 2026 14:41:55 GMT
Authorization:REDACTED
client assembly: Azure.Storage.Blobs
2026-06-14T14:41:55.094 [Information] Response [0500250f-d599-4968-9166-d65a1ddc1593] 200 OK (00.0s)
ETag:"0x8DECA2268E017D6"
Server:Windows-Azure-Blob/1.0 Microsoft-HTTPAPI/2.0
x-ms-request-id:529b9abf-701e-00c9-3f0b-fcb061000000
x-ms-client-request-id:0500250f-d599-4968-9166-d65a1ddc1593
x-ms-version:2024-11-04
x-ms-lease-id:efd72d50-4497-c861-fc81-eaea63d24d48
Date:Sun, 14 Jun 2026 14:41:54 GMT
Content-Length:0
Last-Modified:Sun, 14 Jun 2026 14:37:07 GMT
2026-06-14T14:42:01.796 [Information] Executing StatusCodeResult, setting HTTP status code 200
2026-06-14T14:42:07.065 [Information] Request [4f0268da-eb42-4da8-a78c-6f1e8e394de0] PUT https://insytprodstorage.blob.core.windows.net/azure-webjobs-hosts/locks/insyt-apc-worker-prod-v2/host?comp=lease
x-ms-lease-action:renew
x-ms-lease-id:efd72d50-4497-c861-fc81-eaea63d24d48
x-ms-version:2024-11-04
Accept:application/xml
x-ms-client-request-id:4f0268da-eb42-4da8-a78c-6f1e8e394de0
x-ms-return-client-request-id:true
User-Agent:azsdk-net-Storage.Blobs/12.22.1 (.NET 8.0.26; Debian GNU/Linux 12 (bookworm))
x-ms-date:Sun, 14 Jun 2026 14:42:07 GMT
Authorization:REDACTED
client assembly: Azure.Storage.Blobs
2026-06-14T14:42:07.100 [Information] Response [4f0268da-eb42-4da8-a78c-6f1e8e394de0] 200 OK (00.0s)
ETag:"0x8DECA2268E017D6"
Server:Windows-Azure-Blob/1.0 Microsoft-HTTPAPI/2.0
x-ms-request-id:529bc179-701e-00c9-5c0b-fcb061000000
x-ms-client-request-id:4f0268da-eb42-4da8-a78c-6f1e8e394de0
x-ms-version:2024-11-04
x-ms-lease-id:efd72d50-4497-c861-fc81-eaea63d24d48
Date:Sun, 14 Jun 2026 14:42:06 GMT
Content-Length:0
Last-Modified:Sun, 14 Jun 2026 14:37:07 GMT
2026-06-14T14:42:08.145 [Information] Request [f5b11195-4b69-4b40-80c7-e41877b67462] GET https://insytprodstorage.blob.core.windows.net/?comp=list&maxresults=1
x-ms-version:2024-11-04
Accept:application/xml
x-ms-client-request-id:f5b11195-4b69-4b40-80c7-e41877b67462
x-ms-return-client-request-id:true
User-Agent:azsdk-net-Storage.Blobs/12.22.1 (.NET 8.0.26; Debian GNU/Linux 12 (bookworm))
x-ms-date:Sun, 14 Jun 2026 14:42:08 GMT
Authorization:REDACTED
client assembly: Azure.Storage.Blobs
2026-06-14T14:42:08.178 [Information] Response [f5b11195-4b69-4b40-80c7-e41877b67462] 200 OK (00.0s)
Transfer-Encoding:chunked
Server:Windows-Azure-Blob/1.0 Microsoft-HTTPAPI/2.0
x-ms-request-id:529bc44f-701e-00c9-650b-fcb061000000
x-ms-client-request-id:f5b11195-4b69-4b40-80c7-e41877b67462
x-ms-version:2024-11-04
Date:Sun, 14 Jun 2026 14:42:07 GMT
Content-Type:application/xml
2026-06-14T14:42:11.614 [Information] Request [b41dae1c-817b-4665-9efa-ab3ff7ab9074] GET https://insytprodstorage.queue.core.windows.net/apc-processing-jobs/messages?numofmessages=16&visibilitytimeout=600
x-ms-version:2025-11-05
Accept:application/xml
x-ms-client-request-id:b41dae1c-817b-4665-9efa-ab3ff7ab9074
x-ms-return-client-request-id:true
User-Agent:azsdk-net-Storage.Queues/12.24.0 (.NET 8.0.26; Debian GNU/Linux 12 (bookworm))
x-ms-date:Sun, 14 Jun 2026 14:42:11 GMT
Authorization:REDACTED
client assembly: Azure.Storage.Queues
2026-06-14T14:42:11.787 [Information] Response [b41dae1c-817b-4665-9efa-ab3ff7ab9074] 200 OK (00.2s)
Cache-Control:no-cache
Transfer-Encoding:chunked
Server:Windows-Azure-Queue/1.0 Microsoft-HTTPAPI/2.0
x-ms-request-id:36cf8042-5003-002a-580b-fcd29c000000
x-ms-client-request-id:b41dae1c-817b-4665-9efa-ab3ff7ab9074
x-ms-version:2025-11-05
Date:Sun, 14 Jun 2026 14:42:11 GMT
Content-Type:application/xml
2026-06-14T14:42:11.839 [Information] Executing StatusCodeResult, setting HTTP status code 200
2026-06-14T14:42:19.065 [Information] Request [231d8732-9d45-4aed-960c-bb96d8d95e2e] PUT https://insytprodstorage.blob.core.windows.net/azure-webjobs-hosts/locks/insyt-apc-worker-prod-v2/host?comp=lease
x-ms-lease-action:renew
x-ms-lease-id:efd72d50-4497-c861-fc81-eaea63d24d48
x-ms-version:2024-11-04
Accept:application/xml
x-ms-client-request-id:231d8732-9d45-4aed-960c-bb96d8d95e2e
x-ms-return-client-request-id:true
User-Agent:azsdk-net-Storage.Blobs/12.22.1 (.NET 8.0.26; Debian GNU/Linux 12 (bookworm))
x-ms-date:Sun, 14 Jun 2026 14:42:19 GMT
Authorization:REDACTED
client assembly: Azure.Storage.Blobs
2026-06-14T14:42:19.098 [Information] Response [231d8732-9d45-4aed-960c-bb96d8d95e2e] 200 OK (00.0s)
ETag:"0x8DECA2268E017D6"
Server:Windows-Azure-Blob/1.0 Microsoft-HTTPAPI/2.0
x-ms-request-id:529be184-701e-00c9-630c-fcb061000000
x-ms-client-request-id:231d8732-9d45-4aed-960c-bb96d8d95e2e
x-ms-version:2024-11-04
x-ms-lease-id:efd72d50-4497-c861-fc81-eaea63d24d48
Date:Sun, 14 Jun 2026 14:42:18 GMT
Content-Length:0
Last-Modified:Sun, 14 Jun 2026 14:37:07 GMT
2026-06-14T14:42:21.869 [Information] Executing StatusCodeResult, setting HTTP status code 200
2026-06-14T14:42:31.065 [Information] Request [442d0da7-e1ce-4c5d-a1ff-bc054690ce5d] PUT https://insytprodstorage.blob.core.windows.net/azure-webjobs-hosts/locks/insyt-apc-worker-prod-v2/host?comp=lease
x-ms-lease-action:renew
x-ms-lease-id:efd72d50-4497-c861-fc81-eaea63d24d48
x-ms-version:2024-11-04
Accept:application/xml
x-ms-client-request-id:442d0da7-e1ce-4c5d-a1ff-bc054690ce5d
x-ms-return-client-request-id:true
User-Agent:azsdk-net-Storage.Blobs/12.22.1 (.NET 8.0.26; Debian GNU/Linux 12 (bookworm))
x-ms-date:Sun, 14 Jun 2026 14:42:31 GMT
Authorization:REDACTED
client assembly: Azure.Storage.Blobs
2026-06-14T14:42:31.098 [Information] Response [442d0da7-e1ce-4c5d-a1ff-bc054690ce5d] 200 OK (00.0s)
ETag:"0x8DECA2268E017D6"
Server:Windows-Azure-Blob/1.0 Microsoft-HTTPAPI/2.0
x-ms-request-id:529c0202-701e-00c9-2a0c-fcb061000000
x-ms-client-request-id:442d0da7-e1ce-4c5d-a1ff-bc054690ce5d
x-ms-version:2024-11-04
x-ms-lease-id:efd72d50-4497-c861-fc81-eaea63d24d48
Date:Sun, 14 Jun 2026 14:42:30 GMT
Content-Length:0
Last-Modified:Sun, 14 Jun 2026 14:37:07 GMT
2026-06-14T14:42:31.904 [Information] Executing StatusCodeResult, setting HTTP status code 200
2026-06-14T14:42:38.178 [Information] Request [e2ece480-4cf4-4934-b5db-363a3cf9cc20] GET https://insytprodstorage.blob.core.windows.net/?comp=list&maxresults=1
x-ms-version:2024-11-04
Accept:application/xml
x-ms-client-request-id:e2ece480-4cf4-4934-b5db-363a3cf9cc20
x-ms-return-client-request-id:true
User-Agent:azsdk-net-Storage.Blobs/12.22.1 (.NET 8.0.26; Debian GNU/Linux 12 (bookworm))
x-ms-date:Sun, 14 Jun 2026 14:42:38 GMT
Authorization:REDACTED
client assembly: Azure.Storage.Blobs
2026-06-14T14:42:38.211 [Information] Response [e2ece480-4cf4-4934-b5db-363a3cf9cc20] 200 OK (00.0s)
Transfer-Encoding:chunked
Server:Windows-Azure-Blob/1.0 Microsoft-HTTPAPI/2.0
x-ms-request-id:529c1794-701e-00c9-1e0c-fcb061000000
x-ms-client-request-id:e2ece480-4cf4-4934-b5db-363a3cf9cc20
x-ms-version:2024-11-04
Date:Sun, 14 Jun 2026 14:42:37 GMT
Content-Type:application/xml
2026-06-14T14:42:41.933 [Information] Executing StatusCodeResult, setting HTTP status code 200
2026-06-14T14:42:43.062 [Information] Request [cfe9a673-a6d2-4ae4-8cf1-55258ebc8ac8] PUT https://insytprodstorage.blob.core.windows.net/azure-webjobs-hosts/locks/insyt-apc-worker-prod-v2/host?comp=lease
x-ms-lease-action:renew
x-ms-lease-id:efd72d50-4497-c861-fc81-eaea63d24d48
x-ms-version:2024-11-04
Accept:application/xml
x-ms-client-request-id:cfe9a673-a6d2-4ae4-8cf1-55258ebc8ac8
x-ms-return-client-request-id:true
User-Agent:azsdk-net-Storage.Blobs/12.22.1 (.NET 8.0.26; Debian GNU/Linux 12 (bookworm))
x-ms-date:Sun, 14 Jun 2026 14:42:43 GMT
Authorization:REDACTED
client assembly: Azure.Storage.Blobs
2026-06-14T14:42:43.095 [Information] Response [cfe9a673-a6d2-4ae4-8cf1-55258ebc8ac8] 200 OK (00.0s)
ETag:"0x8DECA2268E017D6"
Server:Windows-Azure-Blob/1.0 Microsoft-HTTPAPI/2.0
x-ms-request-id:529c27da-701e-00c9-680c-fcb061000000
x-ms-client-request-id:cfe9a673-a6d2-4ae4-8cf1-55258ebc8ac8
x-ms-version:2024-11-04
x-ms-lease-id:efd72d50-4497-c861-fc81-eaea63d24d48
Date:Sun, 14 Jun 2026 14:42:42 GMT
Content-Length:0
Last-Modified:Sun, 14 Jun 2026 14:37:07 GMT
2026-06-14T14:42:51.973 [Information] Executing StatusCodeResult, setting HTTP status code 200
2026-06-14T14:42:55.061 [Information] Request [0fa08e9a-5966-4c99-ac1a-e446164a6e5b] PUT https://insytprodstorage.blob.core.windows.net/azure-webjobs-hosts/locks/insyt-apc-worker-prod-v2/host?comp=lease
x-ms-lease-action:renew
x-ms-lease-id:efd72d50-4497-c861-fc81-eaea63d24d48
x-ms-version:2024-11-04
Accept:application/xml
x-ms-client-request-id:0fa08e9a-5966-4c99-ac1a-e446164a6e5b
x-ms-return-client-request-id:true
User-Agent:azsdk-net-Storage.Blobs/12.22.1 (.NET 8.0.26; Debian GNU/Linux 12 (bookworm))
x-ms-date:Sun, 14 Jun 2026 14:42:55 GMT
Authorization:REDACTED
client assembly: Azure.Storage.Blobs
2026-06-14T14:42:55.094 [Information] Response [0fa08e9a-5966-4c99-ac1a-e446164a6e5b] 200 OK (00.0s)
ETag:"0x8DECA2268E017D6"
Server:Windows-Azure-Blob/1.0 Microsoft-HTTPAPI/2.0
x-ms-request-id:529c4dcb-701e-00c9-0d0c-fcb061000000
x-ms-client-request-id:0fa08e9a-5966-4c99-ac1a-e446164a6e5b
x-ms-version:2024-11-04
x-ms-lease-id:efd72d50-4497-c861-fc81-eaea63d24d48
Date:Sun, 14 Jun 2026 14:42:54 GMT
Content-Length:0
Last-Modified:Sun, 14 Jun 2026 14:37:07 GMT
2026-06-14T14:43:02.002 [Information] Executing StatusCodeResult, setting HTTP status code 200
2026-06-14T14:43:07.063 [Information] Request [2602d0ac-6748-4c2e-993a-e64953e97b67] PUT https://insytprodstorage.blob.core.windows.net/azure-webjobs-hosts/locks/insyt-apc-worker-prod-v2/host?comp=lease
x-ms-lease-action:renew
x-ms-lease-id:efd72d50-4497-c861-fc81-eaea63d24d48
x-ms-version:2024-11-04
Accept:application/xml
x-ms-client-request-id:2602d0ac-6748-4c2e-993a-e64953e97b67
x-ms-return-client-request-id:true
User-Agent:azsdk-net-Storage.Blobs/12.22.1 (.NET 8.0.26; Debian GNU/Linux 12 (bookworm))
x-ms-date:Sun, 14 Jun 2026 14:43:07 GMT
Authorization:REDACTED
client assembly: Azure.Storage.Blobs
2026-06-14T14:43:07.097 [Information] Response [2602d0ac-6748-4c2e-993a-e64953e97b67] 200 OK (00.0s)
ETag:"0x8DECA2268E017D6"
Server:Windows-Azure-Blob/1.0 Microsoft-HTTPAPI/2.0
x-ms-request-id:529c714f-701e-00c9-050c-fcb061000000
x-ms-client-request-id:2602d0ac-6748-4c2e-993a-e64953e97b67
x-ms-version:2024-11-04
x-ms-lease-id:efd72d50-4497-c861-fc81-eaea63d24d48
Date:Sun, 14 Jun 2026 14:43:06 GMT
Content-Length:0
Last-Modified:Sun, 14 Jun 2026 14:37:07 GMT
2026-06-14T14:43:08.209 [Information] Request [112012f7-0d14-4033-adee-7b6697c59b21] GET https://insytprodstorage.blob.core.windows.net/?comp=list&maxresults=1
x-ms-version:2024-11-04
Accept:application/xml
x-ms-client-request-id:112012f7-0d14-4033-adee-7b6697c59b21
x-ms-return-client-request-id:true
User-Agent:azsdk-net-Storage.Blobs/12.22.1 (.NET 8.0.26; Debian GNU/Linux 12 (bookworm))
x-ms-date:Sun, 14 Jun 2026 14:43:08 GMT
Authorization:REDACTED
client assembly: Azure.Storage.Blobs
2026-06-14T14:43:08.241 [Information] Response [112012f7-0d14-4033-adee-7b6697c59b21] 200 OK (00.0s)
Transfer-Encoding:chunked
Server:Windows-Azure-Blob/1.0 Microsoft-HTTPAPI/2.0
x-ms-request-id:529c74af-701e-00c9-070c-fcb061000000
x-ms-client-request-id:112012f7-0d14-4033-adee-7b6697c59b21
x-ms-version:2024-11-04
Date:Sun, 14 Jun 2026 14:43:07 GMT
Content-Type:application/xml
2026-06-14T14:43:11.785 [Information] Request [ce48a2fd-791d-40da-86d3-4d7d336ba499] GET https://insytprodstorage.queue.core.windows.net/apc-processing-jobs/messages?numofmessages=16&visibilitytimeout=600
x-ms-version:2025-11-05
Accept:application/xml
x-ms-client-request-id:ce48a2fd-791d-40da-86d3-4d7d336ba499
x-ms-return-client-request-id:true
User-Agent:azsdk-net-Storage.Queues/12.24.0 (.NET 8.0.26; Debian GNU/Linux 12 (bookworm))
x-ms-date:Sun, 14 Jun 2026 14:43:11 GMT
Authorization:REDACTED
client assembly: Azure.Storage.Queues
2026-06-14T14:43:11.819 [Information] Response [ce48a2fd-791d-40da-86d3-4d7d336ba499] 200 OK (00.0s)
Cache-Control:no-cache
Transfer-Encoding:chunked
Server:Windows-Azure-Queue/1.0 Microsoft-HTTPAPI/2.0
x-ms-request-id:36cfc082-5003-002a-700c-fcd29c000000
x-ms-client-request-id:ce48a2fd-791d-40da-86d3-4d7d336ba499
x-ms-version:2025-11-05
Date:Sun, 14 Jun 2026 14:43:11 GMT
Content-Type:application/xml
2026-06-14T14:43:12.047 [Information] Executing StatusCodeResult, setting HTTP status code 200
2026-06-14T14:43:19.062 [Information] Request [644c37b5-605d-4667-9706-6650a5c999f3] PUT https://insytprodstorage.blob.core.windows.net/azure-webjobs-hosts/locks/insyt-apc-worker-prod-v2/host?comp=lease
x-ms-lease-action:renew
x-ms-lease-id:efd72d50-4497-c861-fc81-eaea63d24d48
x-ms-version:2024-11-04
Accept:application/xml
x-ms-client-request-id:644c37b5-605d-4667-9706-6650a5c999f3
x-ms-return-client-request-id:true
User-Agent:azsdk-net-Storage.Blobs/12.22.1 (.NET 8.0.26; Debian GNU/Linux 12 (bookworm))
x-ms-date:Sun, 14 Jun 2026 14:43:19 GMT
Authorization:REDACTED
client assembly: Azure.Storage.Blobs
2026-06-14T14:43:19.095 [Information] Response [644c37b5-605d-4667-9706-6650a5c999f3] 200 OK (00.0s)
ETag:"0x8DECA2268E017D6"
Server:Windows-Azure-Blob/1.0 Microsoft-HTTPAPI/2.0
x-ms-request-id:529c95ff-701e-00c9-230c-fcb061000000
x-ms-client-request-id:644c37b5-605d-4667-9706-6650a5c999f3
x-ms-version:2024-11-04
x-ms-lease-id:efd72d50-4497-c861-fc81-eaea63d24d48
Date:Sun, 14 Jun 2026 14:43:18 GMT
Content-Length:0
Last-Modified:Sun, 14 Jun 2026 14:37:07 GMT
2026-06-14T14:43:22.090 [Information] Executing StatusCodeResult, setting HTTP status code 200
2026-06-14T14:43:31.061 [Information] Request [a6d5500b-40be-41ca-a871-39bec68d2ebd] PUT https://insytprodstorage.blob.core.windows.net/azure-webjobs-hosts/locks/insyt-apc-worker-prod-v2/host?comp=lease
x-ms-lease-action:renew
x-ms-lease-id:efd72d50-4497-c861-fc81-eaea63d24d48
x-ms-version:2024-11-04
Accept:application/xml
x-ms-client-request-id:a6d5500b-40be-41ca-a871-39bec68d2ebd
x-ms-return-client-request-id:true
User-Agent:azsdk-net-Storage.Blobs/12.22.1 (.NET 8.0.26; Debian GNU/Linux 12 (bookworm))
x-ms-date:Sun, 14 Jun 2026 14:43:31 GMT
Authorization:REDACTED
client assembly: Azure.Storage.Blobs
2026-06-14T14:43:31.094 [Information] Response [a6d5500b-40be-41ca-a871-39bec68d2ebd] 200 OK (00.0s)
ETag:"0x8DECA2268E017D6"
Server:Windows-Azure-Blob/1.0 Microsoft-HTTPAPI/2.0
x-ms-request-id:529cb789-701e-00c9-770c-fcb061000000
x-ms-client-request-id:a6d5500b-40be-41ca-a871-39bec68d2ebd
x-ms-version:2024-11-04
x-ms-lease-id:efd72d50-4497-c861-fc81-eaea63d24d48
Date:Sun, 14 Jun 2026 14:43:30 GMT
Content-Length:0
Last-Modified:Sun, 14 Jun 2026 14:37:07 GMT
2026-06-14T14:43:32.132 [Information] Executing StatusCodeResult, setting HTTP status code 200
2026-06-14T14:43:38.243 [Information] Request [ab7c5e91-6f19-4c60-8126-a4f8b28f8e37] GET https://insytprodstorage.blob.core.windows.net/?comp=list&maxresults=1
x-ms-version:2024-11-04
Accept:application/xml
x-ms-client-request-id:ab7c5e91-6f19-4c60-8126-a4f8b28f8e37
x-ms-return-client-request-id:true
User-Agent:azsdk-net-Storage.Blobs/12.22.1 (.NET 8.0.26; Debian GNU/Linux 12 (bookworm))
x-ms-date:Sun, 14 Jun 2026 14:43:38 GMT
Authorization:REDACTED
client assembly: Azure.Storage.Blobs
2026-06-14T14:43:38.276 [Information] Response [ab7c5e91-6f19-4c60-8126-a4f8b28f8e37] 200 OK (00.0s)
Transfer-Encoding:chunked
Server:Windows-Azure-Blob/1.0 Microsoft-HTTPAPI/2.0
x-ms-request-id:529ccc11-701e-00c9-5a0c-fcb061000000
x-ms-client-request-id:ab7c5e91-6f19-4c60-8126-a4f8b28f8e37
x-ms-version:2024-11-04
Date:Sun, 14 Jun 2026 14:43:37 GMT
Content-Type:application/xml
2026-06-14T14:43:42.170 [Information] Executing StatusCodeResult, setting HTTP status code 200
2026-06-14T14:43:43.062 [Information] Request [bc5e4928-2331-4e48-8534-d191a87d4a40] PUT https://insytprodstorage.blob.core.windows.net/azure-webjobs-hosts/locks/insyt-apc-worker-prod-v2/host?comp=lease
x-ms-lease-action:renew
x-ms-lease-id:efd72d50-4497-c861-fc81-eaea63d24d48
x-ms-version:2024-11-04
Accept:application/xml
x-ms-client-request-id:bc5e4928-2331-4e48-8534-d191a87d4a40
x-ms-return-client-request-id:true
User-Agent:azsdk-net-Storage.Blobs/12.22.1 (.NET 8.0.26; Debian GNU/Linux 12 (bookworm))
x-ms-date:Sun, 14 Jun 2026 14:43:43 GMT
Authorization:REDACTED
client assembly: Azure.Storage.Blobs
2026-06-14T14:43:43.094 [Information] Response [bc5e4928-2331-4e48-8534-d191a87d4a40] 200 OK (00.0s)
ETag:"0x8DECA2268E017D6"
Server:Windows-Azure-Blob/1.0 Microsoft-HTTPAPI/2.0
x-ms-request-id:529cd92a-701e-00c9-780c-fcb061000000
x-ms-client-request-id:bc5e4928-2331-4e48-8534-d191a87d4a40
x-ms-version:2024-11-04
x-ms-lease-id:efd72d50-4497-c861-fc81-eaea63d24d48
Date:Sun, 14 Jun 2026 14:43:42 GMT
Content-Length:0
Last-Modified:Sun, 14 Jun 2026 14:37:07 GMT
2026-06-14T14:43:52.212 [Information] Executing StatusCodeResult, setting HTTP status code 200
2026-06-14T14:43:55.062 [Information] Request [58befafc-faa6-4ad3-b303-81a77eada9b1] PUT https://insytprodstorage.blob.core.windows.net/azure-webjobs-hosts/locks/insyt-apc-worker-prod-v2/host?comp=lease
x-ms-lease-action:renew
x-ms-lease-id:efd72d50-4497-c861-fc81-eaea63d24d48
x-ms-version:2024-11-04
Accept:application/xml
x-ms-client-request-id:58befafc-faa6-4ad3-b303-81a77eada9b1
x-ms-return-client-request-id:true
User-Agent:azsdk-net-Storage.Blobs/12.22.1 (.NET 8.0.26; Debian GNU/Linux 12 (bookworm))
x-ms-date:Sun, 14 Jun 2026 14:43:55 GMT
Authorization:REDACTED
client assembly: Azure.Storage.Blobs
2026-06-14T14:43:55.095 [Information] Response [58befafc-faa6-4ad3-b303-81a77eada9b1] 200 OK (00.0s)
ETag:"0x8DECA2268E017D6"
Server:Windows-Azure-Blob/1.0 Microsoft-HTTPAPI/2.0
x-ms-request-id:529cfbc1-701e-00c9-370c-fcb061000000
x-ms-client-request-id:58befafc-faa6-4ad3-b303-81a77eada9b1
x-ms-version:2024-11-04
x-ms-lease-id:efd72d50-4497-c861-fc81-eaea63d24d48
Date:Sun, 14 Jun 2026 14:43:54 GMT
Content-Length:0
Last-Modified:Sun, 14 Jun 2026 14:37:07 GMT
2026-06-14T14:44:02.242 [Information] Executing StatusCodeResult, setting HTTP status code 200
2026-06-14T14:44:07.065 [Information] Request [f27c6b92-7135-4bfa-a21a-1d19a02ef904] PUT https://insytprodstorage.blob.core.windows.net/azure-webjobs-hosts/locks/insyt-apc-worker-prod-v2/host?comp=lease
x-ms-lease-action:renew
x-ms-lease-id:efd72d50-4497-c861-fc81-eaea63d24d48
x-ms-version:2024-11-04
Accept:application/xml
x-ms-client-request-id:f27c6b92-7135-4bfa-a21a-1d19a02ef904
x-ms-return-client-request-id:true
User-Agent:azsdk-net-Storage.Blobs/12.22.1 (.NET 8.0.26; Debian GNU/Linux 12 (bookworm))
x-ms-date:Sun, 14 Jun 2026 14:44:07 GMT
Authorization:REDACTED
client assembly: Azure.Storage.Blobs
2026-06-14T14:44:07.100 [Information] Response [f27c6b92-7135-4bfa-a21a-1d19a02ef904] 200 OK (00.0s)
ETag:"0x8DECA2268E017D6"
Server:Windows-Azure-Blob/1.0 Microsoft-HTTPAPI/2.0
x-ms-request-id:529d27a9-701e-00c9-5a0c-fcb061000000
x-ms-client-request-id:f27c6b92-7135-4bfa-a21a-1d19a02ef904
x-ms-version:2024-11-04
x-ms-lease-id:efd72d50-4497-c861-fc81-eaea63d24d48
Date:Sun, 14 Jun 2026 14:44:06 GMT
Content-Length:0
Last-Modified:Sun, 14 Jun 2026 14:37:07 GMT
2026-06-14T14:44:08.279 [Information] Request [85b60bec-e454-4b67-8077-08f51dc53aaa] GET https://insytprodstorage.blob.core.windows.net/?comp=list&maxresults=1
x-ms-version:2024-11-04
Accept:application/xml
x-ms-client-request-id:85b60bec-e454-4b67-8077-08f51dc53aaa
x-ms-return-client-request-id:true
User-Agent:azsdk-net-Storage.Blobs/12.22.1 (.NET 8.0.26; Debian GNU/Linux 12 (bookworm))
x-ms-date:Sun, 14 Jun 2026 14:44:08 GMT
Authorization:REDACTED
client assembly: Azure.Storage.Blobs
2026-06-14T14:44:08.312 [Information] Response [85b60bec-e454-4b67-8077-08f51dc53aaa] 200 OK (00.0s)
Transfer-Encoding:chunked
Server:Windows-Azure-Blob/1.0 Microsoft-HTTPAPI/2.0
x-ms-request-id:529d2bf5-701e-00c9-390c-fcb061000000
x-ms-client-request-id:85b60bec-e454-4b67-8077-08f51dc53aaa
x-ms-version:2024-11-04
Date:Sun, 14 Jun 2026 14:44:07 GMT
Content-Type:application/xml
2026-06-14T14:44:11.821 [Information] Request [9f6af073-4a88-42d8-8c04-8be5627399ab] GET https://insytprodstorage.queue.core.windows.net/apc-processing-jobs/messages?numofmessages=16&visibilitytimeout=600
x-ms-version:2025-11-05
Accept:application/xml
x-ms-client-request-id:9f6af073-4a88-42d8-8c04-8be5627399ab
x-ms-return-client-request-id:true
User-Agent:azsdk-net-Storage.Queues/12.24.0 (.NET 8.0.26; Debian GNU/Linux 12 (bookworm))
x-ms-date:Sun, 14 Jun 2026 14:44:11 GMT
Authorization:REDACTED
client assembly: Azure.Storage.Queues
2026-06-14T14:44:11.856 [Information] Response [9f6af073-4a88-42d8-8c04-8be5627399ab] 200 OK (00.0s)
Cache-Control:no-cache
Transfer-Encoding:chunked
Server:Windows-Azure-Queue/1.0 Microsoft-HTTPAPI/2.0
x-ms-request-id:36d01472-5003-002a-6c0c-fcd29c000000
x-ms-client-request-id:9f6af073-4a88-42d8-8c04-8be5627399ab
x-ms-version:2025-11-05
Date:Sun, 14 Jun 2026 14:44:11 GMT
Content-Type:application/xml
2026-06-14T14:44:11.858 [Information] Executing 'Functions.apc_processing_queue_worker' (Reason='New queue message detected on 'apc-processing-jobs'.', Id=07f57a08-cf8f-4982-b7e0-34972deba2b3)
2026-06-14T14:44:11.858 [Information] Trigger Details: MessageId: da77ba78-bb1b-4308-aec7-3ac93d93d0f8, DequeueCount: 1, InsertedOn: 2026-06-14T14:44:06.000+00:00
2026-06-14T14:44:11.858 [Information] Request [f1c22516-5c3f-429a-8e5a-45757a3bed8b] GET https://insytprodstorage.queue.core.windows.net/apc-processing-jobs/messages?numofmessages=16&visibilitytimeout=600
x-ms-version:2025-11-05
Accept:application/xml
x-ms-client-request-id:f1c22516-5c3f-429a-8e5a-45757a3bed8b
x-ms-return-client-request-id:true
User-Agent:azsdk-net-Storage.Queues/12.24.0 (.NET 8.0.26; Debian GNU/Linux 12 (bookworm))
x-ms-date:Sun, 14 Jun 2026 14:44:11 GMT
Authorization:REDACTED
client assembly: Azure.Storage.Queues
2026-06-14T14:44:11.861 [Information] APC processing worker received queue message.
2026-06-14T14:44:11.861 [Information] {"job_id": "JOB-3412B9794B724D12", "workspace": "capture", "client": "Client Demo2", "project": "Project Demo2", "matter_id": "Project Demo2-AZURE-RUN", "doc_prefix": "INSYT", "enable_ocr_dry_run": true, "enable_live_ocr": false, "azure_write": true, "overwrite": true, "clean_staging": false, "auto_archive_uploads": true, "requested_by": "Nathaniel", "requested_at": "2026-06-14T14:44:05.668503+00:00", "request_blob_path": "capture/Client Demo2/Project Demo2/processing_center/jobs/JOB-3412B9794B724D12/request.json", "status_blob_path": "capture/Client Demo2/Project Demo2/processing_center/jobs/JOB-3412B9794B724D12/status.json", "cancel_blob_path": "capture/Client Demo2/Project Demo2/processing_center/jobs/JOB-3412B9794B724D12/cancel_request.json"}
2026-06-14T14:44:11.863 [Information] No environment configuration found.
2026-06-14T14:44:11.863 [Information] ManagedIdentityCredential will use App Service managed identity
2026-06-14T14:44:11.889 [Information] Response [f1c22516-5c3f-429a-8e5a-45757a3bed8b] 200 OK (00.0s)
Cache-Control:no-cache
Transfer-Encoding:chunked
Server:Windows-Azure-Queue/1.0 Microsoft-HTTPAPI/2.0
x-ms-request-id:36d01485-5003-002a-7b0c-fcd29c000000
x-ms-client-request-id:f1c22516-5c3f-429a-8e5a-45757a3bed8b
x-ms-version:2025-11-05
Date:Sun, 14 Jun 2026 14:44:11 GMT
Content-Type:application/xml
2026-06-14T14:44:11.926 [Information] Request URL: 'http://169.254.129.6:8081/msi/token?api-version=2019-08-01&resource=REDACTED'
Request method: 'GET'
Request headers:
    'X-IDENTITY-HEADER': 'REDACTED'
    'Metadata': 'REDACTED'
    'User-Agent': 'azsdk-python-identity/1.25.3 Python/3.12.13 (Linux-6.6.138.1-1.azl3-x86_64-with-glibc2.36)'
No body was attached to the request
2026-06-14T14:44:11.990 [Information] Request [92a40249-8d39-40f0-994b-921a8ab7c0ff] GET https://insytprodstorage.queue.core.windows.net/apc-processing-jobs/messages?numofmessages=16&visibilitytimeout=600
x-ms-version:2025-11-05
Accept:application/xml
x-ms-client-request-id:92a40249-8d39-40f0-994b-921a8ab7c0ff
x-ms-return-client-request-id:true
User-Agent:azsdk-net-Storage.Queues/12.24.0 (.NET 8.0.26; Debian GNU/Linux 12 (bookworm))
x-ms-date:Sun, 14 Jun 2026 14:44:11 GMT
Authorization:REDACTED
client assembly: Azure.Storage.Queues
2026-06-14T14:44:12.020 [Information] Response [92a40249-8d39-40f0-994b-921a8ab7c0ff] 200 OK (00.0s)
Cache-Control:no-cache
Transfer-Encoding:chunked
Server:Windows-Azure-Queue/1.0 Microsoft-HTTPAPI/2.0
x-ms-request-id:36d014a2-5003-002a-170c-fcd29c000000
x-ms-client-request-id:92a40249-8d39-40f0-994b-921a8ab7c0ff
x-ms-version:2025-11-05
Date:Sun, 14 Jun 2026 14:44:11 GMT
Content-Type:application/xml
2026-06-14T14:44:12.086 [Information] Response status: 200
Response headers:
    'Content-Type': 'application/json; charset=utf-8'
    'Date': 'Sun, 14 Jun 2026 14:44:11 GMT'
    'Server': 'Kestrel'
    'Transfer-Encoding': 'chunked'
    'X-CORRELATION-ID': 'REDACTED'
2026-06-14T14:44:12.089 [Information] DefaultAzureCredential acquired a token from ManagedIdentityCredential
2026-06-14T14:44:12.089 [Information] Request URL: 'https://insytprodstorage.blob.core.windows.net/insyt-capture/capture/Client%20Demo2/Project%20Demo2/processing_center/jobs/JOB-3412B9794B724D12/status.json'
Request method: 'GET'
Request headers:
    'x-ms-range': 'REDACTED'
    'x-ms-version': 'REDACTED'
    'Accept': 'application/xml'
    'User-Agent': 'azsdk-python-storage-blob/12.30.0 Python/3.12.13 (Linux-6.6.138.1-1.azl3-x86_64-with-glibc2.36)'
    'x-ms-date': 'REDACTED'
    'x-ms-client-request-id': '81ec34d0-67ff-11f1-8bea-c6d42bd80672'
    'Authorization': 'REDACTED'
No body was attached to the request
2026-06-14T14:44:12.221 [Information] Request [5aa97ede-2383-48c7-9b43-07b94cba7b80] GET https://insytprodstorage.queue.core.windows.net/apc-processing-jobs/messages?numofmessages=16&visibilitytimeout=600
x-ms-version:2025-11-05
Accept:application/xml
x-ms-client-request-id:5aa97ede-2383-48c7-9b43-07b94cba7b80
x-ms-return-client-request-id:true
User-Agent:azsdk-net-Storage.Queues/12.24.0 (.NET 8.0.26; Debian GNU/Linux 12 (bookworm))
x-ms-date:Sun, 14 Jun 2026 14:44:12 GMT
Authorization:REDACTED
client assembly: Azure.Storage.Queues
2026-06-14T14:44:12.251 [Information] Response [5aa97ede-2383-48c7-9b43-07b94cba7b80] 200 OK (00.0s)
Cache-Control:no-cache
Transfer-Encoding:chunked
Server:Windows-Azure-Queue/1.0 Microsoft-HTTPAPI/2.0
x-ms-request-id:36d014f8-5003-002a-680c-fcd29c000000
x-ms-client-request-id:5aa97ede-2383-48c7-9b43-07b94cba7b80
x-ms-version:2025-11-05
Date:Sun, 14 Jun 2026 14:44:11 GMT
Content-Type:application/xml
2026-06-14T14:44:12.285 [Information] Response status: 206
Response headers:
    'Content-Length': '712'
    'Content-Type': 'application/json'
    'Content-Range': 'REDACTED'
    'Last-Modified': 'Sun, 14 Jun 2026 14:44:05 GMT'
    'Accept-Ranges': 'REDACTED'
    'ETag': '"0x8DECA23628E9512"'
    'Server': 'Windows-Azure-Blob/1.0 Microsoft-HTTPAPI/2.0'
    'x-ms-request-id': 'd92beec6-501e-002a-160c-fcd29c000000'
    'x-ms-client-request-id': '81ec34d0-67ff-11f1-8bea-c6d42bd80672'
    'x-ms-version': 'REDACTED'
    'x-ms-version-id': 'REDACTED'
    'x-ms-is-current-version': 'REDACTED'
    'x-ms-creation-time': 'REDACTED'
    'x-ms-blob-content-md5': 'REDACTED'
    'x-ms-lease-status': 'REDACTED'
    'x-ms-lease-state': 'REDACTED'
    'x-ms-blob-type': 'REDACTED'
    'x-ms-server-encrypted': 'REDACTED'
    'x-ms-access-tier': 'REDACTED'
    'x-ms-access-tier-inferred': 'REDACTED'
    'Date': 'Sun, 14 Jun 2026 14:44:11 GMT'
2026-06-14T14:44:12.286 [Information] No environment configuration found.
2026-06-14T14:44:12.288 [Information] ManagedIdentityCredential will use App Service managed identity
2026-06-14T14:44:12.289 [Information] Request URL: 'http://169.254.129.6:8081/msi/token?api-version=2019-08-01&resource=REDACTED'
Request method: 'GET'
Request headers:
    'X-IDENTITY-HEADER': 'REDACTED'
    'Metadata': 'REDACTED'
    'User-Agent': 'azsdk-python-identity/1.25.3 Python/3.12.13 (Linux-6.6.138.1-1.azl3-x86_64-with-glibc2.36)'
No body was attached to the request
2026-06-14T14:44:12.300 [Information] Response status: 200
Response headers:
    'Content-Type': 'application/json; charset=utf-8'
    'Date': 'Sun, 14 Jun 2026 14:44:11 GMT'
    'Server': 'Kestrel'
    'Transfer-Encoding': 'chunked'
    'X-CORRELATION-ID': 'REDACTED'
2026-06-14T14:44:12.301 [Information] DefaultAzureCredential acquired a token from ManagedIdentityCredential
2026-06-14T14:44:12.301 [Information] Request URL: 'https://insytprodstorage.blob.core.windows.net/insyt-capture/capture/Client%20Demo2/Project%20Demo2/processing_center/jobs/JOB-3412B9794B724D12/status.json'
Request method: 'PUT'
Request headers:
    'Content-Length': '835'
    'x-ms-blob-type': 'REDACTED'
    'x-ms-blob-content-type': 'REDACTED'
    'x-ms-version': 'REDACTED'
    'Content-Type': 'application/octet-stream'
    'Accept': 'application/xml'
    'User-Agent': 'azsdk-python-storage-blob/12.30.0 Python/3.12.13 (Linux-6.6.138.1-1.azl3-x86_64-with-glibc2.36)'
    'x-ms-date': 'REDACTED'
    'x-ms-client-request-id': '82236dba-67ff-11f1-8bea-c6d42bd80672'
    'Authorization': 'REDACTED'
A body is sent with the request
2026-06-14T14:44:12.306 [Information] Executing StatusCodeResult, setting HTTP status code 200
2026-06-14T14:44:12.470 [Information] Response status: 201
Response headers:
    'Content-Length': '0'
    'Content-MD5': 'REDACTED'
    'Last-Modified': 'Sun, 14 Jun 2026 14:44:12 GMT'
    'ETag': '"0x8DECA236670A2C6"'
    'Server': 'Windows-Azure-Blob/1.0 Microsoft-HTTPAPI/2.0'
    'x-ms-request-id': '0e501c18-b01e-00a4-180c-fc042a000000'
    'x-ms-client-request-id': '82236dba-67ff-11f1-8bea-c6d42bd80672'
    'x-ms-version': 'REDACTED'
    'x-ms-content-crc64': 'REDACTED'
    'x-ms-request-server-encrypted': 'REDACTED'
    'x-ms-version-id': 'REDACTED'
    'Date': 'Sun, 14 Jun 2026 14:44:11 GMT'
2026-06-14T14:44:12.472 [Information] No environment configuration found.
2026-06-14T14:44:12.480 [Information] ManagedIdentityCredential will use App Service managed identity
2026-06-14T14:44:12.480 [Information] Request URL: 'http://169.254.129.6:8081/msi/token?api-version=2019-08-01&resource=REDACTED'
Request method: 'GET'
Request headers:
    'X-IDENTITY-HEADER': 'REDACTED'
    'Metadata': 'REDACTED'
    'User-Agent': 'azsdk-python-identity/1.25.3 Python/3.12.13 (Linux-6.6.138.1-1.azl3-x86_64-with-glibc2.36)'
No body was attached to the request
2026-06-14T14:44:12.490 [Information] Response status: 200
Response headers:
    'Content-Type': 'application/json; charset=utf-8'
    'Date': 'Sun, 14 Jun 2026 14:44:11 GMT'
    'Server': 'Kestrel'
    'Transfer-Encoding': 'chunked'
    'X-CORRELATION-ID': 'REDACTED'
2026-06-14T14:44:12.491 [Information] DefaultAzureCredential acquired a token from ManagedIdentityCredential
2026-06-14T14:44:12.491 [Information] Request URL: 'https://insytprodstorage.blob.core.windows.net/insyt-capture/capture/Client%20Demo2/Project%20Demo2/processing_center/jobs/JOB-3412B9794B724D12/cancel_request.json'
Request method: 'GET'
Request headers:
    'x-ms-range': 'REDACTED'
    'x-ms-version': 'REDACTED'
    'Accept': 'application/xml'
    'User-Agent': 'azsdk-python-storage-blob/12.30.0 Python/3.12.13 (Linux-6.6.138.1-1.azl3-x86_64-with-glibc2.36)'
    'x-ms-date': 'REDACTED'
    'x-ms-client-request-id': '823fc456-67ff-11f1-8bea-c6d42bd80672'
    'Authorization': 'REDACTED'
No body was attached to the request
2026-06-14T14:44:12.569 [Information] Request [c760ce44-80a9-4a9b-80a4-5893147d8312] GET https://insytprodstorage.queue.core.windows.net/apc-processing-jobs/messages?numofmessages=16&visibilitytimeout=600
x-ms-version:2025-11-05
Accept:application/xml
x-ms-client-request-id:c760ce44-80a9-4a9b-80a4-5893147d8312
x-ms-return-client-request-id:true
User-Agent:azsdk-net-Storage.Queues/12.24.0 (.NET 8.0.26; Debian GNU/Linux 12 (bookworm))
x-ms-date:Sun, 14 Jun 2026 14:44:12 GMT
Authorization:REDACTED
client assembly: Azure.Storage.Queues
2026-06-14T14:44:12.600 [Information] Response [c760ce44-80a9-4a9b-80a4-5893147d8312] 200 OK (00.0s)
Cache-Control:no-cache
Transfer-Encoding:chunked
Server:Windows-Azure-Queue/1.0 Microsoft-HTTPAPI/2.0
x-ms-request-id:36d0156a-5003-002a-570c-fcd29c000000
x-ms-client-request-id:c760ce44-80a9-4a9b-80a4-5893147d8312
x-ms-version:2025-11-05
Date:Sun, 14 Jun 2026 14:44:12 GMT
Content-Type:application/xml
2026-06-14T14:44:12.690 [Information] Response status: 404
Response headers:
    'Content-Length': '215'
    'Content-Type': 'application/xml'
    'Server': 'Windows-Azure-Blob/1.0 Microsoft-HTTPAPI/2.0'
    'x-ms-request-id': '7a060926-501e-0083-390c-fc13ee000000'
    'x-ms-client-request-id': '823fc456-67ff-11f1-8bea-c6d42bd80672'
    'x-ms-version': 'REDACTED'
    'x-ms-error-code': 'BlobNotFound'
    'Date': 'Sun, 14 Jun 2026 14:44:12 GMT'
2026-06-14T14:44:12.692 [Information] No environment configuration found.
2026-06-14T14:44:12.692 [Information] ManagedIdentityCredential will use App Service managed identity
2026-06-14T14:44:12.695 [Information] Request URL: 'http://169.254.129.6:8081/msi/token?api-version=2019-08-01&resource=REDACTED'
Request method: 'GET'
Request headers:
    'X-IDENTITY-HEADER': 'REDACTED'
    'Metadata': 'REDACTED'
    'User-Agent': 'azsdk-python-identity/1.25.3 Python/3.12.13 (Linux-6.6.138.1-1.azl3-x86_64-with-glibc2.36)'
No body was attached to the request
2026-06-14T14:44:12.706 [Information] Response status: 200
Response headers:
    'Content-Type': 'application/json; charset=utf-8'
    'Date': 'Sun, 14 Jun 2026 14:44:12 GMT'
    'Server': 'Kestrel'
    'Transfer-Encoding': 'chunked'
    'X-CORRELATION-ID': 'REDACTED'
2026-06-14T14:44:12.707 [Information] DefaultAzureCredential acquired a token from ManagedIdentityCredential
2026-06-14T14:44:12.707 [Information] Request URL: 'https://insytprodstorage.blob.core.windows.net/insyt-capture/capture/Client%20Demo2/Project%20Demo2/processing_center/jobs/JOB-3412B9794B724D12/status.json'
Request method: 'GET'
Request headers:
    'x-ms-range': 'REDACTED'
    'x-ms-version': 'REDACTED'
    'Accept': 'application/xml'
    'User-Agent': 'azsdk-python-storage-blob/12.30.0 Python/3.12.13 (Linux-6.6.138.1-1.azl3-x86_64-with-glibc2.36)'
    'x-ms-date': 'REDACTED'
    'x-ms-client-request-id': '826103c8-67ff-11f1-8bea-c6d42bd80672'
    'Authorization': 'REDACTED'
No body was attached to the request
2026-06-14T14:44:12.910 [Information] Response status: 206
Response headers:
    'Content-Length': '835'
    'Content-Type': 'application/json'
    'Content-Range': 'REDACTED'
    'Last-Modified': 'Sun, 14 Jun 2026 14:44:12 GMT'
    'Accept-Ranges': 'REDACTED'
    'ETag': '"0x8DECA236670A2C6"'
    'Server': 'Windows-Azure-Blob/1.0 Microsoft-HTTPAPI/2.0'
    'x-ms-request-id': '82897434-901e-00ee-190c-fca7a5000000'
    'x-ms-client-request-id': '826103c8-67ff-11f1-8bea-c6d42bd80672'
    'x-ms-version': 'REDACTED'
    'x-ms-version-id': 'REDACTED'
    'x-ms-is-current-version': 'REDACTED'
    'x-ms-creation-time': 'REDACTED'
    'x-ms-blob-content-md5': 'REDACTED'
    'x-ms-lease-status': 'REDACTED'
    'x-ms-lease-state': 'REDACTED'
    'x-ms-blob-type': 'REDACTED'
    'x-ms-server-encrypted': 'REDACTED'
    'x-ms-access-tier': 'REDACTED'
    'x-ms-access-tier-inferred': 'REDACTED'
    'Date': 'Sun, 14 Jun 2026 14:44:12 GMT'
2026-06-14T14:44:12.911 [Information] No environment configuration found.
2026-06-14T14:44:12.911 [Information] ManagedIdentityCredential will use App Service managed identity
2026-06-14T14:44:12.914 [Information] Request URL: 'http://169.254.129.6:8081/msi/token?api-version=2019-08-01&resource=REDACTED'
Request method: 'GET'
Request headers:
    'X-IDENTITY-HEADER': 'REDACTED'
    'Metadata': 'REDACTED'
    'User-Agent': 'azsdk-python-identity/1.25.3 Python/3.12.13 (Linux-6.6.138.1-1.azl3-x86_64-with-glibc2.36)'
No body was attached to the request
2026-06-14T14:44:12.930 [Information] Response status: 200
Response headers:
    'Content-Type': 'application/json; charset=utf-8'
    'Date': 'Sun, 14 Jun 2026 14:44:12 GMT'
    'Server': 'Kestrel'
    'Transfer-Encoding': 'chunked'
    'X-CORRELATION-ID': 'REDACTED'
2026-06-14T14:44:12.930 [Information] DefaultAzureCredential acquired a token from ManagedIdentityCredential
2026-06-14T14:44:12.932 [Information] Request URL: 'https://insytprodstorage.blob.core.windows.net/insyt-capture/capture/Client%20Demo2/Project%20Demo2/processing_center/jobs/JOB-3412B9794B724D12/status.json'
Request method: 'PUT'
Request headers:
    'Content-Length': '945'
    'x-ms-blob-type': 'REDACTED'
    'x-ms-blob-content-type': 'REDACTED'
    'x-ms-version': 'REDACTED'
    'Content-Type': 'application/octet-stream'
    'Accept': 'application/xml'
    'User-Agent': 'azsdk-python-storage-blob/12.30.0 Python/3.12.13 (Linux-6.6.138.1-1.azl3-x86_64-with-glibc2.36)'
    'x-ms-date': 'REDACTED'
    'x-ms-client-request-id': '8282cc42-67ff-11f1-8bea-c6d42bd80672'
    'Authorization': 'REDACTED'
A body is sent with the request
2026-06-14T14:44:13.126 [Information] Request [70bcbb3f-fff3-4012-8431-69011936607a] GET https://insytprodstorage.queue.core.windows.net/apc-processing-jobs/messages?numofmessages=16&visibilitytimeout=600
x-ms-version:2025-11-05
Accept:application/xml
x-ms-client-request-id:70bcbb3f-fff3-4012-8431-69011936607a
x-ms-return-client-request-id:true
User-Agent:azsdk-net-Storage.Queues/12.24.0 (.NET 8.0.26; Debian GNU/Linux 12 (bookworm))
x-ms-date:Sun, 14 Jun 2026 14:44:13 GMT
Authorization:REDACTED
client assembly: Azure.Storage.Queues
2026-06-14T14:44:13.157 [Information] Response [70bcbb3f-fff3-4012-8431-69011936607a] 200 OK (00.0s)
Cache-Control:no-cache
Transfer-Encoding:chunked
Server:Windows-Azure-Queue/1.0 Microsoft-HTTPAPI/2.0
x-ms-request-id:36d0162a-5003-002a-110c-fcd29c000000
x-ms-client-request-id:70bcbb3f-fff3-4012-8431-69011936607a
x-ms-version:2025-11-05
Date:Sun, 14 Jun 2026 14:44:12 GMT
Content-Type:application/xml
2026-06-14T14:44:13.170 [Information] Response status: 201
Response headers:
    'Content-Length': '0'
    'Content-MD5': 'REDACTED'
    'Last-Modified': 'Sun, 14 Jun 2026 14:44:13 GMT'
    'ETag': '"0x8DECA2366DBD3C3"'
    'Server': 'Windows-Azure-Blob/1.0 Microsoft-HTTPAPI/2.0'
    'x-ms-request-id': 'bbc1af3c-301e-004e-2f0c-fc2304000000'
    'x-ms-client-request-id': '8282cc42-67ff-11f1-8bea-c6d42bd80672'
    'x-ms-version': 'REDACTED'
    'x-ms-content-crc64': 'REDACTED'
    'x-ms-request-server-encrypted': 'REDACTED'
    'x-ms-version-id': 'REDACTED'
    'Date': 'Sun, 14 Jun 2026 14:44:12 GMT'
2026-06-14T14:44:13.172 [Information] No environment configuration found.
2026-06-14T14:44:13.173 [Information] ManagedIdentityCredential will use App Service managed identity
2026-06-14T14:44:13.175 [Information] No environment configuration found.
2026-06-14T14:44:13.175 [Information] ManagedIdentityCredential will use App Service managed identity
2026-06-14T14:44:13.175 [Information] Request URL: 'http://169.254.129.6:8081/msi/token?api-version=2019-08-01&resource=REDACTED'
Request method: 'GET'
Request headers:
    'X-IDENTITY-HEADER': 'REDACTED'
    'Metadata': 'REDACTED'
    'User-Agent': 'azsdk-python-identity/1.25.3 Python/3.12.13 (Linux-6.6.138.1-1.azl3-x86_64-with-glibc2.36)'
No body was attached to the request
2026-06-14T14:44:13.286 [Information] Response status: 200
Response headers:
    'Content-Type': 'application/json; charset=utf-8'
    'Date': 'Sun, 14 Jun 2026 14:44:12 GMT'
    'Server': 'Kestrel'
    'Transfer-Encoding': 'chunked'
    'X-CORRELATION-ID': 'REDACTED'
2026-06-14T14:44:13.287 [Information] DefaultAzureCredential acquired a token from ManagedIdentityCredential
2026-06-14T14:44:13.287 [Information] Request URL: 'https://insytprodstorage.blob.core.windows.net/insyt-capture?restype=REDACTED&comp=REDACTED&prefix=REDACTED'
Request method: 'GET'
Request headers:
    'x-ms-version': 'REDACTED'
    'Accept': 'application/xml'
    'User-Agent': 'azsdk-python-storage-blob/12.30.0 Python/3.12.13 (Linux-6.6.138.1-1.azl3-x86_64-with-glibc2.36)'
    'x-ms-date': 'REDACTED'
    'x-ms-client-request-id': '82aab8ec-67ff-11f1-8bea-c6d42bd80672'
    'Authorization': 'REDACTED'
No body was attached to the request
2026-06-14T14:44:13.459 [Information] Response status: 200
Response headers:
    'Transfer-Encoding': 'chunked'
    'Content-Type': 'application/xml'
    'Server': 'Windows-Azure-Blob/1.0 Microsoft-HTTPAPI/2.0'
    'x-ms-request-id': '7d6a8e42-b01e-000d-1e0c-fcc558000000'
    'x-ms-client-request-id': '82aab8ec-67ff-11f1-8bea-c6d42bd80672'
    'x-ms-version': 'REDACTED'
    'Date': 'Sun, 14 Jun 2026 14:44:12 GMT'
2026-06-14T14:44:13.460 [Information] Request URL: 'https://insytprodstorage.blob.core.windows.net/insyt-capture/capture/Client%20Demo2/Project%20Demo2/source/processing_center/uploads/Test005_Spreadsheet_Data.txt'
Request method: 'GET'
Request headers:
    'x-ms-range': 'REDACTED'
    'x-ms-version': 'REDACTED'
    'Accept': 'application/xml'
    'User-Agent': 'azsdk-python-storage-blob/12.30.0 Python/3.12.13 (Linux-6.6.138.1-1.azl3-x86_64-with-glibc2.36)'
    'x-ms-date': 'REDACTED'
    'x-ms-client-request-id': '82d64f7a-67ff-11f1-8bea-c6d42bd80672'
    'Authorization': 'REDACTED'
No body was attached to the request
2026-06-14T14:44:13.498 [Information] Response status: 206
Response headers:
    'Content-Length': '57'
    'Content-Type': 'text/plain'
    'Content-Range': 'REDACTED'
    'Last-Modified': 'Sun, 14 Jun 2026 14:39:26 GMT'
    'Accept-Ranges': 'REDACTED'
    'ETag': '"0x8DECA22BC2A94FC"'
    'Server': 'Windows-Azure-Blob/1.0 Microsoft-HTTPAPI/2.0'
    'x-ms-request-id': '7d6a8e62-b01e-000d-3a0c-fcc558000000'
    'x-ms-client-request-id': '82d64f7a-67ff-11f1-8bea-c6d42bd80672'
    'x-ms-version': 'REDACTED'
    'x-ms-version-id': 'REDACTED'
    'x-ms-is-current-version': 'REDACTED'
    'x-ms-creation-time': 'REDACTED'
    'x-ms-blob-content-md5': 'REDACTED'
    'x-ms-lease-status': 'REDACTED'
    'x-ms-lease-state': 'REDACTED'
    'x-ms-blob-type': 'REDACTED'
    'x-ms-server-encrypted': 'REDACTED'
    'x-ms-access-tier': 'REDACTED'
    'x-ms-access-tier-inferred': 'REDACTED'
    'Date': 'Sun, 14 Jun 2026 14:44:12 GMT'
2026-06-14T14:44:13.501 [Information] No environment configuration found.
2026-06-14T14:44:13.501 [Information] ManagedIdentityCredential will use App Service managed identity
2026-06-14T14:44:13.502 [Information] No environment configuration found.
2026-06-14T14:44:13.502 [Information] ManagedIdentityCredential will use App Service managed identity
2026-06-14T14:44:13.504 [Information] Request URL: 'http://169.254.129.6:8081/msi/token?api-version=2019-08-01&resource=REDACTED'
Request method: 'GET'
Request headers:
    'X-IDENTITY-HEADER': 'REDACTED'
    'Metadata': 'REDACTED'
    'User-Agent': 'azsdk-python-identity/1.25.3 Python/3.12.13 (Linux-6.6.138.1-1.azl3-x86_64-with-glibc2.36)'
No body was attached to the request
2026-06-14T14:44:13.524 [Information] Response status: 200
Response headers:
    'Content-Type': 'application/json; charset=utf-8'
    'Date': 'Sun, 14 Jun 2026 14:44:12 GMT'
    'Server': 'Kestrel'
    'Transfer-Encoding': 'chunked'
    'X-CORRELATION-ID': 'REDACTED'
2026-06-14T14:44:13.524 [Information] DefaultAzureCredential acquired a token from ManagedIdentityCredential
2026-06-14T14:44:13.524 [Information] Request URL: 'https://insytprodstorage.blob.core.windows.net/insyt-capture/capture/Client%20Demo2/Project%20Demo2/processing_center/index/processed_hash_index.json'
Request method: 'GET'
Request headers:
    'x-ms-range': 'REDACTED'
    'x-ms-version': 'REDACTED'
    'Accept': 'application/xml'
    'User-Agent': 'azsdk-python-storage-blob/12.30.0 Python/3.12.13 (Linux-6.6.138.1-1.azl3-x86_64-with-glibc2.36)'
    'x-ms-date': 'REDACTED'
    'x-ms-client-request-id': '82dcde1c-67ff-11f1-8bea-c6d42bd80672'
    'Authorization': 'REDACTED'
No body was attached to the request
2026-06-14T14:44:13.719 [Information] Response status: 206
Response headers:
    'Content-Length': '10811'
    'Content-Type': 'application/json'
    'Content-Range': 'REDACTED'
    'Last-Modified': 'Sun, 14 Jun 2026 14:40:25 GMT'
    'Accept-Ranges': 'REDACTED'
    'ETag': '"0x8DECA22DF2585F7"'
    'Server': 'Windows-Azure-Blob/1.0 Microsoft-HTTPAPI/2.0'
    'x-ms-request-id': 'd73a11db-901e-008c-0d0c-fc6582000000'
    'x-ms-client-request-id': '82dcde1c-67ff-11f1-8bea-c6d42bd80672'
    'x-ms-version': 'REDACTED'
    'x-ms-version-id': 'REDACTED'
    'x-ms-is-current-version': 'REDACTED'
    'x-ms-creation-time': 'REDACTED'
    'x-ms-blob-content-md5': 'REDACTED'
    'x-ms-lease-status': 'REDACTED'
    'x-ms-lease-state': 'REDACTED'
    'x-ms-blob-type': 'REDACTED'
    'x-ms-server-encrypted': 'REDACTED'
    'x-ms-access-tier': 'REDACTED'
    'x-ms-access-tier-inferred': 'REDACTED'
    'Date': 'Sun, 14 Jun 2026 14:44:13 GMT'
2026-06-14T14:44:13.821 [Information] No environment configuration found.
2026-06-14T14:44:13.821 [Information] ManagedIdentityCredential will use App Service managed identity
2026-06-14T14:44:13.854 [Information] No environment configuration found.
2026-06-14T14:44:13.856 [Information] ManagedIdentityCredential will use App Service managed identity
2026-06-14T14:44:13.860 [Information] No environment configuration found.
2026-06-14T14:44:13.861 [Information] ManagedIdentityCredential will use App Service managed identity
2026-06-14T14:44:13.861 [Information] No environment configuration found.
2026-06-14T14:44:13.864 [Information] ManagedIdentityCredential will use App Service managed identity
2026-06-14T14:44:13.864 [Information] No environment configuration found.
2026-06-14T14:44:13.867 [Information] ManagedIdentityCredential will use App Service managed identity
2026-06-14T14:44:13.868 [Information] No environment configuration found.
2026-06-14T14:44:13.869 [Information] ManagedIdentityCredential will use App Service managed identity
2026-06-14T14:44:13.869 [Information] Request URL: 'http://169.254.129.6:8081/msi/token?api-version=2019-08-01&resource=REDACTED'
Request method: 'GET'
Request headers:
    'X-IDENTITY-HEADER': 'REDACTED'
    'Metadata': 'REDACTED'
    'User-Agent': 'azsdk-python-identity/1.25.3 Python/3.12.13 (Linux-6.6.138.1-1.azl3-x86_64-with-glibc2.36)'
No body was attached to the request
2026-06-14T14:44:13.880 [Information] Response status: 200
Response headers:
    'Content-Type': 'application/json; charset=utf-8'
    'Date': 'Sun, 14 Jun 2026 14:44:13 GMT'
    'Server': 'Kestrel'
    'Transfer-Encoding': 'chunked'
    'X-CORRELATION-ID': 'REDACTED'
2026-06-14T14:44:13.881 [Information] DefaultAzureCredential acquired a token from ManagedIdentityCredential
2026-06-14T14:44:13.881 [Information] Request URL: 'https://insytprodstorage.blob.core.windows.net/insyt-capture/capture/Client%20Demo2/Project%20Demo2/processing_center/index/processed_hash_index.json'
Request method: 'GET'
Request headers:
    'x-ms-range': 'REDACTED'
    'x-ms-version': 'REDACTED'
    'Accept': 'application/xml'
    'User-Agent': 'azsdk-python-storage-blob/12.30.0 Python/3.12.13 (Linux-6.6.138.1-1.azl3-x86_64-with-glibc2.36)'
    'x-ms-date': 'REDACTED'
    'x-ms-client-request-id': '831430c4-67ff-11f1-8bea-c6d42bd80672'
    'Authorization': 'REDACTED'
No body was attached to the request
2026-06-14T14:44:13.902 [Information] Request [51cd9d8f-0082-46fd-91de-e27d7a237dca] GET https://insytprodstorage.queue.core.windows.net/apc-processing-jobs/messages?numofmessages=16&visibilitytimeout=600
x-ms-version:2025-11-05
Accept:application/xml
x-ms-client-request-id:51cd9d8f-0082-46fd-91de-e27d7a237dca
x-ms-return-client-request-id:true
User-Agent:azsdk-net-Storage.Queues/12.24.0 (.NET 8.0.26; Debian GNU/Linux 12 (bookworm))
x-ms-date:Sun, 14 Jun 2026 14:44:13 GMT
Authorization:REDACTED
client assembly: Azure.Storage.Queues
2026-06-14T14:44:13.933 [Information] Response [51cd9d8f-0082-46fd-91de-e27d7a237dca] 200 OK (00.0s)
Cache-Control:no-cache
Transfer-Encoding:chunked
Server:Windows-Azure-Queue/1.0 Microsoft-HTTPAPI/2.0
x-ms-request-id:36d01723-5003-002a-7f0c-fcd29c000000
x-ms-client-request-id:51cd9d8f-0082-46fd-91de-e27d7a237dca
x-ms-version:2025-11-05
Date:Sun, 14 Jun 2026 14:44:13 GMT
Content-Type:application/xml
2026-06-14T14:44:14.052 [Information] Response status: 206
Response headers:
    'Content-Length': '10811'
    'Content-Type': 'application/json'
    'Content-Range': 'REDACTED'
    'Last-Modified': 'Sun, 14 Jun 2026 14:40:25 GMT'
    'Accept-Ranges': 'REDACTED'
    'ETag': '"0x8DECA22DF2585F7"'
    'Server': 'Windows-Azure-Blob/1.0 Microsoft-HTTPAPI/2.0'
    'x-ms-request-id': '68d6f590-901e-0057-050c-fca3bf000000'
    'x-ms-client-request-id': '831430c4-67ff-11f1-8bea-c6d42bd80672'
    'x-ms-version': 'REDACTED'
    'x-ms-version-id': 'REDACTED'
    'x-ms-is-current-version': 'REDACTED'
    'x-ms-creation-time': 'REDACTED'
    'x-ms-blob-content-md5': 'REDACTED'
    'x-ms-lease-status': 'REDACTED'
    'x-ms-lease-state': 'REDACTED'
    'x-ms-blob-type': 'REDACTED'
    'x-ms-server-encrypted': 'REDACTED'
    'x-ms-access-tier': 'REDACTED'
    'x-ms-access-tier-inferred': 'REDACTED'
    'Date': 'Sun, 14 Jun 2026 14:44:13 GMT'
2026-06-14T14:44:14.055 [Information] Request URL: 'http://169.254.129.6:8081/msi/token?api-version=2019-08-01&resource=REDACTED'
Request method: 'GET'
Request headers:
    'X-IDENTITY-HEADER': 'REDACTED'
    'Metadata': 'REDACTED'
    'User-Agent': 'azsdk-python-identity/1.25.3 Python/3.12.13 (Linux-6.6.138.1-1.azl3-x86_64-with-glibc2.36)'
No body was attached to the request
2026-06-14T14:44:14.067 [Information] Response status: 200
Response headers:
    'Content-Type': 'application/json; charset=utf-8'
    'Date': 'Sun, 14 Jun 2026 14:44:13 GMT'
    'Server': 'Kestrel'
    'Transfer-Encoding': 'chunked'
    'X-CORRELATION-ID': 'REDACTED'
2026-06-14T14:44:14.068 [Information] DefaultAzureCredential acquired a token from ManagedIdentityCredential
2026-06-14T14:44:14.068 [Information] Request URL: 'https://insytprodstorage.blob.core.windows.net/insyt-capture/capture/Client%20Demo2/Project%20Demo2/processing_center/index/processed_hash_index.json'
Request method: 'PUT'
Request headers:
    'Content-Length': '10811'
    'x-ms-blob-type': 'REDACTED'
    'x-ms-blob-content-type': 'REDACTED'
    'x-ms-version': 'REDACTED'
    'Content-Type': 'application/octet-stream'
    'Accept': 'application/xml'
    'User-Agent': 'azsdk-python-storage-blob/12.30.0 Python/3.12.13 (Linux-6.6.138.1-1.azl3-x86_64-with-glibc2.36)'
    'x-ms-date': 'REDACTED'
    'x-ms-client-request-id': '8330f79a-67ff-11f1-8bea-c6d42bd80672'
    'Authorization': 'REDACTED'
A body is sent with the request
2026-06-14T14:44:14.326 [Information] Response status: 201
Response headers:
    'Content-Length': '0'
    'Content-MD5': 'REDACTED'
    'Last-Modified': 'Sun, 14 Jun 2026 14:44:14 GMT'
    'ETag': '"0x8DECA23678B4E68"'
    'Server': 'Windows-Azure-Blob/1.0 Microsoft-HTTPAPI/2.0'
    'x-ms-request-id': '6066c7dd-f01e-009a-1a0c-fc9355000000'
    'x-ms-client-request-id': '8330f79a-67ff-11f1-8bea-c6d42bd80672'
    'x-ms-version': 'REDACTED'
    'x-ms-content-crc64': 'REDACTED'
    'x-ms-request-server-encrypted': 'REDACTED'
    'x-ms-version-id': 'REDACTED'
    'Date': 'Sun, 14 Jun 2026 14:44:13 GMT'
2026-06-14T14:44:14.328 [Information] No environment configuration found.
2026-06-14T14:44:14.329 [Information] ManagedIdentityCredential will use App Service managed identity
2026-06-14T14:44:14.330 [Information] No environment configuration found.
2026-06-14T14:44:14.331 [Information] ManagedIdentityCredential will use App Service managed identity
2026-06-14T14:44:14.331 [Information] Request URL: 'http://169.254.129.6:8081/msi/token?api-version=2019-08-01&resource=REDACTED'
Request method: 'GET'
Request headers:
    'X-IDENTITY-HEADER': 'REDACTED'
    'Metadata': 'REDACTED'
    'User-Agent': 'azsdk-python-identity/1.25.3 Python/3.12.13 (Linux-6.6.138.1-1.azl3-x86_64-with-glibc2.36)'
No body was attached to the request
2026-06-14T14:44:14.445 [Information] Response status: 200
Response headers:
    'Content-Type': 'application/json; charset=utf-8'
    'Date': 'Sun, 14 Jun 2026 14:44:13 GMT'
    'Server': 'Kestrel'
    'Transfer-Encoding': 'chunked'
    'X-CORRELATION-ID': 'REDACTED'
2026-06-14T14:44:14.445 [Information] DefaultAzureCredential acquired a token from ManagedIdentityCredential
2026-06-14T14:44:14.445 [Information] Request URL: 'https://insytreviewstorage.blob.core.windows.net/insyt-capture/capture/Client%20Demo2/Project%20Demo2/processing_center/reports/JOB-18AA866D1545421A/JOB-18AA866D1545421A.summary.json'
Request method: 'PUT'
Request headers:
    'Content-Length': '11404'
    'x-ms-blob-type': 'REDACTED'
    'x-ms-version': 'REDACTED'
    'Content-Type': 'application/octet-stream'
    'Accept': 'application/xml'
    'User-Agent': 'azsdk-python-storage-blob/12.30.0 Python/3.12.13 (Linux-6.6.138.1-1.azl3-x86_64-with-glibc2.36)'
    'x-ms-date': 'REDACTED'
    'x-ms-client-request-id': '835b3186-67ff-11f1-8bea-c6d42bd80672'
    'Authorization': 'REDACTED'
A body is sent with the request
2026-06-14T14:44:14.641 [Information] Response status: 201
Response headers:
    'Content-Length': '0'
    'Content-MD5': 'REDACTED'
    'Last-Modified': 'Sun, 14 Jun 2026 14:44:14 GMT'
    'ETag': '"0x8DECA2367BBF903"'
    'Server': 'Windows-Azure-Blob/1.0 Microsoft-HTTPAPI/2.0'
    'x-ms-request-id': '63597a5a-b01e-00ef-040c-fc9ede000000'
    'x-ms-client-request-id': '835b3186-67ff-11f1-8bea-c6d42bd80672'
    'x-ms-version': 'REDACTED'
    'x-ms-content-crc64': 'REDACTED'
    'x-ms-request-server-encrypted': 'REDACTED'
    'Date': 'Sun, 14 Jun 2026 14:44:14 GMT'
2026-06-14T14:44:14.642 [Information] Request URL: 'https://insytreviewstorage.blob.core.windows.net/insyt-capture/capture/Client%20Demo2/Project%20Demo2/processing_center/reports/JOB-18AA866D1545421A/JOB-18AA866D1545421A.summary.txt'
Request method: 'PUT'
Request headers:
    'Content-Length': '2706'
    'x-ms-blob-type': 'REDACTED'
    'x-ms-version': 'REDACTED'
    'Content-Type': 'application/octet-stream'
    'Accept': 'application/xml'
    'User-Agent': 'azsdk-python-storage-blob/12.30.0 Python/3.12.13 (Linux-6.6.138.1-1.azl3-x86_64-with-glibc2.36)'
    'x-ms-date': 'REDACTED'
    'x-ms-client-request-id': '838aa6d2-67ff-11f1-8bea-c6d42bd80672'
    'Authorization': 'REDACTED'
A body is sent with the request
2026-06-14T14:44:14.679 [Information] Response status: 201
Response headers:
    'Content-Length': '0'
    'Content-MD5': 'REDACTED'
    'Last-Modified': 'Sun, 14 Jun 2026 14:44:14 GMT'
    'ETag': '"0x8DECA2367C1EA04"'
    'Server': 'Windows-Azure-Blob/1.0 Microsoft-HTTPAPI/2.0'
    'x-ms-request-id': '63597a80-b01e-00ef-250c-fc9ede000000'
    'x-ms-client-request-id': '838aa6d2-67ff-11f1-8bea-c6d42bd80672'
    'x-ms-version': 'REDACTED'
    'x-ms-content-crc64': 'REDACTED'
    'x-ms-request-server-encrypted': 'REDACTED'
    'Date': 'Sun, 14 Jun 2026 14:44:14 GMT'
2026-06-14T14:44:14.681 [Information] Request URL: 'https://insytreviewstorage.blob.core.windows.net/insyt-capture/capture/Client%20Demo2/Project%20Demo2/processing_center/reports/JOB-18AA866D1545421A/JOB-18AA866D1545421A.stages.csv'
Request method: 'PUT'
Request headers:
    'Content-Length': '2845'
    'x-ms-blob-type': 'REDACTED'
    'x-ms-version': 'REDACTED'
    'Content-Type': 'application/octet-stream'
    'Accept': 'application/xml'
    'User-Agent': 'azsdk-python-storage-blob/12.30.0 Python/3.12.13 (Linux-6.6.138.1-1.azl3-x86_64-with-glibc2.36)'
    'x-ms-date': 'REDACTED'
    'x-ms-client-request-id': '8390698c-67ff-11f1-8bea-c6d42bd80672'
    'Authorization': 'REDACTED'
A body is sent with the request
2026-06-14T14:44:14.716 [Information] Response status: 201
Response headers:
    'Content-Length': '0'
    'Content-MD5': 'REDACTED'
    'Last-Modified': 'Sun, 14 Jun 2026 14:44:14 GMT'
    'ETag': '"0x8DECA2367C7DB04"'
    'Server': 'Windows-Azure-Blob/1.0 Microsoft-HTTPAPI/2.0'
    'x-ms-request-id': '63597a96-b01e-00ef-390c-fc9ede000000'
    'x-ms-client-request-id': '8390698c-67ff-11f1-8bea-c6d42bd80672'
    'x-ms-version': 'REDACTED'
    'x-ms-content-crc64': 'REDACTED'
    'x-ms-request-server-encrypted': 'REDACTED'
    'Date': 'Sun, 14 Jun 2026 14:44:14 GMT'
2026-06-14T14:44:14.718 [Information] Request URL: 'https://insytreviewstorage.blob.core.windows.net/insyt-capture/capture/Client%20Demo2/Project%20Demo2/processing_center/reports/JOB-18AA866D1545421A/JOB-18AA866D1545421A.cost_events_by_meter.csv'
Request method: 'PUT'
Request headers:
    'Content-Length': '419'
    'x-ms-blob-type': 'REDACTED'
    'x-ms-version': 'REDACTED'
    'Content-Type': 'application/octet-stream'
    'Accept': 'application/xml'
    'User-Agent': 'azsdk-python-storage-blob/12.30.0 Python/3.12.13 (Linux-6.6.138.1-1.azl3-x86_64-with-glibc2.36)'
    'x-ms-date': 'REDACTED'
    'x-ms-client-request-id': '839616a2-67ff-11f1-8bea-c6d42bd80672'
    'Authorization': 'REDACTED'
A body is sent with the request
2026-06-14T14:44:14.751 [Information] Response status: 201
Response headers:
    'Content-Length': '0'
    'Content-MD5': 'REDACTED'
    'Last-Modified': 'Sun, 14 Jun 2026 14:44:14 GMT'
    'ETag': '"0x8DECA2367CD5709"'
    'Server': 'Windows-Azure-Blob/1.0 Microsoft-HTTPAPI/2.0'
    'x-ms-request-id': '63597aaa-b01e-00ef-4a0c-fc9ede000000'
    'x-ms-client-request-id': '839616a2-67ff-11f1-8bea-c6d42bd80672'
    'x-ms-version': 'REDACTED'
    'x-ms-content-crc64': 'REDACTED'
    'x-ms-request-server-encrypted': 'REDACTED'
    'Date': 'Sun, 14 Jun 2026 14:44:14 GMT'
2026-06-14T14:44:14.753 [Information] Request URL: 'https://insytreviewstorage.blob.core.windows.net/insyt-capture/capture/Client%20Demo2/Project%20Demo2/processing_center/reports/JOB-18AA866D1545421A/JOB-18AA866D1545421A.files.csv'
Request method: 'PUT'
Request headers:
    'Content-Length': '1295'
    'x-ms-blob-type': 'REDACTED'
    'x-ms-version': 'REDACTED'
    'Content-Type': 'application/octet-stream'
    'Accept': 'application/xml'
    'User-Agent': 'azsdk-python-storage-blob/12.30.0 Python/3.12.13 (Linux-6.6.138.1-1.azl3-x86_64-with-glibc2.36)'
    'x-ms-date': 'REDACTED'
    'x-ms-client-request-id': '839b8a42-67ff-11f1-8bea-c6d42bd80672'
    'Authorization': 'REDACTED'
A body is sent with the request
2026-06-14T14:44:14.788 [Information] Response status: 201
Response headers:
    'Content-Length': '0'
    'Content-MD5': 'REDACTED'
    'Last-Modified': 'Sun, 14 Jun 2026 14:44:14 GMT'
    'ETag': '"0x8DECA2367D2D307"'
    'Server': 'Windows-Azure-Blob/1.0 Microsoft-HTTPAPI/2.0'
    'x-ms-request-id': '63597ac3-b01e-00ef-610c-fc9ede000000'
    'x-ms-client-request-id': '839b8a42-67ff-11f1-8bea-c6d42bd80672'
    'x-ms-version': 'REDACTED'
    'x-ms-content-crc64': 'REDACTED'
    'x-ms-request-server-encrypted': 'REDACTED'
    'Date': 'Sun, 14 Jun 2026 14:44:14 GMT'
2026-06-14T14:44:14.790 [Information] Request URL: 'https://insytreviewstorage.blob.core.windows.net/insyt-capture/capture/Client%20Demo2/Project%20Demo2/processing_center/reports/JOB-18AA866D1545421A/JOB-18AA866D1545421A.containers.csv'
Request method: 'PUT'
Request headers:
    'x-ms-blob-type': 'REDACTED'
    'Content-Length': '0'
    'x-ms-version': 'REDACTED'
    'Content-Type': 'application/octet-stream'
    'Accept': 'application/xml'
    'User-Agent': 'azsdk-python-storage-blob/12.30.0 Python/3.12.13 (Linux-6.6.138.1-1.azl3-x86_64-with-glibc2.36)'
    'x-ms-date': 'REDACTED'
    'x-ms-client-request-id': '83a1337a-67ff-11f1-8bea-c6d42bd80672'
    'Authorization': 'REDACTED'
No body was attached to the request
2026-06-14T14:44:14.824 [Information] Response status: 201
Response headers:
    'Content-Length': '0'
    'Content-MD5': 'REDACTED'
    'Last-Modified': 'Sun, 14 Jun 2026 14:44:14 GMT'
    'ETag': '"0x8DECA2367D84F0A"'
    'Server': 'Windows-Azure-Blob/1.0 Microsoft-HTTPAPI/2.0'
    'x-ms-request-id': '63597ad7-b01e-00ef-730c-fc9ede000000'
    'x-ms-client-request-id': '83a1337a-67ff-11f1-8bea-c6d42bd80672'
    'x-ms-version': 'REDACTED'
    'x-ms-content-crc64': 'REDACTED'
    'x-ms-request-server-encrypted': 'REDACTED'
    'Date': 'Sun, 14 Jun 2026 14:44:14 GMT'
2026-06-14T14:44:14.825 [Information] Request URL: 'https://insytreviewstorage.blob.core.windows.net/insyt-capture/capture/Client%20Demo2/Project%20Demo2/processing_center/reports/JOB-18AA866D1545421A/JOB-18AA866D1545421A.review_promotion.csv'
Request method: 'PUT'
Request headers:
    'x-ms-blob-type': 'REDACTED'
    'Content-Length': '0'
    'x-ms-version': 'REDACTED'
    'Content-Type': 'application/octet-stream'
    'Accept': 'application/xml'
    'User-Agent': 'azsdk-python-storage-blob/12.30.0 Python/3.12.13 (Linux-6.6.138.1-1.azl3-x86_64-with-glibc2.36)'
    'x-ms-date': 'REDACTED'
    'x-ms-client-request-id': '83a6a1e8-67ff-11f1-8bea-c6d42bd80672'
    'Authorization': 'REDACTED'
No body was attached to the request
2026-06-14T14:44:14.860 [Information] Response status: 201
Response headers:
    'Content-Length': '0'
    'Content-MD5': 'REDACTED'
    'Last-Modified': 'Sun, 14 Jun 2026 14:44:14 GMT'
    'ETag': '"0x8DECA2367DDCB05"'
    'Server': 'Windows-Azure-Blob/1.0 Microsoft-HTTPAPI/2.0'
    'x-ms-request-id': '63597ae8-b01e-00ef-040c-fc9ede000000'
    'x-ms-client-request-id': '83a6a1e8-67ff-11f1-8bea-c6d42bd80672'
    'x-ms-version': 'REDACTED'
    'x-ms-content-crc64': 'REDACTED'
    'x-ms-request-server-encrypted': 'REDACTED'
    'Date': 'Sun, 14 Jun 2026 14:44:14 GMT'
2026-06-14T14:44:14.863 [Information] No environment configuration found.
2026-06-14T14:44:14.863 [Information] ManagedIdentityCredential will use App Service managed identity
2026-06-14T14:44:14.917 [Information] Request URL: 'http://169.254.129.6:8081/msi/token?api-version=2019-08-01&resource=REDACTED'
Request method: 'GET'
Request headers:
    'X-IDENTITY-HEADER': 'REDACTED'
    'Metadata': 'REDACTED'
    'User-Agent': 'azsdk-python-identity/1.25.3 Python/3.12.13 (Linux-6.6.138.1-1.azl3-x86_64-with-glibc2.36)'
No body was attached to the request
2026-06-14T14:44:14.930 [Information] Response status: 200
Response headers:
    'Content-Type': 'application/json; charset=utf-8'
    'Date': 'Sun, 14 Jun 2026 14:44:14 GMT'
    'Server': 'Kestrel'
    'Transfer-Encoding': 'chunked'
    'X-CORRELATION-ID': 'REDACTED'
2026-06-14T14:44:14.931 [Information] DefaultAzureCredential acquired a token from ManagedIdentityCredential
2026-06-14T14:44:14.931 [Information] Request URL: 'https://insytprodstorage.blob.core.windows.net/insyt-capture/capture/Client%20Demo2/Project%20Demo2/processing_center/jobs/JOB-3412B9794B724D12/cancel_request.json'
Request method: 'GET'
Request headers:
    'x-ms-range': 'REDACTED'
    'x-ms-version': 'REDACTED'
    'Accept': 'application/xml'
    'User-Agent': 'azsdk-python-storage-blob/12.30.0 Python/3.12.13 (Linux-6.6.138.1-1.azl3-x86_64-with-glibc2.36)'
    'x-ms-date': 'REDACTED'
    'x-ms-client-request-id': '83b47d68-67ff-11f1-8bea-c6d42bd80672'
    'Authorization': 'REDACTED'
No body was attached to the request
2026-06-14T14:44:15.132 [Information] Response status: 404
Response headers:
    'Content-Length': '215'
    'Content-Type': 'application/xml'
    'Server': 'Windows-Azure-Blob/1.0 Microsoft-HTTPAPI/2.0'
    'x-ms-request-id': '7bf1456e-701e-00e6-640c-fcbdaa000000'
    'x-ms-client-request-id': '83b47d68-67ff-11f1-8bea-c6d42bd80672'
    'x-ms-version': 'REDACTED'
    'x-ms-error-code': 'BlobNotFound'
    'Date': 'Sun, 14 Jun 2026 14:44:14 GMT'
2026-06-14T14:44:15.132 [Information] No environment configuration found.
2026-06-14T14:44:15.133 [Information] ManagedIdentityCredential will use App Service managed identity
2026-06-14T14:44:15.167 [Information] Request URL: 'http://169.254.129.6:8081/msi/token?api-version=2019-08-01&resource=REDACTED'
Request method: 'GET'
Request headers:
    'X-IDENTITY-HEADER': 'REDACTED'
    'Metadata': 'REDACTED'
    'User-Agent': 'azsdk-python-identity/1.25.3 Python/3.12.13 (Linux-6.6.138.1-1.azl3-x86_64-with-glibc2.36)'
No body was attached to the request
2026-06-14T14:44:15.180 [Information] Response status: 200
Response headers:
    'Content-Type': 'application/json; charset=utf-8'
    'Date': 'Sun, 14 Jun 2026 14:44:14 GMT'
    'Server': 'Kestrel'
    'Transfer-Encoding': 'chunked'
    'X-CORRELATION-ID': 'REDACTED'
2026-06-14T14:44:15.181 [Information] DefaultAzureCredential acquired a token from ManagedIdentityCredential
2026-06-14T14:44:15.181 [Information] Request URL: 'https://insytprodstorage.blob.core.windows.net/insyt-capture/capture/Client%20Demo2/Project%20Demo2/processing_center/jobs/JOB-3412B9794B724D12/status.json'
Request method: 'GET'
Request headers:
    'x-ms-range': 'REDACTED'
    'x-ms-version': 'REDACTED'
    'Accept': 'application/xml'
    'User-Agent': 'azsdk-python-storage-blob/12.30.0 Python/3.12.13 (Linux-6.6.138.1-1.azl3-x86_64-with-glibc2.36)'
    'x-ms-date': 'REDACTED'
    'x-ms-client-request-id': '83daaac4-67ff-11f1-8bea-c6d42bd80672'
    'Authorization': 'REDACTED'
No body was attached to the request
2026-06-14T14:44:15.362 [Information] Response status: 206
Response headers:
    'Content-Length': '945'
    'Content-Type': 'application/json'
    'Content-Range': 'REDACTED'
    'Last-Modified': 'Sun, 14 Jun 2026 14:44:13 GMT'
    'Accept-Ranges': 'REDACTED'
    'ETag': '"0x8DECA2366DBD3C3"'
    'Server': 'Windows-Azure-Blob/1.0 Microsoft-HTTPAPI/2.0'
    'x-ms-request-id': '51225662-401e-0009-7d0c-fc485f000000'
    'x-ms-client-request-id': '83daaac4-67ff-11f1-8bea-c6d42bd80672'
    'x-ms-version': 'REDACTED'
    'x-ms-version-id': 'REDACTED'
    'x-ms-is-current-version': 'REDACTED'
    'x-ms-creation-time': 'REDACTED'
    'x-ms-blob-content-md5': 'REDACTED'
    'x-ms-lease-status': 'REDACTED'
    'x-ms-lease-state': 'REDACTED'
    'x-ms-blob-type': 'REDACTED'
    'x-ms-server-encrypted': 'REDACTED'
    'x-ms-access-tier': 'REDACTED'
    'x-ms-access-tier-inferred': 'REDACTED'
    'Date': 'Sun, 14 Jun 2026 14:44:14 GMT'
2026-06-14T14:44:15.365 [Information] No environment configuration found.
2026-06-14T14:44:15.365 [Information] ManagedIdentityCredential will use App Service managed identity
2026-06-14T14:44:15.366 [Information] Request URL: 'http://169.254.129.6:8081/msi/token?api-version=2019-08-01&resource=REDACTED'
Request method: 'GET'
Request headers:
    'X-IDENTITY-HEADER': 'REDACTED'
    'Metadata': 'REDACTED'
    'User-Agent': 'azsdk-python-identity/1.25.3 Python/3.12.13 (Linux-6.6.138.1-1.azl3-x86_64-with-glibc2.36)'
No body was attached to the request
2026-06-14T14:44:15.380 [Information] Response status: 200
Response headers:
    'Content-Type': 'application/json; charset=utf-8'
    'Date': 'Sun, 14 Jun 2026 14:44:14 GMT'
    'Server': 'Kestrel'
    'Transfer-Encoding': 'chunked'
    'X-CORRELATION-ID': 'REDACTED'
2026-06-14T14:44:15.380 [Information] DefaultAzureCredential acquired a token from ManagedIdentityCredential
2026-06-14T14:44:15.380 [Information] Request URL: 'https://insytprodstorage.blob.core.windows.net/insyt-capture/capture/Client%20Demo2/Project%20Demo2/processing_center/jobs/JOB-3412B9794B724D12/status.json'
Request method: 'PUT'
Request headers:
    'Content-Length': '840'
    'x-ms-blob-type': 'REDACTED'
    'x-ms-blob-content-type': 'REDACTED'
    'x-ms-version': 'REDACTED'
    'Content-Type': 'application/octet-stream'
    'Accept': 'application/xml'
    'User-Agent': 'azsdk-python-storage-blob/12.30.0 Python/3.12.13 (Linux-6.6.138.1-1.azl3-x86_64-with-glibc2.36)'
    'x-ms-date': 'REDACTED'
    'x-ms-client-request-id': '83f8c2a2-67ff-11f1-8bea-c6d42bd80672'
    'Authorization': 'REDACTED'
A body is sent with the request
2026-06-14T14:44:15.586 [Information] Response status: 201
Response headers:
    'Content-Length': '0'
    'Content-MD5': 'REDACTED'
    'Last-Modified': 'Sun, 14 Jun 2026 14:44:15 GMT'
    'ETag': '"0x8DECA23684C4C1B"'
    'Server': 'Windows-Azure-Blob/1.0 Microsoft-HTTPAPI/2.0'
    'x-ms-request-id': '22a797f1-e01e-0010-100c-fcc8e4000000'
    'x-ms-client-request-id': '83f8c2a2-67ff-11f1-8bea-c6d42bd80672'
    'x-ms-version': 'REDACTED'
    'x-ms-content-crc64': 'REDACTED'
    'x-ms-request-server-encrypted': 'REDACTED'
    'x-ms-version-id': 'REDACTED'
    'Date': 'Sun, 14 Jun 2026 14:44:14 GMT'
2026-06-14T14:44:15.587 [Information] No environment configuration found.
2026-06-14T14:44:15.588 [Information] ManagedIdentityCredential will use App Service managed identity
2026-06-14T14:44:15.589 [Information] Request URL: 'http://169.254.129.6:8081/msi/token?api-version=2019-08-01&resource=REDACTED'
Request method: 'GET'
Request headers:
    'X-IDENTITY-HEADER': 'REDACTED'
    'Metadata': 'REDACTED'
    'User-Agent': 'azsdk-python-identity/1.25.3 Python/3.12.13 (Linux-6.6.138.1-1.azl3-x86_64-with-glibc2.36)'
No body was attached to the request
2026-06-14T14:44:15.636 [Information] Response status: 200
Response headers:
    'Content-Type': 'application/json; charset=utf-8'
    'Date': 'Sun, 14 Jun 2026 14:44:14 GMT'
    'Server': 'Kestrel'
    'Transfer-Encoding': 'chunked'
    'X-CORRELATION-ID': 'REDACTED'
2026-06-14T14:44:15.637 [Information] DefaultAzureCredential acquired a token from ManagedIdentityCredential
2026-06-14T14:44:15.637 [Information] Request URL: 'https://insytprodstorage.blob.core.windows.net/insyt-capture/capture/Client%20Demo2/Project%20Demo2/processing_center/jobs/JOB-3412B9794B724D12/status.json'
Request method: 'GET'
Request headers:
    'x-ms-range': 'REDACTED'
    'x-ms-version': 'REDACTED'
    'Accept': 'application/xml'
    'User-Agent': 'azsdk-python-storage-blob/12.30.0 Python/3.12.13 (Linux-6.6.138.1-1.azl3-x86_64-with-glibc2.36)'
    'x-ms-date': 'REDACTED'
    'x-ms-client-request-id': '841b0c36-67ff-11f1-8bea-c6d42bd80672'
    'Authorization': 'REDACTED'
No body was attached to the request
2026-06-14T14:44:15.692 [Information] Request [26960454-60fc-4029-bc92-010a16271055] GET https://insytprodstorage.queue.core.windows.net/apc-processing-jobs/messages?numofmessages=16&visibilitytimeout=600
x-ms-version:2025-11-05
Accept:application/xml
x-ms-client-request-id:26960454-60fc-4029-bc92-010a16271055
x-ms-return-client-request-id:true
User-Agent:azsdk-net-Storage.Queues/12.24.0 (.NET 8.0.26; Debian GNU/Linux 12 (bookworm))
x-ms-date:Sun, 14 Jun 2026 14:44:15 GMT
Authorization:REDACTED
client assembly: Azure.Storage.Queues
2026-06-14T14:44:15.724 [Information] Response [26960454-60fc-4029-bc92-010a16271055] 200 OK (00.0s)
Cache-Control:no-cache
Transfer-Encoding:chunked
Server:Windows-Azure-Queue/1.0 Microsoft-HTTPAPI/2.0
x-ms-request-id:36d019b4-5003-002a-7a0c-fcd29c000000
x-ms-client-request-id:26960454-60fc-4029-bc92-010a16271055
x-ms-version:2025-11-05
Date:Sun, 14 Jun 2026 14:44:15 GMT
Content-Type:application/xml
2026-06-14T14:44:15.813 [Information] Response status: 206
Response headers:
    'Content-Length': '840'
    'Content-Type': 'application/json'
    'Content-Range': 'REDACTED'
    'Last-Modified': 'Sun, 14 Jun 2026 14:44:15 GMT'
    'Accept-Ranges': 'REDACTED'
    'ETag': '"0x8DECA23684C4C1B"'
    'Server': 'Windows-Azure-Blob/1.0 Microsoft-HTTPAPI/2.0'
    'x-ms-request-id': '13b9afc3-f01e-007e-040c-fc9dcb000000'
    'x-ms-client-request-id': '841b0c36-67ff-11f1-8bea-c6d42bd80672'
    'x-ms-version': 'REDACTED'
    'x-ms-version-id': 'REDACTED'
    'x-ms-is-current-version': 'REDACTED'
    'x-ms-creation-time': 'REDACTED'
    'x-ms-blob-content-md5': 'REDACTED'
    'x-ms-lease-status': 'REDACTED'
    'x-ms-lease-state': 'REDACTED'
    'x-ms-blob-type': 'REDACTED'
    'x-ms-server-encrypted': 'REDACTED'
    'x-ms-access-tier': 'REDACTED'
    'x-ms-access-tier-inferred': 'REDACTED'
    'Date': 'Sun, 14 Jun 2026 14:44:15 GMT'
2026-06-14T14:44:15.813 [Information] No environment configuration found.
2026-06-14T14:44:15.817 [Information] ManagedIdentityCredential will use App Service managed identity
2026-06-14T14:44:15.817 [Information] Request URL: 'http://169.254.129.6:8081/msi/token?api-version=2019-08-01&resource=REDACTED'
Request method: 'GET'
Request headers:
    'X-IDENTITY-HEADER': 'REDACTED'
    'Metadata': 'REDACTED'
    'User-Agent': 'azsdk-python-identity/1.25.3 Python/3.12.13 (Linux-6.6.138.1-1.azl3-x86_64-with-glibc2.36)'
No body was attached to the request
2026-06-14T14:44:15.835 [Information] Response status: 200
Response headers:
    'Content-Type': 'application/json; charset=utf-8'
    'Date': 'Sun, 14 Jun 2026 14:44:15 GMT'
    'Server': 'Kestrel'
    'Transfer-Encoding': 'chunked'
    'X-CORRELATION-ID': 'REDACTED'
2026-06-14T14:44:15.835 [Information] DefaultAzureCredential acquired a token from ManagedIdentityCredential
2026-06-14T14:44:15.835 [Information] Request URL: 'https://insytprodstorage.blob.core.windows.net/insyt-capture/capture/Client%20Demo2/Project%20Demo2/processing_center/jobs/JOB-3412B9794B724D12/status.json'
Request method: 'PUT'
Request headers:
    'Content-Length': '14562'
    'x-ms-blob-type': 'REDACTED'
    'x-ms-blob-content-type': 'REDACTED'
    'x-ms-version': 'REDACTED'
    'Content-Type': 'application/octet-stream'
    'Accept': 'application/xml'
    'User-Agent': 'azsdk-python-storage-blob/12.30.0 Python/3.12.13 (Linux-6.6.138.1-1.azl3-x86_64-with-glibc2.36)'
    'x-ms-date': 'REDACTED'
    'x-ms-client-request-id': '843d8414-67ff-11f1-8bea-c6d42bd80672'
    'Authorization': 'REDACTED'
A body is sent with the request
2026-06-14T14:44:16.054 [Information] Response status: 201
Response headers:
    'Content-Length': '0'
    'Content-MD5': 'REDACTED'
    'Last-Modified': 'Sun, 14 Jun 2026 14:44:16 GMT'
    'ETag': '"0x8DECA2368937CB8"'
    'Server': 'Windows-Azure-Blob/1.0 Microsoft-HTTPAPI/2.0'
    'x-ms-request-id': '00700aa1-e01e-003f-2c0c-fcc52f000000'
    'x-ms-client-request-id': '843d8414-67ff-11f1-8bea-c6d42bd80672'
    'x-ms-version': 'REDACTED'
    'x-ms-content-crc64': 'REDACTED'
    'x-ms-request-server-encrypted': 'REDACTED'
    'x-ms-version-id': 'REDACTED'
    'Date': 'Sun, 14 Jun 2026 14:44:15 GMT'
2026-06-14T14:44:16.054 [Information] APC processing worker completed queue message.
2026-06-14T14:44:16.055 [Information] Executed 'Functions.apc_processing_queue_worker' (Succeeded, Id=07f57a08-cf8f-4982-b7e0-34972deba2b3, Duration=4198ms)
2026-06-14T14:44:16.058 [Information] Request [4be2708c-010d-40d0-a7cf-c89630f88a97] DELETE https://insytprodstorage.queue.core.windows.net/apc-processing-jobs/messages/da77ba78-bb1b-4308-aec7-3ac93d93d0f8?popreceipt=AgAAAAMAAAAAAAAAZTo9qQ383AE%3D
x-ms-version:2025-11-05
Accept:application/xml
x-ms-client-request-id:4be2708c-010d-40d0-a7cf-c89630f88a97
x-ms-return-client-request-id:true
User-Agent:azsdk-net-Storage.Queues/12.24.0 (.NET 8.0.26; Debian GNU/Linux 12 (bookworm))
x-ms-date:Sun, 14 Jun 2026 14:44:16 GMT
Authorization:REDACTED
client assembly: Azure.Storage.Queues
2026-06-14T14:44:16.094 [Information] Response [4be2708c-010d-40d0-a7cf-c89630f88a97] 204 No Content (00.0s)
Server:Windows-Azure-Queue/1.0 Microsoft-HTTPAPI/2.0
x-ms-request-id:36d01a2d-5003-002a-730c-fcd29c000000
x-ms-client-request-id:4be2708c-010d-40d0-a7cf-c89630f88a97
x-ms-version:2025-11-05
Date:Sun, 14 Jun 2026 14:44:15 GMT
Content-Length:0
2026-06-14T14:44:19.065 [Information] Request [ff8b4d28-ee55-44bd-bc8a-bb6f5c131165] PUT https://insytprodstorage.blob.core.windows.net/azure-webjobs-hosts/locks/insyt-apc-worker-prod-v2/host?comp=lease
x-ms-lease-action:renew
x-ms-lease-id:efd72d50-4497-c861-fc81-eaea63d24d48
x-ms-version:2024-11-04
Accept:application/xml
x-ms-client-request-id:ff8b4d28-ee55-44bd-bc8a-bb6f5c131165
x-ms-return-client-request-id:true
User-Agent:azsdk-net-Storage.Blobs/12.22.1 (.NET 8.0.26; Debian GNU/Linux 12 (bookworm))
x-ms-date:Sun, 14 Jun 2026 14:44:19 GMT
Authorization:REDACTED
client assembly: Azure.Storage.Blobs
2026-06-14T14:44:19.098 [Information] Response [ff8b4d28-ee55-44bd-bc8a-bb6f5c131165] 200 OK (00.0s)
ETag:"0x8DECA2268E017D6"
Server:Windows-Azure-Blob/1.0 Microsoft-HTTPAPI/2.0
x-ms-request-id:529d507f-701e-00c9-3e0c-fcb061000000
x-ms-client-request-id:ff8b4d28-ee55-44bd-bc8a-bb6f5c131165
x-ms-version:2024-11-04
x-ms-lease-id:efd72d50-4497-c861-fc81-eaea63d24d48
Date:Sun, 14 Jun 2026 14:44:18 GMT
Content-Length:0
Last-Modified:Sun, 14 Jun 2026 14:37:07 GMT
2026-06-14T14:44:19.641 [Information] Request [2699e417-cabe-4394-815f-65c56dc8496a] GET https://insytprodstorage.queue.core.windows.net/apc-processing-jobs/messages?numofmessages=16&visibilitytimeout=600
x-ms-version:2025-11-05
Accept:application/xml
x-ms-client-request-id:2699e417-cabe-4394-815f-65c56dc8496a
x-ms-return-client-request-id:true
User-Agent:azsdk-net-Storage.Queues/12.24.0 (.NET 8.0.26; Debian GNU/Linux 12 (bookworm))
x-ms-date:Sun, 14 Jun 2026 14:44:19 GMT
Authorization:REDACTED
client assembly: Azure.Storage.Queues
2026-06-14T14:44:19.673 [Information] Response [2699e417-cabe-4394-815f-65c56dc8496a] 200 OK (00.0s)
Cache-Control:no-cache
Transfer-Encoding:chunked
Server:Windows-Azure-Queue/1.0 Microsoft-HTTPAPI/2.0
x-ms-request-id:36d01ebf-5003-002a-540c-fcd29c000000
x-ms-client-request-id:2699e417-cabe-4394-815f-65c56dc8496a
x-ms-version:2025-11-05
Date:Sun, 14 Jun 2026 14:44:19 GMT
Content-Type:application/xml
2026-06-14T14:44:22.359 [Information] Executing StatusCodeResult, setting HTTP status code 200
2026-06-14T14:44:26.208 [Information] Request [1d267cd9-dd5a-4758-a869-6645f987ac07] GET https://insytprodstorage.queue.core.windows.net/apc-processing-jobs/messages?numofmessages=16&visibilitytimeout=600
x-ms-version:2025-11-05
Accept:application/xml
x-ms-client-request-id:1d267cd9-dd5a-4758-a869-6645f987ac07
x-ms-return-client-request-id:true
User-Agent:azsdk-net-Storage.Queues/12.24.0 (.NET 8.0.26; Debian GNU/Linux 12 (bookworm))
x-ms-date:Sun, 14 Jun 2026 14:44:26 GMT
Authorization:REDACTED
client assembly: Azure.Storage.Queues
2026-06-14T14:44:26.240 [Information] Response [1d267cd9-dd5a-4758-a869-6645f987ac07] 200 OK (00.0s)
Cache-Control:no-cache
Transfer-Encoding:chunked
Server:Windows-Azure-Queue/1.0 Microsoft-HTTPAPI/2.0
x-ms-request-id:36d026d8-5003-002a-100c-fcd29c000000
x-ms-client-request-id:1d267cd9-dd5a-4758-a869-6645f987ac07
x-ms-version:2025-11-05
Date:Sun, 14 Jun 2026 14:44:25 GMT
Content-Type:application/xml
2026-06-14T14:44:31.061 [Information] Request [e5c7cc31-2e12-4a60-9bc6-0a40702fd998] PUT https://insytprodstorage.blob.core.windows.net/azure-webjobs-hosts/locks/insyt-apc-worker-prod-v2/host?comp=lease
x-ms-lease-action:renew
x-ms-lease-id:efd72d50-4497-c861-fc81-eaea63d24d48
x-ms-version:2024-11-04
Accept:application/xml
x-ms-client-request-id:e5c7cc31-2e12-4a60-9bc6-0a40702fd998
x-ms-return-client-request-id:true
User-Agent:azsdk-net-Storage.Blobs/12.22.1 (.NET 8.0.26; Debian GNU/Linux 12 (bookworm))
x-ms-date:Sun, 14 Jun 2026 14:44:31 GMT
Authorization:REDACTED
client assembly: Azure.Storage.Blobs
2026-06-14T14:44:31.094 [Information] Response [e5c7cc31-2e12-4a60-9bc6-0a40702fd998] 200 OK (00.0s)
ETag:"0x8DECA2268E017D6"
Server:Windows-Azure-Blob/1.0 Microsoft-HTTPAPI/2.0
x-ms-request-id:529d7d20-701e-00c9-4a0c-fcb061000000
x-ms-client-request-id:e5c7cc31-2e12-4a60-9bc6-0a40702fd998
x-ms-version:2024-11-04
x-ms-lease-id:efd72d50-4497-c861-fc81-eaea63d24d48
Date:Sun, 14 Jun 2026 14:44:30 GMT
Content-Length:0
Last-Modified:Sun, 14 Jun 2026 14:37:07 GMT
2026-06-14T14:44:32.389 [Information] Executing StatusCodeResult, setting HTTP status code 200
2026-06-14T14:44:38.250 [Information] Request [641a862a-81cb-4782-9b37-f1a27e8cd531] GET https://insytprodstorage.queue.core.windows.net/apc-processing-jobs/messages?numofmessages=16&visibilitytimeout=600
x-ms-version:2025-11-05
Accept:application/xml
x-ms-client-request-id:641a862a-81cb-4782-9b37-f1a27e8cd531
x-ms-return-client-request-id:true
User-Agent:azsdk-net-Storage.Queues/12.24.0 (.NET 8.0.26; Debian GNU/Linux 12 (bookworm))
x-ms-date:Sun, 14 Jun 2026 14:44:38 GMT
Authorization:REDACTED
client assembly: Azure.Storage.Queues
2026-06-14T14:44:38.282 [Information] Response [641a862a-81cb-4782-9b37-f1a27e8cd531] 200 OK (00.0s)
Cache-Control:no-cache
Transfer-Encoding:chunked
Server:Windows-Azure-Queue/1.0 Microsoft-HTTPAPI/2.0
x-ms-request-id:36d03622-5003-002a-010c-fcd29c000000
x-ms-client-request-id:641a862a-81cb-4782-9b37-f1a27e8cd531
x-ms-version:2025-11-05
Date:Sun, 14 Jun 2026 14:44:37 GMT
Content-Type:application/xml
2026-06-14T14:44:38.315 [Information] Request [aadd6935-4b05-4100-bb5a-7ee6660bf5a4] GET https://insytprodstorage.blob.core.windows.net/?comp=list&maxresults=1
x-ms-version:2024-11-04
Accept:application/xml
x-ms-client-request-id:aadd6935-4b05-4100-bb5a-7ee6660bf5a4
x-ms-return-client-request-id:true
User-Agent:azsdk-net-Storage.Blobs/12.22.1 (.NET 8.0.26; Debian GNU/Linux 12 (bookworm))
x-ms-date:Sun, 14 Jun 2026 14:44:38 GMT
Authorization:REDACTED
client assembly: Azure.Storage.Blobs
2026-06-14T14:44:38.347 [Information] Response [aadd6935-4b05-4100-bb5a-7ee6660bf5a4] 200 OK (00.0s)
Transfer-Encoding:chunked
Server:Windows-Azure-Blob/1.0 Microsoft-HTTPAPI/2.0
x-ms-request-id:529d96c8-701e-00c9-620c-fcb061000000
x-ms-client-request-id:aadd6935-4b05-4100-bb5a-7ee6660bf5a4
x-ms-version:2024-11-04
Date:Sun, 14 Jun 2026 14:44:37 GMT
Content-Type:application/xml
2026-06-14T14:44:42.419 [Information] Executing StatusCodeResult, setting HTTP status code 200
2026-06-14T14:44:43.063 [Information] Request [74e2e575-a1c4-454c-b02f-ac3c51afddd0] PUT https://insytprodstorage.blob.core.windows.net/azure-webjobs-hosts/locks/insyt-apc-worker-prod-v2/host?comp=lease
x-ms-lease-action:renew
x-ms-lease-id:efd72d50-4497-c861-fc81-eaea63d24d48
x-ms-version:2024-11-04
Accept:application/xml
x-ms-client-request-id:74e2e575-a1c4-454c-b02f-ac3c51afddd0
x-ms-return-client-request-id:true
User-Agent:azsdk-net-Storage.Blobs/12.22.1 (.NET 8.0.26; Debian GNU/Linux 12 (bookworm))
x-ms-date:Sun, 14 Jun 2026 14:44:43 GMT
Authorization:REDACTED
client assembly: Azure.Storage.Blobs
2026-06-14T14:44:43.096 [Information] Response [74e2e575-a1c4-454c-b02f-ac3c51afddd0] 200 OK (00.0s)
ETag:"0x8DECA2268E017D6"
Server:Windows-Azure-Blob/1.0 Microsoft-HTTPAPI/2.0
x-ms-request-id:529da5e1-701e-00c9-230c-fcb061000000
x-ms-client-request-id:74e2e575-a1c4-454c-b02f-ac3c51afddd0
x-ms-version:2024-11-04
x-ms-lease-id:efd72d50-4497-c861-fc81-eaea63d24d48
Date:Sun, 14 Jun 2026 14:44:42 GMT
Content-Length:0
Last-Modified:Sun, 14 Jun 2026 14:37:07 GMT
2026-06-14T14:44:52.547 [Information] Executing StatusCodeResult, setting HTTP status code 200
2026-06-14T14:44:55.061 [Information] Request [e9142468-fcb4-4cf6-9f36-c8c27f448d74] PUT https://insytprodstorage.blob.core.windows.net/azure-webjobs-hosts/locks/insyt-apc-worker-prod-v2/host?comp=lease
x-ms-lease-action:renew
x-ms-lease-id:efd72d50-4497-c861-fc81-eaea63d24d48
x-ms-version:2024-11-04
Accept:application/xml
x-ms-client-request-id:e9142468-fcb4-4cf6-9f36-c8c27f448d74
x-ms-return-client-request-id:true
User-Agent:azsdk-net-Storage.Blobs/12.22.1 (.NET 8.0.26; Debian GNU/Linux 12 (bookworm))
x-ms-date:Sun, 14 Jun 2026 14:44:55 GMT
Authorization:REDACTED
client assembly: Azure.Storage.Blobs
2026-06-14T14:44:55.094 [Information] Response [e9142468-fcb4-4cf6-9f36-c8c27f448d74] 200 OK (00.0s)
ETag:"0x8DECA2268E017D6"
Server:Windows-Azure-Blob/1.0 Microsoft-HTTPAPI/2.0
x-ms-request-id:529dca4b-701e-00c9-2e0c-fcb061000000
x-ms-client-request-id:e9142468-fcb4-4cf6-9f36-c8c27f448d74
x-ms-version:2024-11-04
x-ms-lease-id:efd72d50-4497-c861-fc81-eaea63d24d48
Date:Sun, 14 Jun 2026 14:44:54 GMT
Content-Length:0
Last-Modified:Sun, 14 Jun 2026 14:37:07 GMT
2026-06-14T14:45:02.600 [Information] Executing StatusCodeResult, setting HTTP status code 200
2026-06-14T14:45:07.063 [Information] Request [96c17ac5-6d0d-4561-a129-2beff6b0e173] PUT https://insytprodstorage.blob.core.windows.net/azure-webjobs-hosts/locks/insyt-apc-worker-prod-v2/host?comp=lease
x-ms-lease-action:renew
x-ms-lease-id:efd72d50-4497-c861-fc81-eaea63d24d48
x-ms-version:2024-11-04
Accept:application/xml
x-ms-client-request-id:96c17ac5-6d0d-4561-a129-2beff6b0e173
x-ms-return-client-request-id:true
User-Agent:azsdk-net-Storage.Blobs/12.22.1 (.NET 8.0.26; Debian GNU/Linux 12 (bookworm))
x-ms-date:Sun, 14 Jun 2026 14:45:07 GMT
Authorization:REDACTED
client assembly: Azure.Storage.Blobs
2026-06-14T14:45:07.096 [Information] Response [96c17ac5-6d0d-4561-a129-2beff6b0e173] 200 OK (00.0s)
ETag:"0x8DECA2268E017D6"
Server:Windows-Azure-Blob/1.0 Microsoft-HTTPAPI/2.0
x-ms-request-id:529df39f-701e-00c9-2b0c-fcb061000000
x-ms-client-request-id:96c17ac5-6d0d-4561-a129-2beff6b0e173
x-ms-version:2024-11-04
x-ms-lease-id:efd72d50-4497-c861-fc81-eaea63d24d48
Date:Sun, 14 Jun 2026 14:45:06 GMT
Content-Length:0
Last-Modified:Sun, 14 Jun 2026 14:37:07 GMT
2026-06-14T14:45:08.345 [Information] Request [dd6894de-5505-4088-905a-67e0748e1299] GET https://insytprodstorage.blob.core.windows.net/?comp=list&maxresults=1
x-ms-version:2024-11-04
Accept:application/xml
x-ms-client-request-id:dd6894de-5505-4088-905a-67e0748e1299
x-ms-return-client-request-id:true
User-Agent:azsdk-net-Storage.Blobs/12.22.1 (.NET 8.0.26; Debian GNU/Linux 12 (bookworm))
x-ms-date:Sun, 14 Jun 2026 14:45:08 GMT
Authorization:REDACTED
client assembly: Azure.Storage.Blobs
2026-06-14T14:45:08.377 [Information] Response [dd6894de-5505-4088-905a-67e0748e1299] 200 OK (00.0s)
Transfer-Encoding:chunked
Server:Windows-Azure-Blob/1.0 Microsoft-HTTPAPI/2.0
x-ms-request-id:529df8dd-701e-00c9-050c-fcb061000000
x-ms-client-request-id:dd6894de-5505-4088-905a-67e0748e1299
x-ms-version:2024-11-04
Date:Sun, 14 Jun 2026 14:45:07 GMT
Content-Type:application/xml
2026-06-14T14:45:09.093 [Information] Request [f2a657db-1905-41ff-805b-0fe1ed5e02a0] GET https://insytprodstorage.queue.core.windows.net/apc-processing-jobs/messages?numofmessages=16&visibilitytimeout=600
x-ms-version:2025-11-05
Accept:application/xml
x-ms-client-request-id:f2a657db-1905-41ff-805b-0fe1ed5e02a0
x-ms-return-client-request-id:true
User-Agent:azsdk-net-Storage.Queues/12.24.0 (.NET 8.0.26; Debian GNU/Linux 12 (bookworm))
x-ms-date:Sun, 14 Jun 2026 14:45:09 GMT
Authorization:REDACTED
client assembly: Azure.Storage.Queues
2026-06-14T14:45:09.128 [Information] Response [f2a657db-1905-41ff-805b-0fe1ed5e02a0] 200 OK (00.0s)
Cache-Control:no-cache
Transfer-Encoding:chunked
Server:Windows-Azure-Queue/1.0 Microsoft-HTTPAPI/2.0
x-ms-request-id:36d060aa-5003-002a-040c-fcd29c000000
x-ms-client-request-id:f2a657db-1905-41ff-805b-0fe1ed5e02a0
x-ms-version:2025-11-05
Date:Sun, 14 Jun 2026 14:45:08 GMT
Content-Type:application/xml
2026-06-14T14:45:12.635 [Information] Executing StatusCodeResult, setting HTTP status code 200
2026-06-14T14:45:19.061 [Information] Request [2be4f3da-3934-47dc-a530-66fc5c1163ae] PUT https://insytprodstorage.blob.core.windows.net/azure-webjobs-hosts/locks/insyt-apc-worker-prod-v2/host?comp=lease
x-ms-lease-action:renew
x-ms-lease-id:efd72d50-4497-c861-fc81-eaea63d24d48
x-ms-version:2024-11-04
Accept:application/xml
x-ms-client-request-id:2be4f3da-3934-47dc-a530-66fc5c1163ae
x-ms-return-client-request-id:true
User-Agent:azsdk-net-Storage.Blobs/12.22.1 (.NET 8.0.26; Debian GNU/Linux 12 (bookworm))
x-ms-date:Sun, 14 Jun 2026 14:45:19 GMT
Authorization:REDACTED
client assembly: Azure.Storage.Blobs
2026-06-14T14:45:19.094 [Information] Response [2be4f3da-3934-47dc-a530-66fc5c1163ae] 200 OK (00.0s)
ETag:"0x8DECA2268E017D6"
Server:Windows-Azure-Blob/1.0 Microsoft-HTTPAPI/2.0
x-ms-request-id:529e1a22-701e-00c9-800c-fcb061000000
x-ms-client-request-id:2be4f3da-3934-47dc-a530-66fc5c1163ae
x-ms-version:2024-11-04
x-ms-lease-id:efd72d50-4497-c861-fc81-eaea63d24d48
Date:Sun, 14 Jun 2026 14:45:18 GMT
Content-Length:0
Last-Modified:Sun, 14 Jun 2026 14:37:07 GMT
2026-06-14T14:45:22.686 [Information] Executing StatusCodeResult, setting HTTP status code 200
2026-06-14T14:45:31.061 [Information] Request [beca45df-4ccd-4b7e-b39a-afc9fdba3534] PUT https://insytprodstorage.blob.core.windows.net/azure-webjobs-hosts/locks/insyt-apc-worker-prod-v2/host?comp=lease
x-ms-lease-action:renew
x-ms-lease-id:efd72d50-4497-c861-fc81-eaea63d24d48
x-ms-version:2024-11-04
Accept:application/xml
x-ms-client-request-id:beca45df-4ccd-4b7e-b39a-afc9fdba3534
x-ms-return-client-request-id:true
User-Agent:azsdk-net-Storage.Blobs/12.22.1 (.NET 8.0.26; Debian GNU/Linux 12 (bookworm))
x-ms-date:Sun, 14 Jun 2026 14:45:31 GMT
Authorization:REDACTED
client assembly: Azure.Storage.Blobs
2026-06-14T14:45:31.094 [Information] Response [beca45df-4ccd-4b7e-b39a-afc9fdba3534] 200 OK (00.0s)
ETag:"0x8DECA2268E017D6"
Server:Windows-Azure-Blob/1.0 Microsoft-HTTPAPI/2.0
x-ms-request-id:529e3d55-701e-00c9-500c-fcb061000000
x-ms-client-request-id:beca45df-4ccd-4b7e-b39a-afc9fdba3534
x-ms-version:2024-11-04
x-ms-lease-id:efd72d50-4497-c861-fc81-eaea63d24d48
Date:Sun, 14 Jun 2026 14:45:30 GMT
Content-Length:0
Last-Modified:Sun, 14 Jun 2026 14:37:07 GMT
2026-06-14T14:45:32.732 [Information] Executing StatusCodeResult, setting HTTP status code 200
2026-06-14T14:45:38.377 [Information] Request [2fa53b17-a438-41d4-9230-109cae0715fa] GET https://insytprodstorage.blob.core.windows.net/?comp=list&maxresults=1
x-ms-version:2024-11-04
Accept:application/xml
x-ms-client-request-id:2fa53b17-a438-41d4-9230-109cae0715fa
x-ms-return-client-request-id:true
User-Agent:azsdk-net-Storage.Blobs/12.22.1 (.NET 8.0.26; Debian GNU/Linux 12 (bookworm))
x-ms-date:Sun, 14 Jun 2026 14:45:38 GMT
Authorization:REDACTED
client assembly: Azure.Storage.Blobs
2026-06-14T14:45:38.411 [Information] Response [2fa53b17-a438-41d4-9230-109cae0715fa] 200 OK (00.0s)
Transfer-Encoding:chunked
Server:Windows-Azure-Blob/1.0 Microsoft-HTTPAPI/2.0
x-ms-request-id:529e52f4-701e-00c9-660c-fcb061000000
x-ms-client-request-id:2fa53b17-a438-41d4-9230-109cae0715fa
x-ms-version:2024-11-04
Date:Sun, 14 Jun 2026 14:45:37 GMT
Content-Type:application/xml
2026-06-14T14:45:42.783 [Information] Executing StatusCodeResult, setting HTTP status code 200
2026-06-14T14:45:43.061 [Information] Request [d3c1af37-d230-4734-8f24-8503b5bf6a14] PUT https://insytprodstorage.blob.core.windows.net/azure-webjobs-hosts/locks/insyt-apc-worker-prod-v2/host?comp=lease
x-ms-lease-action:renew
x-ms-lease-id:efd72d50-4497-c861-fc81-eaea63d24d48
x-ms-version:2024-11-04
Accept:application/xml
x-ms-client-request-id:d3c1af37-d230-4734-8f24-8503b5bf6a14
x-ms-return-client-request-id:true
User-Agent:azsdk-net-Storage.Blobs/12.22.1 (.NET 8.0.26; Debian GNU/Linux 12 (bookworm))
x-ms-date:Sun, 14 Jun 2026 14:45:43 GMT
Authorization:REDACTED
client assembly: Azure.Storage.Blobs
2026-06-14T14:45:43.094 [Information] Response [d3c1af37-d230-4734-8f24-8503b5bf6a14] 200 OK (00.0s)
ETag:"0x8DECA2268E017D6"
Server:Windows-Azure-Blob/1.0 Microsoft-HTTPAPI/2.0
x-ms-request-id:529e62be-701e-00c9-320c-fcb061000000
x-ms-client-request-id:d3c1af37-d230-4734-8f24-8503b5bf6a14
x-ms-version:2024-11-04
x-ms-lease-id:efd72d50-4497-c861-fc81-eaea63d24d48
Date:Sun, 14 Jun 2026 14:45:42 GMT
Content-Length:0
Last-Modified:Sun, 14 Jun 2026 14:37:07 GMT
2026-06-14T14:45:52.836 [Information] Executing StatusCodeResult, setting HTTP status code 200
2026-06-14T14:45:54.495 [Information] Request [b1e2e56d-839f-460a-aaab-14b589584c82] GET https://insytprodstorage.queue.core.windows.net/apc-processing-jobs/messages?numofmessages=16&visibilitytimeout=600
x-ms-version:2025-11-05
Accept:application/xml
x-ms-client-request-id:b1e2e56d-839f-460a-aaab-14b589584c82
x-ms-return-client-request-id:true
User-Agent:azsdk-net-Storage.Queues/12.24.0 (.NET 8.0.26; Debian GNU/Linux 12 (bookworm))
x-ms-date:Sun, 14 Jun 2026 14:45:54 GMT
Authorization:REDACTED
client assembly: Azure.Storage.Queues
2026-06-14T14:45:54.530 [Information] Response [b1e2e56d-839f-460a-aaab-14b589584c82] 200 OK (00.0s)
Cache-Control:no-cache
Transfer-Encoding:chunked
Server:Windows-Azure-Queue/1.0 Microsoft-HTTPAPI/2.0
x-ms-request-id:36d09e5e-5003-002a-670c-fcd29c000000
x-ms-client-request-id:b1e2e56d-839f-460a-aaab-14b589584c82
x-ms-version:2025-11-05
Date:Sun, 14 Jun 2026 14:45:53 GMT
Content-Type:application/xml
2026-06-14T14:45:55.065 [Information] Request [54ab2d32-396d-40da-95c2-1ffe56c63a50] PUT https://insytprodstorage.blob.core.windows.net/azure-webjobs-hosts/locks/insyt-apc-worker-prod-v2/host?comp=lease
x-ms-lease-action:renew
x-ms-lease-id:efd72d50-4497-c861-fc81-eaea63d24d48
x-ms-version:2024-11-04
Accept:application/xml
x-ms-client-request-id:54ab2d32-396d-40da-95c2-1ffe56c63a50
x-ms-return-client-request-id:true
User-Agent:azsdk-net-Storage.Blobs/12.22.1 (.NET 8.0.26; Debian GNU/Linux 12 (bookworm))
x-ms-date:Sun, 14 Jun 2026 14:45:55 GMT
Authorization:REDACTED
client assembly: Azure.Storage.Blobs
2026-06-14T14:45:55.097 [Information] Response [54ab2d32-396d-40da-95c2-1ffe56c63a50] 200 OK (00.0s)
ETag:"0x8DECA2268E017D6"
Server:Windows-Azure-Blob/1.0 Microsoft-HTTPAPI/2.0
x-ms-request-id:529e85f1-701e-00c9-780c-fcb061000000
x-ms-client-request-id:54ab2d32-396d-40da-95c2-1ffe56c63a50
x-ms-version:2024-11-04
x-ms-lease-id:efd72d50-4497-c861-fc81-eaea63d24d48
Date:Sun, 14 Jun 2026 14:45:54 GMT
Content-Length:0
Last-Modified:Sun, 14 Jun 2026 14:37:07 GMT
2026-06-14T14:46:02.888 [Information] Executing StatusCodeResult, setting HTTP status code 200
2026-06-14T14:46:07.065 [Information] Request [30c0413d-5d99-46d8-b30d-4d47256cd891] PUT https://insytprodstorage.blob.core.windows.net/azure-webjobs-hosts/locks/insyt-apc-worker-prod-v2/host?comp=lease
x-ms-lease-action:renew
x-ms-lease-id:efd72d50-4497-c861-fc81-eaea63d24d48
x-ms-version:2024-11-04
Accept:application/xml
x-ms-client-request-id:30c0413d-5d99-46d8-b30d-4d47256cd891
x-ms-return-client-request-id:true
User-Agent:azsdk-net-Storage.Blobs/12.22.1 (.NET 8.0.26; Debian GNU/Linux 12 (bookworm))
x-ms-date:Sun, 14 Jun 2026 14:46:07 GMT
Authorization:REDACTED
client assembly: Azure.Storage.Blobs
2026-06-14T14:46:07.100 [Information] Response [30c0413d-5d99-46d8-b30d-4d47256cd891] 200 OK (00.0s)
ETag:"0x8DECA2268E017D6"
Server:Windows-Azure-Blob/1.0 Microsoft-HTTPAPI/2.0
x-ms-request-id:529eaca5-701e-00c9-1e0c-fcb061000000
x-ms-client-request-id:30c0413d-5d99-46d8-b30d-4d47256cd891
x-ms-version:2024-11-04
x-ms-lease-id:efd72d50-4497-c861-fc81-eaea63d24d48
Date:Sun, 14 Jun 2026 14:46:06 GMT
Content-Length:0
Last-Modified:Sun, 14 Jun 2026 14:37:07 GMT
2026-06-14T14:46:08.414 [Information] Request [7632d82b-30b0-4c08-a37f-1cc29c49f2e9] GET https://insytprodstorage.blob.core.windows.net/?comp=list&maxresults=1
x-ms-version:2024-11-04
Accept:application/xml
x-ms-client-request-id:7632d82b-30b0-4c08-a37f-1cc29c49f2e9
x-ms-return-client-request-id:true
User-Agent:azsdk-net-Storage.Blobs/12.22.1 (.NET 8.0.26; Debian GNU/Linux 12 (bookworm))
x-ms-date:Sun, 14 Jun 2026 14:46:08 GMT
Authorization:REDACTED
client assembly: Azure.Storage.Blobs
2026-06-14T14:46:08.446 [Information] Response [7632d82b-30b0-4c08-a37f-1cc29c49f2e9] 200 OK (00.0s)
Transfer-Encoding:chunked
Server:Windows-Azure-Blob/1.0 Microsoft-HTTPAPI/2.0
x-ms-request-id:529eb090-701e-00c9-130c-fcb061000000
x-ms-client-request-id:7632d82b-30b0-4c08-a37f-1cc29c49f2e9
x-ms-version:2024-11-04
Date:Sun, 14 Jun 2026 14:46:07 GMT
Content-Type:application/xml
2026-06-14T14:46:12.926 [Information] Executing StatusCodeResult, setting HTTP status code 200
2026-06-14T14:46:19.064 [Information] Request [2bfc0880-d9ab-410e-817d-9fe41f62a894] PUT https://insytprodstorage.blob.core.windows.net/azure-webjobs-hosts/locks/insyt-apc-worker-prod-v2/host?comp=lease
x-ms-lease-action:renew
x-ms-lease-id:efd72d50-4497-c861-fc81-eaea63d24d48
x-ms-version:2024-11-04
Accept:application/xml
x-ms-client-request-id:2bfc0880-d9ab-410e-817d-9fe41f62a894
x-ms-return-client-request-id:true
User-Agent:azsdk-net-Storage.Blobs/12.22.1 (.NET 8.0.26; Debian GNU/Linux 12 (bookworm))
x-ms-date:Sun, 14 Jun 2026 14:46:19 GMT
Authorization:REDACTED
client assembly: Azure.Storage.Blobs
2026-06-14T14:46:19.096 [Information] Response [2bfc0880-d9ab-410e-817d-9fe41f62a894] 200 OK (00.0s)
ETag:"0x8DECA2268E017D6"
Server:Windows-Azure-Blob/1.0 Microsoft-HTTPAPI/2.0
x-ms-request-id:529ecff2-701e-00c9-510c-fcb061000000
x-ms-client-request-id:2bfc0880-d9ab-410e-817d-9fe41f62a894
x-ms-version:2024-11-04
x-ms-lease-id:efd72d50-4497-c861-fc81-eaea63d24d48
Date:Sun, 14 Jun 2026 14:46:18 GMT
Content-Length:0
Last-Modified:Sun, 14 Jun 2026 14:37:07 GMT
2026-06-14T14:46:22.973 [Information] Executing StatusCodeResult, setting HTTP status code 200
2026-06-14T14:46:31.064 [Information] Request [880997ad-8e5a-47e0-adf2-dff7e49aa998] PUT https://insytprodstorage.blob.core.windows.net/azure-webjobs-hosts/locks/insyt-apc-worker-prod-v2/host?comp=lease
x-ms-lease-action:renew
x-ms-lease-id:efd72d50-4497-c861-fc81-eaea63d24d48
x-ms-version:2024-11-04
Accept:application/xml
x-ms-client-request-id:880997ad-8e5a-47e0-adf2-dff7e49aa998
x-ms-return-client-request-id:true
User-Agent:azsdk-net-Storage.Blobs/12.22.1 (.NET 8.0.26; Debian GNU/Linux 12 (bookworm))
x-ms-date:Sun, 14 Jun 2026 14:46:31 GMT
Authorization:REDACTED
client assembly: Azure.Storage.Blobs
2026-06-14T14:46:31.097 [Information] Response [880997ad-8e5a-47e0-adf2-dff7e49aa998] 200 OK (00.0s)
ETag:"0x8DECA2268E017D6"
Server:Windows-Azure-Blob/1.0 Microsoft-HTTPAPI/2.0
x-ms-request-id:529ef019-701e-00c9-3c0c-fcb061000000
x-ms-client-request-id:880997ad-8e5a-47e0-adf2-dff7e49aa998
x-ms-version:2024-11-04
x-ms-lease-id:efd72d50-4497-c861-fc81-eaea63d24d48
Date:Sun, 14 Jun 2026 14:46:30 GMT
Content-Length:0
Last-Modified:Sun, 14 Jun 2026 14:37:07 GMT
2026-06-14T14:46:33.030 [Information] Executing StatusCodeResult, setting HTTP status code 200
2026-06-14T14:46:38.447 [Information] Request [8cf27ea5-93c1-4564-9a6d-1dde5b545f57] GET https://insytprodstorage.blob.core.windows.net/?comp=list&maxresults=1
x-ms-version:2024-11-04
Accept:application/xml
x-ms-client-request-id:8cf27ea5-93c1-4564-9a6d-1dde5b545f57
x-ms-return-client-request-id:true
User-Agent:azsdk-net-Storage.Blobs/12.22.1 (.NET 8.0.26; Debian GNU/Linux 12 (bookworm))
x-ms-date:Sun, 14 Jun 2026 14:46:38 GMT
Authorization:REDACTED
client assembly: Azure.Storage.Blobs
2026-06-14T14:46:38.850 [Information] Response [8cf27ea5-93c1-4564-9a6d-1dde5b545f57] 200 OK (00.4s)
Transfer-Encoding:chunked
Server:Windows-Azure-Blob/1.0 Microsoft-HTTPAPI/2.0
x-ms-request-id:43595e47-201e-0042-770c-fcb40c000000
x-ms-client-request-id:8cf27ea5-93c1-4564-9a6d-1dde5b545f57
x-ms-version:2024-11-04
Date:Sun, 14 Jun 2026 14:46:38 GMT
Content-Type:application/xml
2026-06-14T14:46:43.061 [Information] Request [3a8151e6-8958-492e-9204-d6335613495d] PUT https://insytprodstorage.blob.core.windows.net/azure-webjobs-hosts/locks/insyt-apc-worker-prod-v2/host?comp=lease
x-ms-lease-action:renew
x-ms-lease-id:efd72d50-4497-c861-fc81-eaea63d24d48
x-ms-version:2024-11-04
Accept:application/xml
x-ms-client-request-id:3a8151e6-8958-492e-9204-d6335613495d
x-ms-return-client-request-id:true
User-Agent:azsdk-net-Storage.Blobs/12.22.1 (.NET 8.0.26; Debian GNU/Linux 12 (bookworm))
x-ms-date:Sun, 14 Jun 2026 14:46:43 GMT
Authorization:REDACTED
client assembly: Azure.Storage.Blobs
2026-06-14T14:46:43.093 [Information] Executing StatusCodeResult, setting HTTP status code 200
2026-06-14T14:46:43.094 [Information] Response [3a8151e6-8958-492e-9204-d6335613495d] 200 OK (00.0s)
ETag:"0x8DECA2268E017D6"
Server:Windows-Azure-Blob/1.0 Microsoft-HTTPAPI/2.0
x-ms-request-id:435968ab-201e-0042-5f0c-fcb40c000000
x-ms-client-request-id:3a8151e6-8958-492e-9204-d6335613495d
x-ms-version:2024-11-04
x-ms-lease-id:efd72d50-4497-c861-fc81-eaea63d24d48
Date:Sun, 14 Jun 2026 14:46:42 GMT
Content-Length:0
Last-Modified:Sun, 14 Jun 2026 14:37:07 GMT
2026-06-14T14:46:53.136 [Information] Executing StatusCodeResult, setting HTTP status code 200
2026-06-14T14:46:54.529 [Information] Request [22742d43-b2e6-4e1b-8077-494cb6e00d81] GET https://insytprodstorage.queue.core.windows.net/apc-processing-jobs/messages?numofmessages=16&visibilitytimeout=600
x-ms-version:2025-11-05
Accept:application/xml
x-ms-client-request-id:22742d43-b2e6-4e1b-8077-494cb6e00d81
x-ms-return-client-request-id:true
User-Agent:azsdk-net-Storage.Queues/12.24.0 (.NET 8.0.26; Debian GNU/Linux 12 (bookworm))
x-ms-date:Sun, 14 Jun 2026 14:46:54 GMT
Authorization:REDACTED
client assembly: Azure.Storage.Queues
2026-06-14T14:46:54.564 [Information] Response [22742d43-b2e6-4e1b-8077-494cb6e00d81] 200 OK (00.0s)
Cache-Control:no-cache
Transfer-Encoding:chunked
Server:Windows-Azure-Queue/1.0 Microsoft-HTTPAPI/2.0
x-ms-request-id:36d0df8c-5003-002a-670c-fcd29c000000
x-ms-client-request-id:22742d43-b2e6-4e1b-8077-494cb6e00d81
x-ms-version:2025-11-05
Date:Sun, 14 Jun 2026 14:46:53 GMT
Content-Type:application/xml
2026-06-14T14:46:55.061 [Information] Request [43835e11-5e58-4707-9d11-718285be47fb] PUT https://insytprodstorage.blob.core.windows.net/azure-webjobs-hosts/locks/insyt-apc-worker-prod-v2/host?comp=lease
x-ms-lease-action:renew
x-ms-lease-id:efd72d50-4497-c861-fc81-eaea63d24d48
x-ms-version:2024-11-04
Accept:application/xml
x-ms-client-request-id:43835e11-5e58-4707-9d11-718285be47fb
x-ms-return-client-request-id:true
User-Agent:azsdk-net-Storage.Blobs/12.22.1 (.NET 8.0.26; Debian GNU/Linux 12 (bookworm))
x-ms-date:Sun, 14 Jun 2026 14:46:55 GMT
Authorization:REDACTED
client assembly: Azure.Storage.Blobs
2026-06-14T14:46:55.093 [Information] Response [43835e11-5e58-4707-9d11-718285be47fb] 200 OK (00.0s)
ETag:"0x8DECA2268E017D6"
Server:Windows-Azure-Blob/1.0 Microsoft-HTTPAPI/2.0
x-ms-request-id:435986ca-201e-0042-5e0c-fcb40c000000
x-ms-client-request-id:43835e11-5e58-4707-9d11-718285be47fb
x-ms-version:2024-11-04
x-ms-lease-id:efd72d50-4497-c861-fc81-eaea63d24d48
Date:Sun, 14 Jun 2026 14:46:54 GMT
Content-Length:0
Last-Modified:Sun, 14 Jun 2026 14:37:07 GMT
2026-06-14T14:47:03.194 [Information] Executing StatusCodeResult, setting HTTP status code 200
2026-06-14T14:47:07.064 [Information] Request [457f139b-c9d8-4adc-9451-dcaa9d58858f] PUT https://insytprodstorage.blob.core.windows.net/azure-webjobs-hosts/locks/insyt-apc-worker-prod-v2/host?comp=lease
x-ms-lease-action:renew
x-ms-lease-id:efd72d50-4497-c861-fc81-eaea63d24d48
x-ms-version:2024-11-04
Accept:application/xml
x-ms-client-request-id:457f139b-c9d8-4adc-9451-dcaa9d58858f
x-ms-return-client-request-id:true
User-Agent:azsdk-net-Storage.Blobs/12.22.1 (.NET 8.0.26; Debian GNU/Linux 12 (bookworm))
x-ms-date:Sun, 14 Jun 2026 14:47:07 GMT
Authorization:REDACTED
client assembly: Azure.Storage.Blobs
2026-06-14T14:47:07.097 [Information] Response [457f139b-c9d8-4adc-9451-dcaa9d58858f] 200 OK (00.0s)
ETag:"0x8DECA2268E017D6"
Server:Windows-Azure-Blob/1.0 Microsoft-HTTPAPI/2.0
x-ms-request-id:4359a48e-201e-0042-760c-fcb40c000000
x-ms-client-request-id:457f139b-c9d8-4adc-9451-dcaa9d58858f
x-ms-version:2024-11-04
x-ms-lease-id:efd72d50-4497-c861-fc81-eaea63d24d48
Date:Sun, 14 Jun 2026 14:47:06 GMT
Content-Length:0
Last-Modified:Sun, 14 Jun 2026 14:37:07 GMT
2026-06-14T14:47:08.850 [Information] Request [aa693977-1950-4be6-bad6-4f2105d2894b] GET https://insytprodstorage.blob.core.windows.net/?comp=list&maxresults=1
x-ms-version:2024-11-04
Accept:application/xml
x-ms-client-request-id:aa693977-1950-4be6-bad6-4f2105d2894b
x-ms-return-client-request-id:true
User-Agent:azsdk-net-Storage.Blobs/12.22.1 (.NET 8.0.26; Debian GNU/Linux 12 (bookworm))
x-ms-date:Sun, 14 Jun 2026 14:47:08 GMT
Authorization:REDACTED
client assembly: Azure.Storage.Blobs
2026-06-14T14:47:08.883 [Information] Response [aa693977-1950-4be6-bad6-4f2105d2894b] 200 OK (00.0s)
Transfer-Encoding:chunked
Server:Windows-Azure-Blob/1.0 Microsoft-HTTPAPI/2.0
x-ms-request-id:4359a946-201e-0042-4c0c-fcb40c000000
x-ms-client-request-id:aa693977-1950-4be6-bad6-4f2105d2894b
x-ms-version:2024-11-04
Date:Sun, 14 Jun 2026 14:47:08 GMT
Content-Type:application/xml
2026-06-14T14:47:13.237 [Information] Executing StatusCodeResult, setting HTTP status code 200
2026-06-14T14:47:19.062 [Information] Request [b66d57dd-add8-4b4f-b866-8c372d3636b8] PUT https://insytprodstorage.blob.core.windows.net/azure-webjobs-hosts/locks/insyt-apc-worker-prod-v2/host?comp=lease
x-ms-lease-action:renew
x-ms-lease-id:efd72d50-4497-c861-fc81-eaea63d24d48
x-ms-version:2024-11-04
Accept:application/xml
x-ms-client-request-id:b66d57dd-add8-4b4f-b866-8c372d3636b8
x-ms-return-client-request-id:true
User-Agent:azsdk-net-Storage.Blobs/12.22.1 (.NET 8.0.26; Debian GNU/Linux 12 (bookworm))
x-ms-date:Sun, 14 Jun 2026 14:47:19 GMT
Authorization:REDACTED
client assembly: Azure.Storage.Blobs
2026-06-14T14:47:19.094 [Information] Response [b66d57dd-add8-4b4f-b866-8c372d3636b8] 200 OK (00.0s)
ETag:"0x8DECA2268E017D6"
Server:Windows-Azure-Blob/1.0 Microsoft-HTTPAPI/2.0
x-ms-request-id:4359cd47-201e-0042-060c-fcb40c000000
x-ms-client-request-id:b66d57dd-add8-4b4f-b866-8c372d3636b8
x-ms-version:2024-11-04
x-ms-lease-id:efd72d50-4497-c861-fc81-eaea63d24d48
Date:Sun, 14 Jun 2026 14:47:18 GMT
Content-Length:0
Last-Modified:Sun, 14 Jun 2026 14:37:07 GMT
2026-06-14T14:47:23.283 [Information] Executing StatusCodeResult, setting HTTP status code 200
2026-06-14T14:47:31.061 [Information] Request [6cf32100-2d33-46a2-abe7-bec51b6d4b0d] PUT https://insytprodstorage.blob.core.windows.net/azure-webjobs-hosts/locks/insyt-apc-worker-prod-v2/host?comp=lease
x-ms-lease-action:renew
x-ms-lease-id:efd72d50-4497-c861-fc81-eaea63d24d48
x-ms-version:2024-11-04
Accept:application/xml
x-ms-client-request-id:6cf32100-2d33-46a2-abe7-bec51b6d4b0d
x-ms-return-client-request-id:true
User-Agent:azsdk-net-Storage.Blobs/12.22.1 (.NET 8.0.26; Debian GNU/Linux 12 (bookworm))
x-ms-date:Sun, 14 Jun 2026 14:47:31 GMT
Authorization:REDACTED
client assembly: Azure.Storage.Blobs
2026-06-14T14:47:31.093 [Information] Response [6cf32100-2d33-46a2-abe7-bec51b6d4b0d] 200 OK (00.0s)
ETag:"0x8DECA2268E017D6"
Server:Windows-Azure-Blob/1.0 Microsoft-HTTPAPI/2.0
x-ms-request-id:4359fb5a-201e-0042-3d0c-fcb40c000000
x-ms-client-request-id:6cf32100-2d33-46a2-abe7-bec51b6d4b0d
x-ms-version:2024-11-04
x-ms-lease-id:efd72d50-4497-c861-fc81-eaea63d24d48
Date:Sun, 14 Jun 2026 14:47:30 GMT
Content-Length:0
Last-Modified:Sun, 14 Jun 2026 14:37:07 GMT
2026-06-14T14:47:33.330 [Information] Executing StatusCodeResult, setting HTTP status code 200
2026-06-14T14:47:38.883 [Information] Request [d71a249e-a743-4dfa-add7-98a7e9c6b726] GET https://insytprodstorage.blob.core.windows.net/?comp=list&maxresults=1
x-ms-version:2024-11-04
Accept:application/xml
x-ms-client-request-id:d71a249e-a743-4dfa-add7-98a7e9c6b726
x-ms-return-client-request-id:true
User-Agent:azsdk-net-Storage.Blobs/12.22.1 (.NET 8.0.26; Debian GNU/Linux 12 (bookworm))
x-ms-date:Sun, 14 Jun 2026 14:47:38 GMT
Authorization:REDACTED
client assembly: Azure.Storage.Blobs
2026-06-14T14:47:38.915 [Information] Response [d71a249e-a743-4dfa-add7-98a7e9c6b726] 200 OK (00.0s)
Transfer-Encoding:chunked
Server:Windows-Azure-Blob/1.0 Microsoft-HTTPAPI/2.0
x-ms-request-id:435a1d8f-201e-0042-680c-fcb40c000000
x-ms-client-request-id:d71a249e-a743-4dfa-add7-98a7e9c6b726
x-ms-version:2024-11-04
Date:Sun, 14 Jun 2026 14:47:38 GMT
Content-Type:application/xml
2026-06-14T14:47:43.065 [Information] Request [4f19733e-533e-4dd0-a723-4ff608040ebc] PUT https://insytprodstorage.blob.core.windows.net/azure-webjobs-hosts/locks/insyt-apc-worker-prod-v2/host?comp=lease
x-ms-lease-action:renew
x-ms-lease-id:efd72d50-4497-c861-fc81-eaea63d24d48
x-ms-version:2024-11-04
Accept:application/xml
x-ms-client-request-id:4f19733e-533e-4dd0-a723-4ff608040ebc
x-ms-return-client-request-id:true
User-Agent:azsdk-net-Storage.Blobs/12.22.1 (.NET 8.0.26; Debian GNU/Linux 12 (bookworm))
x-ms-date:Sun, 14 Jun 2026 14:47:43 GMT
Authorization:REDACTED
client assembly: Azure.Storage.Blobs
2026-06-14T14:47:43.097 [Information] Response [4f19733e-533e-4dd0-a723-4ff608040ebc] 200 OK (00.0s)
ETag:"0x8DECA2268E017D6"
Server:Windows-Azure-Blob/1.0 Microsoft-HTTPAPI/2.0
x-ms-request-id:435a2e8d-201e-0042-6a0c-fcb40c000000
x-ms-client-request-id:4f19733e-533e-4dd0-a723-4ff608040ebc
x-ms-version:2024-11-04
x-ms-lease-id:efd72d50-4497-c861-fc81-eaea63d24d48
Date:Sun, 14 Jun 2026 14:47:42 GMT
Content-Length:0
Last-Modified:Sun, 14 Jun 2026 14:37:07 GMT
2026-06-14T14:47:43.386 [Information] Executing StatusCodeResult, setting HTTP status code 200
2026-06-14T14:47:53.425 [Information] Executing StatusCodeResult, setting HTTP status code 200
2026-06-14T14:47:54.570 [Information] Request [cc2cb3f8-e2e0-4d7a-8d40-a965e4a271f2] GET https://insytprodstorage.queue.core.windows.net/apc-processing-jobs/messages?numofmessages=16&visibilitytimeout=600
x-ms-version:2025-11-05
Accept:application/xml
x-ms-client-request-id:cc2cb3f8-e2e0-4d7a-8d40-a965e4a271f2
x-ms-return-client-request-id:true
User-Agent:azsdk-net-Storage.Queues/12.24.0 (.NET 8.0.26; Debian GNU/Linux 12 (bookworm))
x-ms-date:Sun, 14 Jun 2026 14:47:54 GMT
Authorization:REDACTED
client assembly: Azure.Storage.Queues
2026-06-14T14:47:54.740 [Information] Response [cc2cb3f8-e2e0-4d7a-8d40-a965e4a271f2] 200 OK (00.2s)
Cache-Control:no-cache
Transfer-Encoding:chunked
Server:Windows-Azure-Queue/1.0 Microsoft-HTTPAPI/2.0
x-ms-request-id:06dbeeb3-2003-0042-3c0c-fcb40c000000
x-ms-client-request-id:cc2cb3f8-e2e0-4d7a-8d40-a965e4a271f2
x-ms-version:2025-11-05
Date:Sun, 14 Jun 2026 14:47:54 GMT
Content-Type:application/xml
2026-06-14T14:47:55.065 [Information] Request [1571ddbb-c8c3-4af9-94b1-a3487e20f908] PUT https://insytprodstorage.blob.core.windows.net/azure-webjobs-hosts/locks/insyt-apc-worker-prod-v2/host?comp=lease
x-ms-lease-action:renew
x-ms-lease-id:efd72d50-4497-c861-fc81-eaea63d24d48
x-ms-version:2024-11-04
Accept:application/xml
x-ms-client-request-id:1571ddbb-c8c3-4af9-94b1-a3487e20f908
x-ms-return-client-request-id:true
User-Agent:azsdk-net-Storage.Blobs/12.22.1 (.NET 8.0.26; Debian GNU/Linux 12 (bookworm))
x-ms-date:Sun, 14 Jun 2026 14:47:55 GMT
Authorization:REDACTED
client assembly: Azure.Storage.Blobs
2026-06-14T14:47:55.098 [Information] Response [1571ddbb-c8c3-4af9-94b1-a3487e20f908] 200 OK (00.0s)
ETag:"0x8DECA2268E017D6"
Server:Windows-Azure-Blob/1.0 Microsoft-HTTPAPI/2.0
x-ms-request-id:435a6769-201e-0042-040c-fcb40c000000
x-ms-client-request-id:1571ddbb-c8c3-4af9-94b1-a3487e20f908
x-ms-version:2024-11-04
x-ms-lease-id:efd72d50-4497-c861-fc81-eaea63d24d48
Date:Sun, 14 Jun 2026 14:47:54 GMT
Content-Length:0
Last-Modified:Sun, 14 Jun 2026 14:37:07 GMT
2026-06-14T14:48:03.473 [Information] Executing StatusCodeResult, setting HTTP status code 200
2026-06-14T14:48:07.062 [Information] Request [b9a9ca94-0759-481b-9da6-fa2295afb2c7] PUT https://insytprodstorage.blob.core.windows.net/azure-webjobs-hosts/locks/insyt-apc-worker-prod-v2/host?comp=lease
x-ms-lease-action:renew
x-ms-lease-id:efd72d50-4497-c861-fc81-eaea63d24d48
x-ms-version:2024-11-04
Accept:application/xml
x-ms-client-request-id:b9a9ca94-0759-481b-9da6-fa2295afb2c7
x-ms-return-client-request-id:true
User-Agent:azsdk-net-Storage.Blobs/12.22.1 (.NET 8.0.26; Debian GNU/Linux 12 (bookworm))
x-ms-date:Sun, 14 Jun 2026 14:48:07 GMT
Authorization:REDACTED
client assembly: Azure.Storage.Blobs
2026-06-14T14:48:07.095 [Information] Response [b9a9ca94-0759-481b-9da6-fa2295afb2c7] 200 OK (00.0s)
ETag:"0x8DECA2268E017D6"
Server:Windows-Azure-Blob/1.0 Microsoft-HTTPAPI/2.0
x-ms-request-id:435a9ab0-201e-0042-5a0c-fcb40c000000
x-ms-client-request-id:b9a9ca94-0759-481b-9da6-fa2295afb2c7
x-ms-version:2024-11-04
x-ms-lease-id:efd72d50-4497-c861-fc81-eaea63d24d48
Date:Sun, 14 Jun 2026 14:48:06 GMT
Content-Length:0
Last-Modified:Sun, 14 Jun 2026 14:37:07 GMT
2026-06-14T14:48:08.915 [Information] Request [81d4a773-5900-4a36-98e8-bdd8cd43d1f0] GET https://insytprodstorage.blob.core.windows.net/?comp=list&maxresults=1
x-ms-version:2024-11-04
Accept:application/xml
x-ms-client-request-id:81d4a773-5900-4a36-98e8-bdd8cd43d1f0
x-ms-return-client-request-id:true
User-Agent:azsdk-net-Storage.Blobs/12.22.1 (.NET 8.0.26; Debian GNU/Linux 12 (bookworm))
x-ms-date:Sun, 14 Jun 2026 14:48:08 GMT
Authorization:REDACTED
client assembly: Azure.Storage.Blobs
2026-06-14T14:48:08.947 [Information] Response [81d4a773-5900-4a36-98e8-bdd8cd43d1f0] 200 OK (00.0s)
Transfer-Encoding:chunked
Server:Windows-Azure-Blob/1.0 Microsoft-HTTPAPI/2.0
x-ms-request-id:435aa340-201e-0042-450c-fcb40c000000
x-ms-client-request-id:81d4a773-5900-4a36-98e8-bdd8cd43d1f0
x-ms-version:2024-11-04
Date:Sun, 14 Jun 2026 14:48:08 GMT
Content-Type:application/xml
2026-06-14T14:48:13.518 [Information] Executing StatusCodeResult, setting HTTP status code 200
2026-06-14T14:48:19.063 [Information] Request [13c87147-5917-42e9-8dc4-ca14d1063126] PUT https://insytprodstorage.blob.core.windows.net/azure-webjobs-hosts/locks/insyt-apc-worker-prod-v2/host?comp=lease
x-ms-lease-action:renew
x-ms-lease-id:efd72d50-4497-c861-fc81-eaea63d24d48
x-ms-version:2024-11-04
Accept:application/xml
x-ms-client-request-id:13c87147-5917-42e9-8dc4-ca14d1063126
x-ms-return-client-request-id:true
User-Agent:azsdk-net-Storage.Blobs/12.22.1 (.NET 8.0.26; Debian GNU/Linux 12 (bookworm))
x-ms-date:Sun, 14 Jun 2026 14:48:19 GMT
Authorization:REDACTED
client assembly: Azure.Storage.Blobs
2026-06-14T14:48:19.096 [Information] Response [13c87147-5917-42e9-8dc4-ca14d1063126] 200 OK (00.0s)
ETag:"0x8DECA2268E017D6"
Server:Windows-Azure-Blob/1.0 Microsoft-HTTPAPI/2.0
x-ms-request-id:435abebc-201e-0042-320c-fcb40c000000
x-ms-client-request-id:13c87147-5917-42e9-8dc4-ca14d1063126
x-ms-version:2024-11-04
x-ms-lease-id:efd72d50-4497-c861-fc81-eaea63d24d48
Date:Sun, 14 Jun 2026 14:48:18 GMT
Content-Length:0
Last-Modified:Sun, 14 Jun 2026 14:37:07 GMT
2026-06-14T14:48:23.562 [Information] Executing StatusCodeResult, setting HTTP status code 200
2026-06-14T14:48:31.063 [Information] Request [28030ae2-085b-45dd-b787-087718024b05] PUT https://insytprodstorage.blob.core.windows.net/azure-webjobs-hosts/locks/insyt-apc-worker-prod-v2/host?comp=lease
x-ms-lease-action:renew
x-ms-lease-id:efd72d50-4497-c861-fc81-eaea63d24d48
x-ms-version:2024-11-04
Accept:application/xml
x-ms-client-request-id:28030ae2-085b-45dd-b787-087718024b05
x-ms-return-client-request-id:true
User-Agent:azsdk-net-Storage.Blobs/12.22.1 (.NET 8.0.26; Debian GNU/Linux 12 (bookworm))
x-ms-date:Sun, 14 Jun 2026 14:48:31 GMT
Authorization:REDACTED
client assembly: Azure.Storage.Blobs
2026-06-14T14:48:31.095 [Information] Response [28030ae2-085b-45dd-b787-087718024b05] 200 OK (00.0s)
ETag:"0x8DECA2268E017D6"
Server:Windows-Azure-Blob/1.0 Microsoft-HTTPAPI/2.0
x-ms-request-id:435adb00-201e-0042-100c-fcb40c000000
x-ms-client-request-id:28030ae2-085b-45dd-b787-087718024b05
x-ms-version:2024-11-04
x-ms-lease-id:efd72d50-4497-c861-fc81-eaea63d24d48
Date:Sun, 14 Jun 2026 14:48:30 GMT
Content-Length:0
Last-Modified:Sun, 14 Jun 2026 14:37:07 GMT
2026-06-14T14:48:33.619 [Information] Executing StatusCodeResult, setting HTTP status code 200
2026-06-14T14:48:38.949 [Information] Request [9b5db907-46cc-494c-a919-20cf61ca1b82] GET https://insytprodstorage.blob.core.windows.net/?comp=list&maxresults=1
x-ms-version:2024-11-04
Accept:application/xml
x-ms-client-request-id:9b5db907-46cc-494c-a919-20cf61ca1b82
x-ms-return-client-request-id:true
User-Agent:azsdk-net-Storage.Blobs/12.22.1 (.NET 8.0.26; Debian GNU/Linux 12 (bookworm))
x-ms-date:Sun, 14 Jun 2026 14:48:38 GMT
Authorization:REDACTED
client assembly: Azure.Storage.Blobs
2026-06-14T14:48:38.981 [Information] Response [9b5db907-46cc-494c-a919-20cf61ca1b82] 200 OK (00.0s)
Transfer-Encoding:chunked
Server:Windows-Azure-Blob/1.0 Microsoft-HTTPAPI/2.0
x-ms-request-id:435aeea8-201e-0042-0c0c-fcb40c000000
x-ms-client-request-id:9b5db907-46cc-494c-a919-20cf61ca1b82
x-ms-version:2024-11-04
Date:Sun, 14 Jun 2026 14:48:38 GMT
Content-Type:application/xml
2026-06-14T14:48:43.061 [Information] Request [e65550d3-bfba-4aa3-bf3c-24224dce48d0] PUT https://insytprodstorage.blob.core.windows.net/azure-webjobs-hosts/locks/insyt-apc-worker-prod-v2/host?comp=lease
x-ms-lease-action:renew
x-ms-lease-id:efd72d50-4497-c861-fc81-eaea63d24d48
x-ms-version:2024-11-04
Accept:application/xml
x-ms-client-request-id:e65550d3-bfba-4aa3-bf3c-24224dce48d0
x-ms-return-client-request-id:true
User-Agent:azsdk-net-Storage.Blobs/12.22.1 (.NET 8.0.26; Debian GNU/Linux 12 (bookworm))
x-ms-date:Sun, 14 Jun 2026 14:48:43 GMT
Authorization:REDACTED
client assembly: Azure.Storage.Blobs
2026-06-14T14:48:43.094 [Information] Response [e65550d3-bfba-4aa3-bf3c-24224dce48d0] 200 OK (00.0s)
ETag:"0x8DECA2268E017D6"
Server:Windows-Azure-Blob/1.0 Microsoft-HTTPAPI/2.0
x-ms-request-id:435af93a-201e-0042-110c-fcb40c000000
x-ms-client-request-id:e65550d3-bfba-4aa3-bf3c-24224dce48d0
x-ms-version:2024-11-04
x-ms-lease-id:efd72d50-4497-c861-fc81-eaea63d24d48
Date:Sun, 14 Jun 2026 14:48:42 GMT
Content-Length:0
Last-Modified:Sun, 14 Jun 2026 14:37:07 GMT
2026-06-14T14:48:43.666 [Information] Executing StatusCodeResult, setting HTTP status code 200
2026-06-14T14:48:53.711 [Information] Executing StatusCodeResult, setting HTTP status code 200
2026-06-14T14:48:54.742 [Information] Request [e8afd0c1-6b2f-453e-8876-3648a114d9d3] GET https://insytprodstorage.queue.core.windows.net/apc-processing-jobs/messages?numofmessages=16&visibilitytimeout=600
x-ms-version:2025-11-05
Accept:application/xml
x-ms-client-request-id:e8afd0c1-6b2f-453e-8876-3648a114d9d3
x-ms-return-client-request-id:true
User-Agent:azsdk-net-Storage.Queues/12.24.0 (.NET 8.0.26; Debian GNU/Linux 12 (bookworm))
x-ms-date:Sun, 14 Jun 2026 14:48:54 GMT
Authorization:REDACTED
client assembly: Azure.Storage.Queues
2026-06-14T14:48:54.777 [Information] Response [e8afd0c1-6b2f-453e-8876-3648a114d9d3] 200 OK (00.0s)
Cache-Control:no-cache
Transfer-Encoding:chunked
Server:Windows-Azure-Queue/1.0 Microsoft-HTTPAPI/2.0
x-ms-request-id:06dc381a-2003-0042-600c-fcb40c000000
x-ms-client-request-id:e8afd0c1-6b2f-453e-8876-3648a114d9d3
x-ms-version:2025-11-05
Date:Sun, 14 Jun 2026 14:48:54 GMT
Content-Type:application/xml
2026-06-14T14:48:55.061 [Information] Request [2bd62beb-f151-4966-92e1-e19378624933] PUT https://insytprodstorage.blob.core.windows.net/azure-webjobs-hosts/locks/insyt-apc-worker-prod-v2/host?comp=lease
x-ms-lease-action:renew
x-ms-lease-id:efd72d50-4497-c861-fc81-eaea63d24d48
x-ms-version:2024-11-04
Accept:application/xml
x-ms-client-request-id:2bd62beb-f151-4966-92e1-e19378624933
x-ms-return-client-request-id:true
User-Agent:azsdk-net-Storage.Blobs/12.22.1 (.NET 8.0.26; Debian GNU/Linux 12 (bookworm))
x-ms-date:Sun, 14 Jun 2026 14:48:55 GMT
Authorization:REDACTED
client assembly: Azure.Storage.Blobs
2026-06-14T14:48:55.093 [Information] Response [2bd62beb-f151-4966-92e1-e19378624933] 200 OK (00.0s)
ETag:"0x8DECA2268E017D6"
Server:Windows-Azure-Blob/1.0 Microsoft-HTTPAPI/2.0
x-ms-request-id:435b1466-201e-0042-700c-fcb40c000000
x-ms-client-request-id:2bd62beb-f151-4966-92e1-e19378624933
x-ms-version:2024-11-04
x-ms-lease-id:efd72d50-4497-c861-fc81-eaea63d24d48
Date:Sun, 14 Jun 2026 14:48:54 GMT
Content-Length:0
Last-Modified:Sun, 14 Jun 2026 14:37:07 GMT
2026-06-14T14:49:03.762 [Information] Executing StatusCodeResult, setting HTTP status code 200
2026-06-14T14:49:07.061 [Information] Request [96a1db52-7304-443b-962e-f9f49d1e445c] PUT https://insytprodstorage.blob.core.windows.net/azure-webjobs-hosts/locks/insyt-apc-worker-prod-v2/host?comp=lease
x-ms-lease-action:renew
x-ms-lease-id:efd72d50-4497-c861-fc81-eaea63d24d48
x-ms-version:2024-11-04
Accept:application/xml
x-ms-client-request-id:96a1db52-7304-443b-962e-f9f49d1e445c
x-ms-return-client-request-id:true
User-Agent:azsdk-net-Storage.Blobs/12.22.1 (.NET 8.0.26; Debian GNU/Linux 12 (bookworm))
x-ms-date:Sun, 14 Jun 2026 14:49:07 GMT
Authorization:REDACTED
client assembly: Azure.Storage.Blobs
2026-06-14T14:49:07.094 [Information] Response [96a1db52-7304-443b-962e-f9f49d1e445c] 200 OK (00.0s)
ETag:"0x8DECA2268E017D6"
Server:Windows-Azure-Blob/1.0 Microsoft-HTTPAPI/2.0
x-ms-request-id:435b2e65-201e-0042-300c-fcb40c000000
x-ms-client-request-id:96a1db52-7304-443b-962e-f9f49d1e445c
x-ms-version:2024-11-04
x-ms-lease-id:efd72d50-4497-c861-fc81-eaea63d24d48
Date:Sun, 14 Jun 2026 14:49:06 GMT
Content-Length:0
Last-Modified:Sun, 14 Jun 2026 14:37:07 GMT
2026-06-14T14:49:08.983 [Information] Request [0e625c7c-ec2c-43f0-a373-c964ca253332] GET https://insytprodstorage.blob.core.windows.net/?comp=list&maxresults=1
x-ms-version:2024-11-04
Accept:application/xml
x-ms-client-request-id:0e625c7c-ec2c-43f0-a373-c964ca253332
x-ms-return-client-request-id:true
User-Agent:azsdk-net-Storage.Blobs/12.22.1 (.NET 8.0.26; Debian GNU/Linux 12 (bookworm))
x-ms-date:Sun, 14 Jun 2026 14:49:08 GMT
Authorization:REDACTED
client assembly: Azure.Storage.Blobs
2026-06-14T14:49:09.016 [Information] Response [0e625c7c-ec2c-43f0-a373-c964ca253332] 200 OK (00.0s)
Transfer-Encoding:chunked
Server:Windows-Azure-Blob/1.0 Microsoft-HTTPAPI/2.0
x-ms-request-id:435b326e-201e-0042-420c-fcb40c000000
x-ms-client-request-id:0e625c7c-ec2c-43f0-a373-c964ca253332
x-ms-version:2024-11-04
Date:Sun, 14 Jun 2026 14:49:08 GMT
Content-Type:application/xml
2026-06-14T14:49:13.810 [Information] Executing StatusCodeResult, setting HTTP status code 200
2026-06-14T14:49:19.061 [Information] Request [4aaa15d5-5980-40f8-a064-55a35eefd735] PUT https://insytprodstorage.blob.core.windows.net/azure-webjobs-hosts/locks/insyt-apc-worker-prod-v2/host?comp=lease
x-ms-lease-action:renew
x-ms-lease-id:efd72d50-4497-c861-fc81-eaea63d24d48
x-ms-version:2024-11-04
Accept:application/xml
x-ms-client-request-id:4aaa15d5-5980-40f8-a064-55a35eefd735
x-ms-return-client-request-id:true
User-Agent:azsdk-net-Storage.Blobs/12.22.1 (.NET 8.0.26; Debian GNU/Linux 12 (bookworm))
x-ms-date:Sun, 14 Jun 2026 14:49:19 GMT
Authorization:REDACTED
client assembly: Azure.Storage.Blobs
2026-06-14T14:49:19.094 [Information] Response [4aaa15d5-5980-40f8-a064-55a35eefd735] 200 OK (00.0s)
ETag:"0x8DECA2268E017D6"
Server:Windows-Azure-Blob/1.0 Microsoft-HTTPAPI/2.0
x-ms-request-id:435b4455-201e-0042-670c-fcb40c000000
x-ms-client-request-id:4aaa15d5-5980-40f8-a064-55a35eefd735
x-ms-version:2024-11-04
x-ms-lease-id:efd72d50-4497-c861-fc81-eaea63d24d48
Date:Sun, 14 Jun 2026 14:49:18 GMT
Content-Length:0
Last-Modified:Sun, 14 Jun 2026 14:37:07 GMT
2026-06-14T14:49:23.855 [Information] Executing StatusCodeResult, setting HTTP status code 200
2026-06-14T14:49:31.065 [Information] Request [022c2162-25ca-4c4e-9bc4-ce962c601e50] PUT https://insytprodstorage.blob.core.windows.net/azure-webjobs-hosts/locks/insyt-apc-worker-prod-v2/host?comp=lease
x-ms-lease-action:renew
x-ms-lease-id:efd72d50-4497-c861-fc81-eaea63d24d48
x-ms-version:2024-11-04
Accept:application/xml
x-ms-client-request-id:022c2162-25ca-4c4e-9bc4-ce962c601e50
x-ms-return-client-request-id:true
User-Agent:azsdk-net-Storage.Blobs/12.22.1 (.NET 8.0.26; Debian GNU/Linux 12 (bookworm))
x-ms-date:Sun, 14 Jun 2026 14:49:31 GMT
Authorization:REDACTED
client assembly: Azure.Storage.Blobs
2026-06-14T14:49:31.098 [Information] Response [022c2162-25ca-4c4e-9bc4-ce962c601e50] 200 OK (00.0s)
ETag:"0x8DECA2268E017D6"
Server:Windows-Azure-Blob/1.0 Microsoft-HTTPAPI/2.0
x-ms-request-id:435b589d-201e-0042-680d-fcb40c000000
x-ms-client-request-id:022c2162-25ca-4c4e-9bc4-ce962c601e50
x-ms-version:2024-11-04
x-ms-lease-id:efd72d50-4497-c861-fc81-eaea63d24d48
Date:Sun, 14 Jun 2026 14:49:30 GMT
Content-Length:0
Last-Modified:Sun, 14 Jun 2026 14:37:07 GMT
2026-06-14T14:49:33.896 [Information] Executing StatusCodeResult, setting HTTP status code 200
2026-06-14T14:49:39.019 [Information] Request [3defe63e-a347-4025-8c8d-26889ab73c8e] GET https://insytprodstorage.blob.core.windows.net/?comp=list&maxresults=1
x-ms-version:2024-11-04
Accept:application/xml
x-ms-client-request-id:3defe63e-a347-4025-8c8d-26889ab73c8e
x-ms-return-client-request-id:true
User-Agent:azsdk-net-Storage.Blobs/12.22.1 (.NET 8.0.26; Debian GNU/Linux 12 (bookworm))
x-ms-date:Sun, 14 Jun 2026 14:49:39 GMT
Authorization:REDACTED
client assembly: Azure.Storage.Blobs
2026-06-14T14:49:39.052 [Information] Response [3defe63e-a347-4025-8c8d-26889ab73c8e] 200 OK (00.0s)
Transfer-Encoding:chunked
Server:Windows-Azure-Blob/1.0 Microsoft-HTTPAPI/2.0
x-ms-request-id:435b67ad-201e-0042-3d0d-fcb40c000000
x-ms-client-request-id:3defe63e-a347-4025-8c8d-26889ab73c8e
x-ms-version:2024-11-04
Date:Sun, 14 Jun 2026 14:49:38 GMT
Content-Type:application/xml
2026-06-14T14:49:43.065 [Information] Request [f4630447-47e3-4a5e-90c6-5fc875f632d3] PUT https://insytprodstorage.blob.core.windows.net/azure-webjobs-hosts/locks/insyt-apc-worker-prod-v2/host?comp=lease
x-ms-lease-action:renew
x-ms-lease-id:efd72d50-4497-c861-fc81-eaea63d24d48
x-ms-version:2024-11-04
Accept:application/xml
x-ms-client-request-id:f4630447-47e3-4a5e-90c6-5fc875f632d3
x-ms-return-client-request-id:true
User-Agent:azsdk-net-Storage.Blobs/12.22.1 (.NET 8.0.26; Debian GNU/Linux 12 (bookworm))
x-ms-date:Sun, 14 Jun 2026 14:49:43 GMT
Authorization:REDACTED
client assembly: Azure.Storage.Blobs
2026-06-14T14:49:43.098 [Information] Response [f4630447-47e3-4a5e-90c6-5fc875f632d3] 200 OK (00.0s)
ETag:"0x8DECA2268E017D6"
Server:Windows-Azure-Blob/1.0 Microsoft-HTTPAPI/2.0
x-ms-request-id:435b6f2d-201e-0042-220d-fcb40c000000
x-ms-client-request-id:f4630447-47e3-4a5e-90c6-5fc875f632d3
x-ms-version:2024-11-04
x-ms-lease-id:efd72d50-4497-c861-fc81-eaea63d24d48
Date:Sun, 14 Jun 2026 14:49:42 GMT
Content-Length:0
Last-Modified:Sun, 14 Jun 2026 14:37:07 GMT
2026-06-14T14:49:43.941 [Information] Executing StatusCodeResult, setting HTTP status code 200
2026-06-14T14:49:54.033 [Information] Executing StatusCodeResult, setting HTTP status code 200
2026-06-14T14:49:54.782 [Information] Request [990405e8-05e9-4e8f-b78e-ab4e3cfc2e27] GET https://insytprodstorage.queue.core.windows.net/apc-processing-jobs/messages?numofmessages=16&visibilitytimeout=600
x-ms-version:2025-11-05
Accept:application/xml
x-ms-client-request-id:990405e8-05e9-4e8f-b78e-ab4e3cfc2e27
x-ms-return-client-request-id:true
User-Agent:azsdk-net-Storage.Queues/12.24.0 (.NET 8.0.26; Debian GNU/Linux 12 (bookworm))
x-ms-date:Sun, 14 Jun 2026 14:49:54 GMT
Authorization:REDACTED
client assembly: Azure.Storage.Queues
2026-06-14T14:49:54.816 [Information] Response [990405e8-05e9-4e8f-b78e-ab4e3cfc2e27] 200 OK (00.0s)
Cache-Control:no-cache
Transfer-Encoding:chunked
Server:Windows-Azure-Queue/1.0 Microsoft-HTTPAPI/2.0
x-ms-request-id:06dc7388-2003-0042-100d-fcb40c000000
x-ms-client-request-id:990405e8-05e9-4e8f-b78e-ab4e3cfc2e27
x-ms-version:2025-11-05
Date:Sun, 14 Jun 2026 14:49:54 GMT
Content-Type:application/xml
2026-06-14T14:49:55.062 [Information] Request [8b81dcba-6a95-4d14-9947-3ff5cf024552] PUT https://insytprodstorage.blob.core.windows.net/azure-webjobs-hosts/locks/insyt-apc-worker-prod-v2/host?comp=lease
x-ms-lease-action:renew
x-ms-lease-id:efd72d50-4497-c861-fc81-eaea63d24d48
x-ms-version:2024-11-04
Accept:application/xml
x-ms-client-request-id:8b81dcba-6a95-4d14-9947-3ff5cf024552
x-ms-return-client-request-id:true
User-Agent:azsdk-net-Storage.Blobs/12.22.1 (.NET 8.0.26; Debian GNU/Linux 12 (bookworm))
x-ms-date:Sun, 14 Jun 2026 14:49:55 GMT
Authorization:REDACTED
client assembly: Azure.Storage.Blobs
2026-06-14T14:49:55.094 [Information] Response [8b81dcba-6a95-4d14-9947-3ff5cf024552] 200 OK (00.0s)
ETag:"0x8DECA2268E017D6"
Server:Windows-Azure-Blob/1.0 Microsoft-HTTPAPI/2.0
x-ms-request-id:435b86a8-201e-0042-6f0d-fcb40c000000
x-ms-client-request-id:8b81dcba-6a95-4d14-9947-3ff5cf024552
x-ms-version:2024-11-04
x-ms-lease-id:efd72d50-4497-c861-fc81-eaea63d24d48
Date:Sun, 14 Jun 2026 14:49:54 GMT
Content-Length:0
Last-Modified:Sun, 14 Jun 2026 14:37:07 GMT
2026-06-14T14:50:04.080 [Information] Executing StatusCodeResult, setting HTTP status code 200
2026-06-14T14:50:07.062 [Information] Request [2185b590-e128-42ef-b8a5-bd6ad57e0251] PUT https://insytprodstorage.blob.core.windows.net/azure-webjobs-hosts/locks/insyt-apc-worker-prod-v2/host?comp=lease
x-ms-lease-action:renew
x-ms-lease-id:efd72d50-4497-c861-fc81-eaea63d24d48
x-ms-version:2024-11-04
Accept:application/xml
x-ms-client-request-id:2185b590-e128-42ef-b8a5-bd6ad57e0251
x-ms-return-client-request-id:true
User-Agent:azsdk-net-Storage.Blobs/12.22.1 (.NET 8.0.26; Debian GNU/Linux 12 (bookworm))
x-ms-date:Sun, 14 Jun 2026 14:50:07 GMT
Authorization:REDACTED
client assembly: Azure.Storage.Blobs
2026-06-14T14:50:07.095 [Information] Response [2185b590-e128-42ef-b8a5-bd6ad57e0251] 200 OK (00.0s)
ETag:"0x8DECA2268E017D6"
Server:Windows-Azure-Blob/1.0 Microsoft-HTTPAPI/2.0
x-ms-request-id:435ba4b8-201e-0042-090d-fcb40c000000
x-ms-client-request-id:2185b590-e128-42ef-b8a5-bd6ad57e0251
x-ms-version:2024-11-04
x-ms-lease-id:efd72d50-4497-c861-fc81-eaea63d24d48
Date:Sun, 14 Jun 2026 14:50:06 GMT
Content-Length:0
Last-Modified:Sun, 14 Jun 2026 14:37:07 GMT
2026-06-14T14:50:09.055 [Information] Request [d703a030-1098-490a-aa5e-a1b21bf42d35] GET https://insytprodstorage.blob.core.windows.net/?comp=list&maxresults=1
x-ms-version:2024-11-04
Accept:application/xml
x-ms-client-request-id:d703a030-1098-490a-aa5e-a1b21bf42d35
x-ms-return-client-request-id:true
User-Agent:azsdk-net-Storage.Blobs/12.22.1 (.NET 8.0.26; Debian GNU/Linux 12 (bookworm))
x-ms-date:Sun, 14 Jun 2026 14:50:09 GMT
Authorization:REDACTED
client assembly: Azure.Storage.Blobs
2026-06-14T14:50:09.087 [Information] Response [d703a030-1098-490a-aa5e-a1b21bf42d35] 200 OK (00.0s)
Transfer-Encoding:chunked
Server:Windows-Azure-Blob/1.0 Microsoft-HTTPAPI/2.0
x-ms-request-id:435ba8ff-201e-0042-540d-fcb40c000000
x-ms-client-request-id:d703a030-1098-490a-aa5e-a1b21bf42d35
x-ms-version:2024-11-04
Date:Sun, 14 Jun 2026 14:50:08 GMT
Content-Type:application/xml
2026-06-14T14:50:14.122 [Information] Executing StatusCodeResult, setting HTTP status code 200
2026-06-14T14:50:19.063 [Information] Request [8e2934a7-07b3-40c7-a08a-7f198e39474a] PUT https://insytprodstorage.blob.core.windows.net/azure-webjobs-hosts/locks/insyt-apc-worker-prod-v2/host?comp=lease
x-ms-lease-action:renew
x-ms-lease-id:efd72d50-4497-c861-fc81-eaea63d24d48
x-ms-version:2024-11-04
Accept:application/xml
x-ms-client-request-id:8e2934a7-07b3-40c7-a08a-7f198e39474a
x-ms-return-client-request-id:true
User-Agent:azsdk-net-Storage.Blobs/12.22.1 (.NET 8.0.26; Debian GNU/Linux 12 (bookworm))
x-ms-date:Sun, 14 Jun 2026 14:50:19 GMT
Authorization:REDACTED
client assembly: Azure.Storage.Blobs
2026-06-14T14:50:19.096 [Information] Response [8e2934a7-07b3-40c7-a08a-7f198e39474a] 200 OK (00.0s)
ETag:"0x8DECA2268E017D6"
Server:Windows-Azure-Blob/1.0 Microsoft-HTTPAPI/2.0
x-ms-request-id:435bc1df-201e-0042-6b0d-fcb40c000000
x-ms-client-request-id:8e2934a7-07b3-40c7-a08a-7f198e39474a
x-ms-version:2024-11-04
x-ms-lease-id:efd72d50-4497-c861-fc81-eaea63d24d48
Date:Sun, 14 Jun 2026 14:50:18 GMT
Content-Length:0
Last-Modified:Sun, 14 Jun 2026 14:37:07 GMT
2026-06-14T14:50:24.159 [Information] Executing StatusCodeResult, setting HTTP status code 200
2026-06-14T14:50:31.062 [Information] Request [1e26bfe0-8390-4745-b455-6686ad61b8fa] PUT https://insytprodstorage.blob.core.windows.net/azure-webjobs-hosts/locks/insyt-apc-worker-prod-v2/host?comp=lease
x-ms-lease-action:renew
x-ms-lease-id:efd72d50-4497-c861-fc81-eaea63d24d48
x-ms-version:2024-11-04
Accept:application/xml
x-ms-client-request-id:1e26bfe0-8390-4745-b455-6686ad61b8fa
x-ms-return-client-request-id:true
User-Agent:azsdk-net-Storage.Blobs/12.22.1 (.NET 8.0.26; Debian GNU/Linux 12 (bookworm))
x-ms-date:Sun, 14 Jun 2026 14:50:31 GMT
Authorization:REDACTED
client assembly: Azure.Storage.Blobs
2026-06-14T14:50:31.095 [Information] Response [1e26bfe0-8390-4745-b455-6686ad61b8fa] 200 OK (00.0s)
ETag:"0x8DECA2268E017D6"
Server:Windows-Azure-Blob/1.0 Microsoft-HTTPAPI/2.0
x-ms-request-id:435bda77-201e-0042-6d0d-fcb40c000000
x-ms-client-request-id:1e26bfe0-8390-4745-b455-6686ad61b8fa
x-ms-version:2024-11-04
x-ms-lease-id:efd72d50-4497-c861-fc81-eaea63d24d48
Date:Sun, 14 Jun 2026 14:50:30 GMT
Content-Length:0
Last-Modified:Sun, 14 Jun 2026 14:37:07 GMT
2026-06-14T14:50:34.203 [Information] Executing StatusCodeResult, setting HTTP status code 200
2026-06-14T14:50:39.085 [Information] Request [668fd2da-9747-4320-80d5-999f2b96f6b5] GET https://insytprodstorage.blob.core.windows.net/?comp=list&maxresults=1
x-ms-version:2024-11-04
Accept:application/xml
x-ms-client-request-id:668fd2da-9747-4320-80d5-999f2b96f6b5
x-ms-return-client-request-id:true
User-Agent:azsdk-net-Storage.Blobs/12.22.1 (.NET 8.0.26; Debian GNU/Linux 12 (bookworm))
x-ms-date:Sun, 14 Jun 2026 14:50:39 GMT
Authorization:REDACTED
client assembly: Azure.Storage.Blobs
2026-06-14T14:50:39.117 [Information] Response [668fd2da-9747-4320-80d5-999f2b96f6b5] 200 OK (00.0s)
Transfer-Encoding:chunked
Server:Windows-Azure-Blob/1.0 Microsoft-HTTPAPI/2.0
x-ms-request-id:435beb78-201e-0042-1c0d-fcb40c000000
x-ms-client-request-id:668fd2da-9747-4320-80d5-999f2b96f6b5
x-ms-version:2024-11-04
Date:Sun, 14 Jun 2026 14:50:38 GMT
Content-Type:application/xml
2026-06-14T14:50:43.064 [Information] Request [ccb5b08d-6743-473b-a709-39451ddc33e1] PUT https://insytprodstorage.blob.core.windows.net/azure-webjobs-hosts/locks/insyt-apc-worker-prod-v2/host?comp=lease
x-ms-lease-action:renew
x-ms-lease-id:efd72d50-4497-c861-fc81-eaea63d24d48
x-ms-version:2024-11-04
Accept:application/xml
x-ms-client-request-id:ccb5b08d-6743-473b-a709-39451ddc33e1
x-ms-return-client-request-id:true
User-Agent:azsdk-net-Storage.Blobs/12.22.1 (.NET 8.0.26; Debian GNU/Linux 12 (bookworm))
x-ms-date:Sun, 14 Jun 2026 14:50:43 GMT
Authorization:REDACTED
client assembly: Azure.Storage.Blobs
2026-06-14T14:50:43.096 [Information] Response [ccb5b08d-6743-473b-a709-39451ddc33e1] 200 OK (00.0s)
ETag:"0x8DECA2268E017D6"
Server:Windows-Azure-Blob/1.0 Microsoft-HTTPAPI/2.0
x-ms-request-id:435bf2ce-201e-0042-7f0d-fcb40c000000
x-ms-client-request-id:ccb5b08d-6743-473b-a709-39451ddc33e1
x-ms-version:2024-11-04
x-ms-lease-id:efd72d50-4497-c861-fc81-eaea63d24d48
Date:Sun, 14 Jun 2026 14:50:42 GMT
Content-Length:0
Last-Modified:Sun, 14 Jun 2026 14:37:07 GMT
2026-06-14T14:50:44.239 [Information] Executing StatusCodeResult, setting HTTP status code 200
2026-06-14T14:50:54.280 [Information] Executing StatusCodeResult, setting HTTP status code 200
2026-06-14T14:50:54.817 [Information] Request [1058d750-f15f-498e-930e-c0553defba43] GET https://insytprodstorage.queue.core.windows.net/apc-processing-jobs/messages?numofmessages=16&visibilitytimeout=600
x-ms-version:2025-11-05
Accept:application/xml
x-ms-client-request-id:1058d750-f15f-498e-930e-c0553defba43
x-ms-return-client-request-id:true
User-Agent:azsdk-net-Storage.Queues/12.24.0 (.NET 8.0.26; Debian GNU/Linux 12 (bookworm))
x-ms-date:Sun, 14 Jun 2026 14:50:54 GMT
Authorization:REDACTED
client assembly: Azure.Storage.Queues
2026-06-14T14:50:54.851 [Information] Response [1058d750-f15f-498e-930e-c0553defba43] 200 OK (00.0s)
Cache-Control:no-cache
Transfer-Encoding:chunked
Server:Windows-Azure-Queue/1.0 Microsoft-HTTPAPI/2.0
x-ms-request-id:06dca808-2003-0042-070d-fcb40c000000
x-ms-client-request-id:1058d750-f15f-498e-930e-c0553defba43
x-ms-version:2025-11-05
Date:Sun, 14 Jun 2026 14:50:54 GMT
Content-Type:application/xml
2026-06-14T14:50:55.062 [Information] Request [8c83b8ce-721b-4d05-af55-ebab978669b2] PUT https://insytprodstorage.blob.core.windows.net/azure-webjobs-hosts/locks/insyt-apc-worker-prod-v2/host?comp=lease
x-ms-lease-action:renew
x-ms-lease-id:efd72d50-4497-c861-fc81-eaea63d24d48
x-ms-version:2024-11-04
Accept:application/xml
x-ms-client-request-id:8c83b8ce-721b-4d05-af55-ebab978669b2
x-ms-return-client-request-id:true
User-Agent:azsdk-net-Storage.Blobs/12.22.1 (.NET 8.0.26; Debian GNU/Linux 12 (bookworm))
x-ms-date:Sun, 14 Jun 2026 14:50:55 GMT
Authorization:REDACTED
client assembly: Azure.Storage.Blobs
2026-06-14T14:50:55.094 [Information] Response [8c83b8ce-721b-4d05-af55-ebab978669b2] 200 OK (00.0s)
ETag:"0x8DECA2268E017D6"
Server:Windows-Azure-Blob/1.0 Microsoft-HTTPAPI/2.0
x-ms-request-id:435c0927-201e-0042-6c0d-fcb40c000000
x-ms-client-request-id:8c83b8ce-721b-4d05-af55-ebab978669b2
x-ms-version:2024-11-04
x-ms-lease-id:efd72d50-4497-c861-fc81-eaea63d24d48
Date:Sun, 14 Jun 2026 14:50:54 GMT
Content-Length:0
Last-Modified:Sun, 14 Jun 2026 14:37:07 GMT
